duration_seconds,retries,hyperparam_dropout,hyperparam_epochs,hyperparam_learning_rate,perf_map,perf_rank1,perf_rank5,energy_cpu_pkg_joules,energy_cpu_ram_joules,energy_cpu_total_joules,energy_gpu_avg_watts,energy_gpu_max_watts,energy_gpu_min_watts,energy_gpu_total_joules,energy_gpu_temp_avg_celsius,energy_gpu_temp_max_celsius,energy_gpu_util_avg_percent,energy_gpu_util_max_percent,num_mutated_params
-0.8138124085976831,-0.08304547985373996,0.37569763339247797,-0.09810446164166527,0.29447564635638096,0.16616948010059665,0.1876396720581361,-0.09821474564672142,-0.9486695999453562,-0.8332299251500777,-0.9419900739563974,0.5973248006798596,-0.019146771117127755,-0.6418795376417159,-0.7419703293559481,-0.5906649574301089,-0.35905700534246615,0.09844868424371479,0.5736745763468933,-1.8358492486393252
-0.2064706665070277,-0.08304547985373996,0.37569763339247797,-0.09810446164166527,0.29447564635638096,0.052949610236396265,-0.2057541148788333,-0.16417650173145668,-0.6093023694556923,-0.4543640685362558,-0.5997768440166147,1.3085159917501359,-1.3824636500643066,-0.6205614274288656,0.047132398602039174,0.5957226591015954,-0.35905700534246615,-0.9465164163530834,-1.2063850151366449,-1.8358492486393252
-0.1685387836194353,-0.08304547985373996,0.37569763339247797,-0.09810446164166527,0.29447564635638096,0.7554899922519102,0.8826486123567934,0.7919358213149857,-0.4965293529574394,-0.41362914424754016,-0.49157665208333995,0.47539962261733926,1.064273447561772,-0.6396522723955972,-0.06372460328808376,0.07093387460448251,0.15488733563793072,0.8666849030268727,0.6673619232670797,-1.8358492486393252
-0.140733727901431,-0.08304547985373996,0.37569763339247797,-0.09810446164166527,0.29447564635638096,0.7553563837200894,0.8826486123567934,0.7919358213149857,0.1871254099814901,-0.265155370771287,0.1579758208681953,0.3102642715724598,1.0328243846102796,-0.7481519079565225,-0.06904422173581716,0.13070537210410882,0.15488733563793072,0.8300125679261758,0.5736745763468933,-1.8358492486393252
0.22702201519979132,-0.08304547985373996,0.37569763339247797,-0.09810446164166527,0.29447564635638096,0.052949610236396265,-0.2057541148788333,-0.16417650173145668,0.42208489834378476,-0.048030406780698566,0.3919780037572977,0.1634388374272332,-1.4606931941561432,-0.7478337272070771,0.29264975967036116,0.43932535792709176,-0.35905700534246615,-1.545140788711764,-1.674821749737576,-1.8358492486393252
-0.6333881680952544,-0.08304547985373996,0.37569763339247797,-0.09810446164166527,0.29447564635638096,0.16616948010059665,0.1876396720581361,-0.09821474564672142,-0.376638804568004,-0.6092646208916788,-0.39203081557635744,0.12058484877973595,0.00011577994066145527,-0.7506973539520868,-0.6166685618432903,-0.21801029988172546,0.15488733563793072,-0.12986336949763025,0.6673619232670797,-1.8358492486393252
-1.7259366800140974,-0.08304547985373996,-9.47954490543653e-16,-1.4257848425255435,0.0,-0.1663019904800966,-0.14021056712824626,-0.5268551134700943,-1.5221206401028273,-1.5859657470035529,-1.527542810015053,1.3044461500818385,-0.5926990566949645,-0.6342431996550233,-1.6834944305911166,0.9662104929111733,0.15488733563793072,-0.7440141283184503,-1.1126976682164587,-0.13218114590203156
-1.44274562867902,-0.08304547985373996,-9.47954490543653e-16,6.738383214630304e-16,0.1312827125545709,-0.5796867879309356,-0.677853159289886,-0.3949316013006238,-1.3228060703633897,-1.3712855066648013,-1.3270642826782963,1.3127800540189916,-0.538449423103641,-0.6038569380829751,-1.3600316799416197,0.9407053373170183,0.15488733563793072,-0.683856320606028,-1.4874470558972035,-0.13218114590203156
-1.4460847463189714,-0.08304547985373996,-1.460250256273104,6.738383214630304e-16,0.0,-0.19999806220508282,-0.25822428652822216,0.13254035392244573,-1.3248030140105918,-1.3618887637203732,-1.3283246070388206,1.2794926801327149,-0.49560007483223184,-0.6008342209632427,-1.3666266701088015,0.9274289747770071,0.15488733563793072,-0.6623898407133878,-1.2063850151366449,-0.13218114590203156
-0.7896791432409495,-0.08304547985373996,-9.47954490543653e-16,6.738383214630304e-16,0.0,-0.4375005883681768,-0.3631204630158509,-0.4608933573853591,-0.9207969488357147,-0.8419565939458225,-0.9164655091910793,-0.04603923525214835,-0.018753657830234464,-0.6105387338213313,-0.8061767577014335,-0.5419924928989,-0.35905700534246615,0.10395798470823686,0.5736745763468933,-0.13218114590203156
-1.8729064113368528,-0.08304547985373996,-9.47954490543653e-16,-2.3741279717283135,0.0,-0.9288058815763922,-0.8483370503392557,-0.889533725208732,-1.436394969590649,-1.622835530044003,-1.4496888903099958,1.3005162289312333,-0.05177517392930232,-0.7462428234598494,-1.8471887362398915,0.8941019276916078,0.15488733563793072,-0.9071794481690233,0.6673619232670797,-0.13218114590203156
-1.296672880607269,-0.08304547985373996,-9.47954490543653e-16,6.738383214630304e-16,-0.9974476980479319,0.00461004342394678,-0.1795631958652879,-0.23013825781619193,-0.9324134325297366,-1.147271342833061,-0.9471233006740292,1.01801396871338,0.6530769494710126,-0.7470382753334632,-1.2220787325826454,0.9908052887727812,0.6688316766183275,-0.8426521946516468,0.6673619232670797,-0.13218114590203156
-1.3046481212086076,-0.08304547985373996,1.1767581381396204,6.738383214630304e-16,0.0,-0.13811059026609523,-0.28445937235291663,0.09955947588007809,-0.9359015305161231,-1.1652935454570266,-0.9515561461706767,1.0935449080837119,0.6161243005030095,-0.7486291790806908,-1.2225718199129838,0.8909164110788811,0.15488733563793072,-0.8636549619794923,0.6673619232670797,-0.13218114590203156
-0.6405308773860258,-0.08304547985373996,-9.47954490543653e-16,6.738383214630304e-16,0.0,-0.12672714335503685,0.017155781008771305,0.13254035392244573,-0.36998297001029234,-0.624941563995252,-0.3868165147005978,0.31638803695897977,0.355883304579413,-0.7495837213290275,-0.5950713931756062,-0.1282690026353486,0.15488733563793072,-0.1486446409357829,0.6673619232670797,-0.13218114590203156
0.09860873544959495,-0.08304547985373996,-9.47954490543653e-16,0.8502386675611048,0.0,0.042180762571709406,-0.19268073877764003,0.03359771979534284,-0.3907496860220568,-0.2530312166435456,-0.38215548559013884,1.0529206562187305,-1.3179930710137484,-0.5912887984798768,0.34196464043309943,0.8401204965177845,-0.35905700534246615,-1.097657413596227,-1.674821749737576,-0.13218114590203156
-0.29422171805720326,-0.08304547985373996,-9.47954490543653e-16,6.738383214630304e-16,-1.834550678566198,0.6765006282399733,0.09586103848285461,-0.03225298956198617,-0.6400418445103699,-0.5474328308280073,-0.6345811772746214,1.1420663101788795,-1.2578467381190188,-0.6254932290452713,-0.08228372230764755,0.8233475493727195,-0.35905700534246615,-1.1311354565753304,-1.5811344028173897,-0.13218114590203156
-0.2909769339801295,-0.08304547985373996,-1.4472303461436107,6.738383214630304e-16,0.0,0.36382994207498925,0.305653391458112,0.49521896566108337,-0.63348264989687,-0.5649210681147406,-0.6295747066675361,1.0726945680396185,-1.4288510179177574,-0.609425101198272,-0.09163675845678457,0.7643392474033333,-0.35905700534246615,-1.1424108463141094,-1.674821749737576,-0.13218114590203156
-0.19347223295833652,-0.08304547985373996,-9.47954490543653e-16,6.738383214630304e-16,0.0,0.32241129721081496,0.16140458623344164,0.16552123196481333,-0.5805593548484956,-0.4743127343376864,-0.5741647598672084,0.8323090268905596,-1.34629722767009,-0.6544476772448142,-0.024747354102074005,0.2986603687541936,-0.35905700534246615,-0.9570344722098179,-1.3937597089770173,-0.13218114590203156
1.0435414871862452,-0.08304547985373996,-9.47954490543653e-16,1.703747483843598,0.0,0.6589711888651997,0.17452212914578888,0.3634065002190191,1.1467214000247254,0.6229563689333941,1.113749798961056,0.05176383355098522,-1.3337176024894934,-0.7471973657081861,1.123726641800498,-0.026295265004839363,-0.873001346322863,-1.7498724938877825,-1.9558837904981345,-0.13218114590203156
0.11309316110321448,-0.08304547985373996,-9.47954490543653e-16,6.738383214630304e-16,0.4794010217326402,-2.560940984582201,-2.4351180746217835,-2.307267294120927,0.32105025266919063,-0.10783103458117312,0.2935300040721643,0.11466681994337836,-1.2719988164471907,-0.7500609924531958,0.1635186057308243,-0.0834198884039877,-0.873001346322863,-1.7270727699276323,-1.8621964435779483,-0.13218114590203156
0.11907406009278401,-0.08304547985373996,-0.20505401307335985,6.738383214630304e-16,0.0,-0.415187963554249,-0.5729569828022573,-0.4279124793429914,0.3294400494259182,-0.09594070841156613,0.3021537164066111,0.0578443525942752,-1.518873960616403,-0.7500609924531958,0.1577799265036249,-0.1036954044870957,-0.873001346322863,-1.7239300796722583,-0.9253229743760861,-0.13218114590203156
0.22589859148006497,-0.08304547985373996,-9.47954490543653e-16,6.738383214630304e-16,0.0,0.28401220516576875,0.017155781008771305,0.13254035392244573,0.42254152208018464,-0.04869175600557089,0.39236256890624266,-0.08069375740735017,-1.5691924613387902,-0.7478337272070771,0.24038289746266037,-0.09172140658755802,-0.873001346322863,-1.549411594492803,-1.5811344028173897,-0.13218114590203156
-0.16329283679841758,-0.08304547985373996,-9.47954490543653e-16,0.3760671029597198,0.0,0.6791995205827331,0.8302226075185585,0.7590659900000244,-0.46279705963045953,-0.4262994786058492,-0.4608227475816889,0.6375119312954757,1.1169506280055201,-0.6450613451361712,-0.028583508670764965,-0.6383838039203237,-0.35905700534246615,0.857128202256622,0.6673619232670797,-0.13218114590203156
-0.34860004652890936,-0.08304547985373996,-9.47954490543653e-16,6.738383214630304e-16,-1.360993148637112,0.8437785100785141,1.0531325034061632,0.9898210895691915,-0.5864297482596275,-0.5540707528634027,-0.584827990458499,0.5958514316040487,1.1126263818496893,-0.6743339740851598,-0.23803589556617455,-0.6738395130078382,-0.35905700534246615,0.8443036187984723,0.6673619232670797,-0.13218114590203156
-0.3477223075046914,-0.08304547985373996,-0.7447522503480125,6.738383214630304e-16,0.0,0.7641211034074762,0.9744714127432288,0.9238593334844563,-0.5858494253946369,-0.5386538124893964,-0.5832857722678303,0.4968210344583445,1.1134126084234781,-0.6538113157459232,-0.25427796944288183,-0.6356193461779845,0.15488733563793072,0.8463531703527452,0.6673619232670797,-0.13218114590203156
-0.1863587075162819,-0.08304547985373996,-9.47954490543653e-16,6.738383214630304e-16,0.0,0.7739012479366968,0.9613538698308816,1.1217446017386743,-0.4849756852271551,-0.4348324540929901,-0.48213586601579156,0.8514091342626781,0.9942992824947011,-0.6223114215508159,-0.015138820600182706,0.11042065027995321,0.15488733563793072,0.858679398309925,0.6673619232670797,-0.13218114590203156
-0.41525470602000236,-0.08304547985373996,-9.47954490543653e-16,-0.3826074004024963,0.0,0.8087730747416966,0.9088836981814927,0.6931042339152891,-0.05812792363836092,-0.45357359043898066,-0.0838016790855698,-0.02457435371617219,1.1169506280055201,-0.7510155347015323,-0.41664289924080106,-0.618998022719568,0.15488733563793072,0.7980935563613055,0.5736745763468933,-0.13218114590203156
-0.29673500974850126,-0.08304547985373996,-9.47954490543653e-16,6.738383214630304e-16,-2.362305201833032,0.7226490151305723,0.8826486123567934,1.1217446017386743,0.05027769218111069,-0.35896400660220973,0.023801481390359633,-0.17988660362001707,1.104764116111817,-0.7500609924531958,-0.3202114019696701,-0.6606355063368204,0.15488733563793072,0.8170675749422283,0.5736745763468933,-0.13218114590203156
-0.28455962065332835,-0.08304547985373996,-1.2727132070666454,6.738383214630304e-16,0.0,0.8048449839061906,1.2104988515431807,1.0557828456539267,0.06315532714709357,-0.35389482586802895,0.03618400427500842,-0.2991908638569084,1.1118401552759027,-0.7471973657081861,-0.32900358476875413,-0.6182152258427708,0.15488733563793072,0.8075376596336774,0.5736745763468933,-0.13218114590203156
-0.12399616782411982,-0.08304547985373996,-9.47954490543653e-16,6.738383214630304e-16,0.0,0.7796196930985878,0.8957661552691406,0.9568402115268239,0.20352931571182306,-0.2587495317092637,0.17374570575430004,0.005999396522985731,1.0174929664214276,-0.7505382635773641,-0.10736758382267134,0.02281533844966745,0.15488733563793072,0.8331128355792977,0.6673619232670797,-0.13218114590203156
-0.0433097883853796,-0.08304547985373996,-9.47954490543653e-16,-0.8567789650038813,0.0,-0.2591064766822162,-0.02219684772827035,-0.16417650173145668,1.459127535678523,1.5323726275997323,1.465105638462134,-2.4544862015673106,1.1228473273089261,1.9287027371287122,-0.5163368100605568,-3.2898131945403,-3.956667392205244,1.0403713478425514,0.6673619232670797,-0.13218114590203156
1.3726394609883783,-0.08304547985373996,-9.47954490543653e-16,1.893416109684152,0.0,0.4965299358785367,-0.009079304815923131,0.49521896566108337,3.365337268059402,3.5682271548220283,3.3813255919498597,-2.3459499860478905,1.127564686751648,1.6638172632153094,0.733044709087325,-3.5132172362176344,-3.956667392205244,1.0438683400499993,0.6673619232670797,-0.13218114590203156
0.32601735002621923,-0.08304547985373996,-9.47954490543653e-16,6.738383214630304e-16,-1.298491250520593,-0.06272865661329315,-0.12709302421589905,-0.06523386760435379,1.9500202794953505,2.0462462102799366,1.9579019616548727,-2.2803983124523652,1.159799976276929,1.678294487315081,-0.1604769386808801,-3.492346590354277,-3.956667392205244,1.0404744388467302,0.6673619232670797,-0.13218114590203156
0.3177135481238939,-0.08304547985373996,-9.47954490543653e-16,6.738383214630304e-16,-1.487763200750441,-0.33523661811320765,-0.31069445817761104,-0.26311913585855956,1.9383638110244112,2.0616666406234674,1.9479902217956873,-2.2752901520733184,1.1401443119322467,1.9352254424923456,-0.16699178276898163,-3.482833983315718,-3.956667392205244,1.0415483061254256,0.6673619232670797,-0.13218114590203156
0.30547822112548795,-0.08304547985373996,0.7607680576674727,6.738383214630304e-16,0.0,-0.05807907970595965,-0.03531439064061757,0.0007278884803814606,1.9176368381897038,2.055009523755688,1.9281574699978652,-2.2748509292465173,1.149185917530799,1.9606799024479877,-0.1777848538873185,-3.573255790246484,-3.956667392205244,1.0420631835384944,0.6673619232670797,-0.13218114590203156
0.3172196551417871,-0.08304547985373996,0.8673780713368564,6.738383214630304e-16,0.0,-0.22516990959995611,-0.23198920070352774,-0.7576102130392615,1.937821540137454,2.05469368151373,1.9470307877207678,-2.2794514895140354,1.1185230811530955,1.864589316115438,-0.1684347788002083,-3.5057386534524473,-3.956667392205244,1.0419181009946852,0.6673619232670797,-0.13218114590203156
0.38330452464517883,-0.08304547985373996,-9.47954490543653e-16,6.738383214630304e-16,0.0,0.13252685178833995,-0.02219684772827035,0.3634065002190191,2.0358057459730103,2.1213573343839234,2.0430681598227305,-0.537624131945995,1.1448616713749706,-0.6880157463113176,0.2734919139072709,-0.7311497855242195,0.15488733563793072,-0.6655734390115051,0.6673619232670797,-0.13218114590203156
-0.07776741592479665,-0.08304547985373996,-9.47954490543653e-16,6.738383214630304e-16,0.0,-0.9040883031897079,-0.7959110455010159,-0.7247403817243124,1.4058883488125073,1.5460480731810662,1.4161575395203096,0.3235882962449515,-1.5526817032892575,-0.7446519197126218,-0.02509368555782979,0.7805316460488763,0.15488733563793072,-1.5007372048881222,-2.049571137418321,-0.13218114590203156
0.00279494404913961,12.041594578792294,-9.47954490543653e-16,1.703747483843598,0.0,0.22797678692049292,0.29253584854576475,0.29744474413428384,1.637495397510103,1.7445104251399632,1.645812360962339,-0.4064129121878423,0.013088518408151282,-0.7338337742314738,-0.08593428878820576,0.6902302198652046,0.15488733563793072,-2.1168806119579364,0.4799872294267072,-0.13218114590203156
-0.8798339072084304,-0.08304547985373996,-9.47954490543653e-16,-0.7619446520836043,0.0,-0.04950141196312022,-0.12709302421589905,-0.16417650173145668,0.4030429637363367,0.4401238454894915,0.40578605232049764,-0.38068630423354416,-0.0946245222007092,-0.7487882694554137,-0.9657821468860813,0.5119703732865174,0.6688316766183275,-2.1162520490105363,0.4799872294267072,-0.13218114590203156
-0.6493256804497028,-0.08304547985373996,-9.47954490543653e-16,6.738383214630304e-16,1.9196077789690926,-0.6495907717791206,-0.4418257204899342,-0.5268551134700943,0.7237753553835432,0.7906895392300102,0.7287224029329714,-0.431005622854535,-0.06632036554436532,-0.7471973657081861,-0.7422792668282904,0.5373821361872523,0.15488733563793072,-2.095381729814619,0.3862998825065209,-0.13218114590203156
-0.64137102761195,-0.08304547985373996,-9.47954490543653e-16,6.738383214630304e-16,1.4796764476891566,-0.14198523768887167,-0.3369295440023104,-0.6257977475971972,0.7372653251960367,0.7995104372029135,0.7419212080317441,-0.6692064691221573,-0.5577119741614279,-0.7435382870895624,-0.7694562889957091,0.5906716260286274,0.15488733563793072,-2.1850685050796086,0.2926125355863347,-0.13218114590203156
-0.6620929715090749,-0.08304547985373996,1.7408640061051759,6.738383214630304e-16,0.0,0.06818098286386631,-0.02219684772827035,-0.6917595036819447,0.7089885983196607,0.763801069029324,0.7131389773031473,-0.5646933562606417,-0.2137378481294841,-0.7430610159653941,-0.7750268645010762,0.6620563013071419,0.15488733563793072,-2.108266069746508,0.3862998825065209,-0.13218114590203156
-0.6528826480611667,-0.08304547985373996,-0.48237329258113665,6.738383214630304e-16,0.0,-0.7122531732026622,-0.7827935025886686,-0.5598359915124619,0.7159037903276502,0.7696886476169746,0.7199934185745114,-0.3436376361500667,-0.10681103409441244,-0.7457655523356811,-0.7325251900772104,0.3224419269536119,0.15488733563793072,-2.0961418695231946,0.3862998825065209,-0.13218114590203156
-0.03836896526205478,-0.08304547985373996,-9.47954490543653e-16,6.738383214630304e-16,0.0,-0.15414361408448413,-0.08774039547885738,-0.23013825781619193,1.5790934632244438,1.6962075019376013,1.5880155321481668,0.39139111629522005,-0.053347627076875494,-0.7446519197126218,0.026679130499450684,0.8994697617373899,0.15488733563793072,-1.3220887855734353,0.6673619232670797,-0.13218114590203156
-0.04109363181395199,-0.08304547985373996,-9.47954490543653e-16,6.738383214630304e-16,0.0,-0.716769141578178,-0.6254271544516511,-0.1971573797738243,1.569916050922392,1.665877921785864,1.5774597219895428,0.4679181398965381,-0.10405924108615716,-0.7414701122181664,0.03727798414887322,0.8552856854446306,0.6688316766183275,-1.3282680345580353,0.3862998825065209,-0.13218114590203156
0.17499144686262758,-0.08304547985373996,-9.47954490543653e-16,-2.2792936588080366,0.0,-4.404284454688938,-4.3497051712795445,-3.988847887372051,1.730506995016252,1.8461784723398194,1.7394634164211555,-6.35231358308625,-5.042741464331083,-0.7424246544665031,-1.1309005259696518,-3.6062913280206423,-5.4985004151464345,-2.8632748230894696,-4.860191545023907,-0.13218114590203156
-1.7662479565435447,-0.08304547985373996,0.37569763339247797,-1.6154534683660975,0.29447564635638096,-0.11758831977855246,-0.1008579383912046,-0.23013825781619193,-1.5492218628578,-1.5891520891793234,-1.553117240475956,1.2137025539629887,-0.5211524384803204,-0.6019478535863021,-1.735432389308191,0.9522724234592421,0.6688316766183275,-0.7573003737041185,-0.9253229743760861,-0.13218114590203156
-1.7486374093240615,-0.08304547985373996,0.37569763339247797,-1.5206191554458204,0.29447564635638096,-0.2611106046595133,-0.2975769152652638,-0.4608933573853591,-1.5380886996847662,-1.5868993138513277,-1.542550122903367,1.2058658803347462,-0.605278681875561,-0.6149932643135687,-1.7157620542082925,0.9801324984209211,0.6688316766183275,-0.7397181598496839,-1.300072362056831,-0.13218114590203156
-1.4388532625870323,-0.08304547985373996,0.37569763339247797,-0.09810446164166527,-0.21629288461092522,-0.052013252361335784,-0.2975769152652638,-0.13119562368908905,-1.3270739318996334,-1.3480475445866302,-1.3295533837143831,1.3145970302884502,-0.5349114035215968,-0.5987660460918467,-1.3549492566632027,1.038734074424956,0.6688316766183275,-0.6971167197510426,-1.3937597089770173,-0.13218114590203156
-1.4303805974375177,-0.08304547985373996,0.37569763339247797,-0.09810446164166527,-0.27127479385077985,-0.17340996437291617,-0.2057541148788333,-0.6257977475971972,-1.3225335457207132,-1.3327161084659718,-1.324309909710594,1.3113419248413543,-0.5537808412924927,-0.5947887867237776,-1.3461293244827692,1.0344885925785283,0.6688316766183275,-0.6978366313660956,-1.0190103212962724,-0.13218114590203156
-0.7713631979372167,-0.08304547985373996,0.37569763339247797,-0.09810446164166527,0.29447564635638096,-0.04966174220130577,0.004038238096424087,-0.09821474564672142,-0.9108302297893147,-0.8036855881413285,-0.9046562721944493,0.08549653156019263,-0.07339640470845128,-0.6054478418302028,-0.7684010228875382,-0.47751414423323635,0.15488733563793072,0.05663939617037223,0.5736745763468933,-0.13218114590203156
-0.7887426351919469,-0.08304547985373996,0.37569763339247797,-0.09810446164166527,0.29447564635638096,-0.12378775565499711,-0.1664456529529407,-0.16417650173145668,-0.9172107613059536,-0.8135691818344095,-0.9112691871035238,-0.2698382006107957,-0.031726396297724294,-0.6022660343357475,-0.8361091749952781,-0.5732325126677648,0.15488733563793072,0.08861175328399692,0.6673619232670797,-0.13218114590203156
-1.427798254803524,-0.08304547985373996,1.359084620187921,-0.09810446164166527,0.29447564635638096,-0.40375107323046405,-0.4418257204899342,-0.06523386760435379,-1.3179298603783345,-1.3261898654553566,-1.319577756966296,1.1513598827040834,-0.47044082447103874,-0.5793570203756695,-1.3583558034314596,1.0712056041128044,0.6688316766183275,-0.695901903024072,-0.9253229743760861,-0.13218114590203156
-1.4408790811010466,-0.08304547985373996,0.04727909564122409,-0.09810446164166527,0.29447564635638096,-0.3272735496167397,-0.4680608063146335,-0.5268551134700943,-1.3275753724101613,-1.3486408394057772,-1.3300611996755451,1.173575188846853,-0.5903403769736025,-0.6105387338213313,-1.37087900899668,0.9905044630522791,0.15488733563793072,-0.6834991498855584,-1.2063850151366449,-0.13218114590203156
0.764869261186868,-0.08304547985373996,0.37569763339247797,2.367587674285537,0.29447564635638096,0.5357574008208665,0.08274349557050739,0.528199843703451,0.02505237154321508,0.26460280819919224,0.04059627027823992,0.8658686408578702,-1.304627219259363,-0.6223114215508159,1.0415681685538183,0.9520080214286841,0.15488733563793072,-1.1240718818578554,-1.5811344028173897,-0.13218114590203156
-0.04615888432623376,-0.08304547985373996,0.37569763339247797,0.4709014158799968,0.29447564635638096,0.028819909389715685,-0.28445937235291663,-0.29610001390092716,-0.4895578681819469,-0.3257063420195062,-0.4793536768097353,0.8559186671810941,-1.264136550709318,-0.6024251247104704,0.14181768708953862,0.9624120512595274,0.15488733563793072,-1.1207371772279489,-1.5811344028173897,-0.13218114590203156
-0.2687304565108933,-0.08304547985373996,0.37569763339247797,-0.09810446164166527,0.9264608580509486,-0.22752141975998613,-0.2975769152652638,0.26446386609191624,-0.6339885600048176,-0.4880509993704595,-0.6250671191645806,0.8268435175936705,-1.3624148724327307,-0.6132432701916183,-0.10944712358970901,0.9953147278920444,0.15488733563793072,-1.1317440582224128,-1.5811344028173897,-0.13218114590203156
-0.27073576663845583,-0.08304547985373996,0.37569763339247797,-0.09810446164166527,-1.534630268638478,1.0822430176707125,0.7121647213074286,0.49521896566108337,-0.6335709546458933,-0.5020196023918428,-0.6255813803517029,0.8248011226221819,-1.4453617759672903,-0.6008342209632427,-0.11184891150794965,0.8982644532917912,0.15488733563793072,-1.1444071425885731,-1.5811344028173897,-0.13218114590203156
-0.1752642554581498,-0.08304547985373996,0.37569763339247797,-0.09810446164166527,0.29447564635638096,-0.9882082348235319,-0.927042307813339,-1.3511549710744848,-0.5740545202036145,-0.4399068697814576,-0.5658464607839524,0.7872525548725082,-1.447327342401759,-0.6030614862093614,-0.013257361783016616,0.8430961877541912,0.15488733563793072,-0.9618828536172103,-1.300072362056831,-0.13218114590203156
-0.1677997813544023,-0.08304547985373996,0.37569763339247797,-0.09810446164166527,0.29447564635638096,-0.14968108912169797,-0.1664456529529407,-0.26311913585855956,-0.5687042912922013,-0.43435607325291054,-0.5604787183006892,0.7884474157280217,-1.4363201703687367,-0.6014705824621337,-0.005571177954979603,0.8445795718322926,0.15488733563793072,-0.9678564969778686,-1.3937597089770173,-0.13218114590203156
-0.28617844738335035,-0.08304547985373996,0.4460127689272278,-0.09810446164166527,0.29447564635638096,-1.9195398667274797,-1.9630190302107307,-1.41711672715922,-0.638621720530181,-0.5051169503447417,-0.6305098298024306,0.8612543804646555,-1.4504722486969086,-0.626925042417776,-0.12247131265069285,0.9007275242987599,0.15488733563793072,-1.130750669397155,-1.674821749737576,-0.13218114590203156
-0.28890721131413716,-0.08304547985373996,0.9793707203276958,-0.09810446164166527,0.29447564635638096,-5.145464424106775,-4.874230220528837,-5.439562334326614,-0.6399087229872187,-0.49654733017759445,-0.631159214586433,0.8631876882429051,-1.2759299493161282,-0.6043342092071435,-0.1248610025154759,0.9115957390947147,0.15488733563793072,-1.1274727840896033,-1.674821749737576,-0.13218114590203156
0.07381536884243806,-0.08304547985373996,0.37569763339247797,0.8502386675611048,0.29447564635638096,0.7544478457037145,0.8695310694444461,0.7919358213149857,-0.29473306945064853,-0.19433341921277922,-0.2884760485222701,-0.19729905862205901,1.0937569440787958,-0.6138796316905094,0.06191864517870504,-0.6802190159826149,0.15488733563793072,0.8664692535003525,0.6673619232670797,-0.13218114590203156
-0.349784693230417,-0.08304547985373996,0.37569763339247797,-0.19293877456194228,0.29447564635638096,0.812086566330828,0.92200124109384,1.1217446017386743,-0.588476703077959,-0.5255577018491115,-0.5848964003129863,-0.22172404406237636,1.1043710028249236,-0.6324932055330729,-0.37826054151796706,-0.5960687381328524,0.15488733563793072,0.8545130081917235,0.6673619232670797,-0.13218114590203156
-0.305973746628429,-0.08304547985373996,0.37569763339247797,-0.09810446164166527,-0.7049850526207594,0.8740274816825451,0.8957661552691406,1.0887637236962944,-0.5628121538936216,-0.47355366596613085,-0.5575033984641135,-0.3642604303739088,1.1031916629642438,-0.6491976948789631,-0.35798437312566916,-0.6760574315025647,0.15488733563793072,0.8485700224650986,0.6673619232670797,-0.13218114590203156
-0.2917342123288169,-0.08304547985373996,0.37569763339247797,-0.09810446164166527,-0.08463092658698167,0.7408197754580821,0.8432959836197518,0.9898210895691915,-0.5544056867465175,-0.4547968247572805,-0.548419135158877,-0.5957453894421288,1.092970717505007,-0.6673339975973582,-0.38400237921134,-0.636695741475159,0.15488733563793072,0.8505503582784347,0.6673619232670797,-0.13218114590203156
-0.1197396955224163,-0.08304547985373996,0.37569763339247797,-0.09810446164166527,0.29447564635638096,0.7737943611112408,0.8957661552691406,1.1546144330536234,-0.45390050716627234,-0.3549749714358287,-0.44787338403498117,-0.37492146496408457,1.0347899510447482,-0.6210386985530338,-0.17087345309123259,-0.021225659878550397,0.15488733563793072,0.8604378240062919,0.6673619232670797,-0.13218114590203156
-0.11852595953700819,-0.08304547985373996,0.37569763339247797,-0.09810446164166527,0.29447564635638096,0.851634691749526,0.8432959836197518,0.9568402115268239,-0.4479001330301758,-0.3504641858255506,-0.4419644687193594,-0.4586208356232187,0.9542017272315495,-0.5960615097215597,-0.1852787096860224,-0.020081169714473206,0.6688316766183275,0.8690182354487264,0.6673619232670797,-0.13218114590203156
-0.27191180278355076,-0.08304547985373996,1.2601417173566658,-0.09810446164166527,0.29447564635638096,0.8093609522817032,0.92200124109384,1.1217446017386743,-0.5440078327490036,-0.4501621452288866,-0.538385953673709,-0.9628010370200969,1.0748875063078998,-0.643788622138389,-0.42890702597823505,-0.6590363494211391,0.6688316766183275,0.8559328453461774,0.6673619232670797,-0.13218114590203156
-0.27098387376935584,-0.08304547985373996,-0.708972431220191,-0.09810446164166527,0.29447564635638096,0.818686827802732,1.0268974175814687,0.6271424778305539,-0.5369810216054498,-0.4418019232332031,-0.5312668058414273,-0.9755271996905348,1.0784255258899416,-0.6231068734244297,-0.4305482439622812,-0.6337886917303398,0.15488733563793072,0.8494072326843354,0.6673619232670797,-0.13218114590203156
-0.2557858857923534,-0.08304547985373996,0.37569763339247797,-0.09810446164166527,-1.5489855210831438,0.9170227072221953,0.5417249970692177,0.3634065002190191,-0.6266689298303028,-0.5118403766334847,-0.6197571575666779,0.4442629980667722,-1.3498352472521342,-0.6530158638723095,-0.16568378296595526,0.9995130899713455,0.15488733563793072,-1.1428186364774362,-1.674821749737576,-0.13218114590203156
-0.2709234161894703,-0.08304547985373996,-2.333554649108034,-0.09810446164166527,0.29447564635638096,0.48316908269654596,0.4105495679457407,0.29744474413428384,-0.6305103676127127,-0.5463649001535429,-0.6255900870604557,0.31466806207455567,-1.274750609455446,-0.5908115273557085,-0.2018133082912205,0.9476421849341763,0.15488733563793072,-1.0928188101361198,-1.4874470558972035,-0.13218114590203156
-0.17775326362088367,-0.08304547985373996,0.37569763339247797,-0.09810446164166527,0.29447564635638096,-0.23772911159102803,-0.4811783492269807,-0.5268551134700943,-0.5760885494294076,-0.4802055478796241,-0.5703617373284038,0.48449355270520184,-1.3168137311530663,-0.624220506047489,-0.07137209590553631,0.9826591652088423,0.15488733563793072,-0.9297730759636982,-1.300072362056831,-0.13218114590203156
0.8237176480615103,-0.08304547985373996,0.37569763339247797,2.557256300126091,0.29447564635638096,0.6361241299239917,1.0137798746691165,0.5611807217458186,0.20428878487339572,0.354993018880972,0.2142268131192301,-0.6299290540113732,1.1031916629642438,-0.6049705707060345,0.7248244906710803,-0.6112869643924285,0.15488733563793072,0.8835980601835142,0.6673619232670797,-0.13218114590203156
-0.26839421310805894,-0.08304547985373996,0.37569763339247797,-0.09810446164166527,0.16188520939077494,0.7895067244532615,0.8564135265320989,0.9238593334844563,-0.5344366126742893,-0.4814985815884117,-0.5314574488408751,-0.9618953672067555,1.0741012797341132,-0.635038651528637,-0.42513528155896274,-0.5749020852816928,0.15488733563793072,0.8521116029119289,0.6673619232670797,-0.13218114590203156
-0.27373991850356055,-0.08304547985373996,-0.6751844092997669,-0.09810446164166527,0.29447564635638096,0.8132890431172092,0.9482363269185343,0.9898210895691915,-0.5407289602418353,-0.4859238629453422,-0.537634123719185,-0.9190827794067916,1.1094814755545408,-0.6499931467525768,-0.42301456892935313,-0.6034825897713344,0.15488733563793072,0.8499173827531114,0.6673619232670797,-0.13218114590203156
-0.1234923879471325,-0.08304547985373996,0.37569763339247797,-0.09810446164166527,0.29447564635638096,0.7664726135675091,0.92200124109384,0.9568402115268239,-0.44670892491783804,-0.38470078685984616,-0.443067959248191,-0.37848964397485224,1.0536593888156418,-0.6027433054599158,-0.17530655776620555,0.04336732300529705,0.6688316766183275,0.870505580409687,0.6673619232670797,-0.13218114590203156
-0.29129621016234253,-0.08304547985373996,0.37569763339247797,-0.09810446164166527,2.719763159873844,-3.2236393024090138,-3.208788105583375,-3.0985862736829377,-0.6480003855160535,-0.5517464331601569,-0.6423102470161681,1.0265852074229804,-1.3014823129642146,-0.6176978006838557,-0.09901025413391164,0.8172428575711457,0.15488733563793072,-1.1399417709294677,-1.674821749737576,-0.13218114590203156
-0.27853107503751445,-0.08304547985373996,-2.8762269123198565,-0.09810446164166527,0.29447564635638096,0.6304056847620977,0.4105495679457407,0.29744474413428384,-0.6380858520395277,-0.5029671291177152,-0.629868925578902,0.9826126149650508,-1.3490490206783476,-0.6122887279432817,-0.09295392345182434,0.8396938565028099,0.15488733563793072,-1.1522820491901704,-1.674821749737576,-0.13218114590203156
-0.1803854343195103,-0.08304547985373996,0.37569763339247797,-0.09810446164166527,0.29447564635638096,0.4544432483552614,0.16140458623344164,0.06657859783771046,-0.5771786480001141,-0.4576603447520449,-0.5699212004803326,0.9654721883816371,-1.2212872024379113,-0.6197659755552516,0.013892023805418171,0.8347308071666285,0.15488733563793072,-0.9531957091959554,-1.300072362056831,-0.13218114590203156
-0.3365549691841406,-0.08304547985373996,0.37569763339247797,-0.09810446164166527,-2.2374881184297086,0.867534107036097,0.8957661552691406,1.3195188232654615,-0.5830868517894188,-0.5258281744872519,-0.5798687848417864,0.2148583869739907,1.0996536433821995,-0.6687658109698632,-0.29001192508083906,-0.5288216505772967,0.15488733563793072,0.8431819838068689,0.6673619232670797,-0.13218114590203156
-0.18671759088250717,-0.08304547985373996,0.37569763339247797,-0.09810446164166527,0.29447564635638096,0.6706485745462585,0.7908699787815168,0.9238593334844563,-0.49571081262996725,-0.4299953563321815,-0.4918709840688455,0.9054630289022545,1.001375321658787,-0.5994024075907378,-0.0052858725777344085,0.2352925205956788,0.15488733563793072,0.8652292537123765,0.6673619232670797,-0.13218114590203156
-1.9616811608433966,-0.08304547985373996,0.37569763339247797,-2.8482995363296983,0.29447564635638096,-0.48316798454422516,-0.1008579383912046,-0.32908089194330714,-1.5903198111327252,-1.7171310166235785,-1.5998797293725102,1.0962074052443018,-0.2550147432533178,0.584707251470798,-1.9582728938890077,0.8032096950236919,0.6688316766183275,-0.14759462663186992,-0.08213685209441017,-0.13218114590203156
-1.285304764703366,-0.08304547985373996,0.37569763339247797,-0.09810446164166527,1.0042438023810645,-0.08044514793261401,0.06962595265816017,0.5611807217458186,-1.0544868356590509,-1.1809478037586916,-1.0635716857239774,1.1494418295696152,-0.3988942062563947,0.5907526857102633,-1.1938937648984294,1.094487765678719,0.6688316766183275,-0.021516966519145843,0.1989251886661485,-0.13218114590203156
-1.2905197613195125,-0.08304547985373996,-0.6581831980042449,-0.09810446164166527,0.29447564635638096,0.14877364925764391,-0.1664456529529407,0.4292572095763481,-1.0592912904855292,-1.1768086999027614,-1.0678006585468385,1.133991987736085,-0.38788703422337134,0.6020481023155795,-1.2010584352006035,1.1058086306437545,0.6688316766183275,0.0004058347776773907,0.011550494825776055,-0.13218114590203156
-0.5155175644399763,-0.08304547985373996,0.37569763339247797,-0.09810446164166527,0.29447564635638096,-0.5699868085208092,-0.55983943988991,-0.3949316013006238,-0.4749270638280358,-0.5741258627353273,-0.48175604998071164,0.0719131899600356,0.17033383316561132,0.5896390530872038,-0.4977573584150272,-0.22621608037402097,0.15488733563793072,0.43210965159984893,0.5736745763468933,-0.13218114590203156
0.026040090316927264,-0.08304547985373996,1.513655227123834,2.2727533613652597,2.922579647146176,-0.5801143352327598,-0.7827935025886686,-0.29610001390092716,-0.3880870139591676,-0.22616194127524367,-0.3779219898016919,0.24079425318163558,-0.0014566732069139494,-0.6525385927481412,0.0961941790622539,-0.3549862557061268,0.15488733563793072,0.0617059191242192,0.5736745763468933,4.978823162309849
-0.44957894730622755,-0.08304547985373996,-0.9414501203881775,0.9450729804813818,-1.438990006549662,-0.17215404417381136,-0.37623800592819806,-0.6587786256395771,-0.6930948786838487,-0.5901430778675293,-0.687008793641715,0.01647355380520884,-0.048630267634151514,-0.5997205883401834,-0.44144142717800916,-0.4673028736431349,0.15488733563793072,0.08710241661274376,0.5736745763468933,4.978823162309849
0.1871227193215447,-0.08304547985373996,-1.494094044097669,2.746924925966645,-2.1471310167931783,-0.7788971088744394,-0.9008072219886445,-0.4608933573853591,-0.2773748442712263,-0.1006504222847345,-0.2661573617642717,-0.14248222018801265,-0.052561400503088905,-0.6041751188324208,0.19159195547659563,-0.3678646363157125,0.15488733563793072,0.08905531720120856,0.5736745763468933,4.978823162309849
-1.2160049546328549,-0.08304547985373996,0.13376561971318793,-1.4257848425255435,0.16070531945246344,-0.19179449835133805,-0.40247309175289253,-0.32908089194330714,-1.1977973497285794,-1.173903300273704,-1.1972602586978824,-0.9126580723273111,-0.02307790398606515,-0.6105387338213313,-1.3444739780027206,-0.5884190808190407,0.15488733563793072,0.13921130236442167,0.5736745763468933,4.978823162309849
-1.0391712274644234,-0.08304547985373996,-1.8958055177906292,-0.9516132779241584,1.979724065768081,-0.5094621436063854,-0.23198920070352774,-0.5928168695548296,-1.0844026967891853,-1.0494056174300312,-1.0830504023905594,-0.921866904367231,-0.08990716275798522,-0.6032205765840841,-1.1721932410654272,-0.49623402410397366,0.15488733563793072,0.11668132234753906,0.5736745763468933,4.978823162309849
0.5709809827887588,-0.08304547985373996,0.37569763339247797,-0.7619446520836043,0.29447564635638096,0.3200865087571467,0.14828704332109444,0.19850211000718096,0.30299803189039887,0.22309834563034797,0.29807637600501896,0.14025703374338797,0.7108646026443802,1.9866116335277983,0.6584749020256864,0.27894546706277906,0.15488733563793072,0.9648918902310569,0.6673619232670797,-0.13218114590203156
1.0113287679344156,-0.08304547985373996,0.37569763339247797,-0.09810446164166527,-1.8483699483943559,0.6325968646839452,0.305653391458112,-0.09821474564672142,0.6348019787462045,0.5871859262931274,0.6322524091727129,-0.4459638248518228,-0.10681103409441244,2.2225426592416584,0.9658556735525212,0.2733800905673459,0.6688316766183275,0.9786544393375194,0.6673619232670797,-0.13218114590203156
1.27371690510763,-0.08304547985373996,0.37569763339247797,-0.09810446164166527,0.29447564635638096,-0.17741822032751636,-0.28445937235291663,-0.09821474564672142,0.8224179208390405,0.8004509839897372,0.8216887944762156,-0.2629782808318203,-0.1315771711687122,2.0486568796696765,1.2843939524327328,0.4043178488329095,0.6688316766183275,0.9772668892535982,0.6673619232670797,-0.13218114590203156
1.0072787284786713,-0.08304547985373996,1.1199216902272466,-0.09810446164166527,0.29447564635638096,-0.014789915396306048,-0.14021056712824626,-0.5598359915124619,0.6287502646397456,0.6136608351051732,0.6283032948454823,-0.4128149291249698,-0.11310084668470959,2.250383474818142,0.9703508759284744,0.18487608636044497,0.6688316766183275,0.9798493626968231,0.6673619232670797,-0.13218114590203156
0.7431346521818994,-0.08304547985373996,0.37569763339247797,-0.4774417133227733,0.29447564635638096,-0.39121859294575395,-0.35000292010350365,-0.13119562368908905,0.4311702610989753,0.4036623888833951,0.4297517769966189,-0.098349813596773,0.16365090728841863,2.3089287327161196,0.7812271105242481,0.34532660560396816,0.6688316766183275,0.9739314694768288,0.6673619232670797,-0.13218114590203156
2.4267908030378957,-0.08304547985373996,0.37569763339247797,2.177919048444983,0.29447564635638096,-0.4053009321995752,-0.23198920070352774,-0.29610001390092716,1.706842288677443,1.7651082252729313,1.7120588810100388,-0.05394369569345285,0.22261790032246614,2.007134291867035,2.5439515419725867,0.39014095563568635,0.6688316766183275,0.9781942763478244,0.6673619232670797,-0.13218114590203156
0.986609801486427,-0.08304547985373996,0.37569763339247797,-0.09810446164166527,2.294196363349721,-3.3985061488549277,-3.0645393003587045,-2.9008120521561382,0.6114268298402395,0.6471837373717306,0.6142600520718129,-0.24974293401940914,-0.0042084662151692315,2.244019859829231,0.9930770834498795,0.26673956750546557,0.15488733563793072,0.9790518031739396,0.6673619232670797,-0.13218114590203156
1.0198706707204992,-0.08304547985373996,0.37569763339247797,-0.09810446164166527,0.421169357737222,-0.3390845438296223,-0.6516180734651915,-0.29610001390092716,0.6456901596606619,0.6794554855637929,0.6484232549580117,-0.6316785472970201,-0.3729487293214128,2.209179067764946,0.9241315458184988,0.1778634165092482,0.6688316766183275,0.9773493567966117,0.6673619232670797,-0.13218114590203156
1.275340128958355,-0.08304547985373996,0.37569763339247797,-0.09810446164166527,0.29447564635638096,-0.4569272688947914,-0.5991920686269566,-0.4938742354277267,0.8326157301520365,0.8149535523483527,0.8321741594458386,-0.44818517893966425,-0.031333283010831,2.1571565152306023,1.2325773126573194,0.4380205779971207,1.1827760175987245,0.9824208011125116,0.6673619232670797,-0.13218114590203156
1.2716153728431734,-0.08304547985373996,0.37569763339247797,-0.09810446164166527,0.29447564635638096,-0.42104001724796075,-0.32381200108996316,-0.03225298956198617,0.8167888856885768,0.8021994587214583,0.8165330660047943,-0.21410369058267584,0.16168534085394995,1.767544187534552,1.2958581976123935,0.38636256130712127,0.6688316766183275,0.9695730653452417,0.6673619232670797,-0.13218114590203156
0.9900417875077155,-0.08304547985373996,1.707510215062187,-0.09810446164166527,0.29447564635638096,0.39803372622089095,0.1351695004087472,0.0007278884803814606,0.608609775466472,0.5986714159979049,0.6084795889788321,-0.0692047681577726,0.1542161884029707,2.0386341860621426,1.0443186003762752,0.40889038311950604,0.6688316766183275,0.9799312961083233,0.6673619232670797,-0.13218114590203156
1.0006218922138592,-0.08304547985373996,1.3149199312257656,-0.09810446164166527,0.29447564635638096,-0.5992203552830092,-0.5204868111528684,-0.9225146032510996,0.6219378733724112,0.6073771449765032,0.6215194118372589,-0.4380491795678796,-0.36941070973937096,2.1439520141286126,0.9567251118642865,0.35244718459648156,0.6688316766183275,0.9810480109018774,0.6673619232670797,-0.13218114590203156
1.4609782012103225,-0.08304547985373996,0.37569763339247797,-0.8567789650038813,0.29447564635638096,0.8900070620882075,1.0924851321432048,1.1217446017386743,1.0069306335233126,0.9333368085852893,1.0030118841116458,-0.3381063648565384,0.9828989971747867,1.6202265005412722,1.4529478120907322,-0.6261799469692408,0.15488733563793072,1.0323782233042875,0.6673619232670797,-0.13218114590203156
0.3827818179066612,-0.08304547985373996,0.37569763339247797,-2.1844593458877593,0.29447564635638096,0.9216990058358935,1.1449111369814395,0.857897577399721,0.17686273110594214,0.07882475047670205,0.17065923403844943,-0.8829720839356471,0.9612777663956354,1.5212722874637123,0.23182198770882292,-0.7959478626237652,0.15488733563793072,1.0255686836789992,0.6673619232670797,-0.13218114590203156
3.1793111186676377,-0.08304547985373996,0.37569763339247797,1.2295759192422129,0.29447564635638096,0.7541004635209816,1.0400149604938158,0.6931042339152891,2.318628703504622,2.2660549608347837,2.317179436157319,-0.5963028939584275,1.031251931462704,1.339750169905038,3.096872460645115,-0.6342954750447428,0.15488733563793072,1.0361091368973425,0.6673619232670797,-0.13218114590203156
2.076008256051464,-0.08304547985373996,0.37569763339247797,-0.09810446164166527,-1.3530806693766508,0.9878085073803904,1.236733937367875,0.9898210895691915,1.4887266593915043,1.3885893731642636,1.483494659644921,-0.6573562430577866,0.9270769104358877,1.2411141375769243,1.9707886058232464,-0.7382847669487143,0.15488733563793072,1.0346726288221004,0.6673619232670797,-0.13218114590203156
2.0549180221678784,-0.08304547985373996,0.37569763339247797,-0.09810446164166527,-1.710277023438623,0.9717754835620015,1.171146222806139,1.2205761891383586,1.4704538579400501,1.3684051344199366,1.4650825713376452,-0.4965600269653652,1.011989380404915,1.439340744481489,2.0054871485689914,-0.726035665743883,0.15488733563793072,1.033923657355527,0.6673619232670797,-0.13218114590203156
2.057337797422284,-0.08304547985373996,0.37569763339247797,-0.09810446164166527,0.364115235423944,0.8344793562638471,0.9088836981814927,0.9238593334844563,1.4637277178229249,1.388463734261385,1.460086390477268,-0.46976731809733546,0.9927268293471279,1.3217729575613657,2.0171471058488675,-0.6739001926409907,0.15488733563793072,1.0312148972857835,0.6673619232670797,-0.13218114590203156
2.4215432054877044,-0.08304547985373996,0.37569763339247797,-0.09810446164166527,0.29447564635638096,0.869885617196127,0.9744714127432288,0.7919358213149857,1.7291750549851557,1.6694150058988364,1.726762476759256,-0.43587579328823156,0.9502705943626121,1.160137136843037,2.3975628390818087,-0.4853581284687168,0.15488733563793072,1.0346249517902915,0.6673619232670797,-0.13218114590203156
2.4254559399815587,-0.08304547985373996,0.37569763339247797,-0.09810446164166527,0.29447564635638096,0.8108039244253584,1.1056026750555519,1.3195188232654615,1.744018346416402,1.6788693333404165,1.7412690973572056,-0.4667794737485152,0.9518430475101874,1.5569085314016116,2.3899278957272654,-0.3211958928418839,0.6688316766183275,1.0360165514069306,0.6673619232670797,-0.13218114590203156
2.4372531424523487,-0.08304547985373996,0.37569763339247797,-0.09810446164166527,0.29447564635638096,0.8934541622091626,1.1318377608802463,1.0228019676115592,1.7501650092680492,1.6624647315910073,1.7459596388181127,-0.6852649304196692,0.9624571062563153,1.398136337428293,2.32110206960387,-0.3932468220455981,0.6688316766183275,1.0368317877494546,0.6673619232670797,-0.13218114590203156
2.1293907059598354,-0.08304547985373996,-2.9926463883639944,-0.09810446164166527,0.29447564635638096,0.7975766797751855,1.0924851321432048,1.187595311095991,1.5322554646631417,1.4570573402785683,1.5286762589950469,-1.1198401697130955,0.9424083286247396,1.3462728752686712,1.8636815774962885,-0.766904832389135,0.15488733563793072,1.0342579441931605,0.6673619232670797,-0.13218114590203156
2.1255672337756355,-0.08304547985373996,1.4996978242401848,-0.09810446164166527,0.29447564635638096,0.8174041858972625,1.1580286798937918,1.1546144330536234,1.5269483613268333,1.4523109817253934,1.523401011158017,-1.0670882003183544,0.9404427621902708,1.2743640258939821,1.8784207854874833,-0.7617770924109406,0.15488733563793072,1.0324481625087851,0.6673619232670797,-0.13218114590203156
2.0816153590897524,-0.08304547985373996,-0.9661774747022287,-0.09810446164166527,0.29447564635638096,0.8816431679962801,1.0793675892308574,1.1217446017386743,1.5013153409242952,1.41961694722088,1.4972888000889446,-0.7702664416274559,0.9506637076495054,1.4022726871710847,1.9381042056745017,-0.7728162850283379,0.6688316766183275,1.0347700023262771,0.6673619232670797,-0.13218114590203156
0.28470577632073046,-0.08304547985373996,-0.781666258638364,2.557256300126091,-1.507956955415212,-0.09351206234460435,-0.19268073877764003,-0.29610001390092716,-0.024287393573864193,0.5015891887531017,0.009768641437538061,-1.6701145294354904,-0.07536197114291998,-0.6682885398456948,-0.041419261383938165,-0.4994428599827602,0.6688316766183275,0.16339258734575277,0.5736745763468933,0.0
-1.1303205847734101,-0.08304547985373996,-3.0010482774807015,-1.4257848425255435,-1.1545627819476099,-0.5582559794270209,-0.4680608063146335,-0.5268551134700943,-1.0422378435301642,-0.8312162127345027,-1.0294436488952095,-1.5894713239167084,-0.10799037395509231,-0.6029023958346387,-1.3390156126481947,-0.5333278370729952,0.15488733563793072,0.15183444705012908,0.6673619232670797,0.0
-1.272386756095636,-0.08304547985373996,-1.7750162199832387,-1.8051220942066515,1.8501150918334885,-0.5956930900429627,-0.5073692682405212,-0.16417650173145668,-1.1464044689967254,-0.9777687579875776,-1.1364448026516492,-1.5744411428803244,-0.0722170648477714,-0.5863569968634711,-1.4695671457451374,-0.5232954321427389,0.6688316766183275,0.12922922590272926,0.6673619232670797,0.0
-0.5882874922180861,-0.08304547985373996,1.5520531743245485,0.18639847711916577,-0.6970621351662407,-0.062354552724198466,-0.28445937235291663,-0.5928168695548296,-0.7809581039620568,-0.636598062206725,-0.7722629634902201,-1.6243917495049915,0.02606125687564111,-0.6180159814333013,-0.8388431094720842,-0.6596482196494334,0.15488733563793072,0.29023238793022077,0.5736745763468933,0.0
-0.6087250941822586,-0.08304547985373996,-2.9324835708734387,0.3760671029597198,2.4665874296871326,0.15470586807044698,-0.12709302421589905,-0.09821474564672142,-0.7983894130992889,-0.6618916163347633,-0.7902184584215944,-0.7864550261155538,0.020950784146023835,-0.6762430585818331,-0.730130565109039,-0.6228417204029543,0.15488733563793072,0.15070780354298624,0.5736745763468933,0.0
-1.0529296242862,-0.08304547985373996,1.6266079919271652,-1.5206191554458204,0.16680711692320044,-0.6838747210441135,-0.7303233309392798,-0.4608933573853591,-0.8849875007078374,-0.9961120378077873,-0.8929354591750245,0.02430675112644726,0.14163656322237414,0.6069799039319852,-1.068046005747077,-0.34962293305451014,0.15488733563793072,0.4289014662271174,0.5736745763468933,0.0
-0.2644341517889769,-0.08304547985373996,-0.840013918710973,0.5657357288002738,-0.45795437440675446,-0.4830610977187691,-0.7696759596763214,-0.16417650173145668,-0.2709232823955918,-0.37151044704240294,-0.27767000529260316,0.08432869072342415,0.10311146110679796,-0.5244708410963157,-0.23336353707874888,-0.257183192198797,0.15488733563793072,0.4523703049808214,0.5736745763468933,0.0
-0.6502143207913818,-0.08304547985373996,-0.7913299687788306,-0.4774417133227733,-1.728719472241203,-0.22565090031450682,-0.37623800592819806,-0.5268551134700943,-0.5702650263912183,-0.6634865324074112,-0.5767871753139406,-0.046446374925950384,0.08738692963105062,0.601729921566134,-0.657242133672771,-0.33218633058711056,0.15488733563793072,0.453272674159449,0.5736745763468933,0.0
-0.6532787995649888,-0.08304547985373996,-1.47780761460109,-0.4774417133227733,-0.2306702278243188,-0.15475821333085565,-0.32381200108996316,-0.5598359915124619,-0.5761107766165763,-0.6771654679582696,-0.5831454472605262,0.009247200141460908,0.14792637581267354,0.5855027033444119,-0.6521346682697221,-0.33430835687310345,0.15488733563793072,0.4264849187224652,0.5736745763468933,0.0
-0.5300502108429024,-0.08304547985373996,0.8377431656873218,-0.19293877456194228,-1.6098960720201712,-0.6053663477467244,-0.5336043540652157,-1.0214572373782147,-0.4751894412765702,-0.5665805486235896,-0.48151271443218746,-0.07334732596023365,0.10940127369709511,0.6025253734397478,-0.5369074490221176,-0.392709194069244,0.15488733563793072,0.465029537646358,0.6673619232670797,0.0
-0.4622866748530729,-0.08304547985373996,1.2521375720105954,-0.7619446520836043,1.5332217751581423,-3.657867030823761,-3.1170094720080934,-3.0985862736829377,-0.7532681023469753,-0.6169547687386788,-0.7450710074616423,0.6402906762429502,-1.3922914822366477,-0.5917660696040451,-0.35348778892076793,0.9070687054376341,0.15488733563793072,-0.9647359754061394,-1.300072362056831,0.0
-0.24509574431909623,-0.08304547985373996,0.7103635684959902,-0.2877730874822193,2.265041433182386,-1.4434125027340048,-1.3204360947503084,-1.1532697028202668,-0.6160625751531525,-0.4313512094924079,-0.6046134772659477,0.4548422575734598,-1.238977300348125,-0.6143569028146777,-0.14986045966220263,1.0023740963637235,0.15488733563793072,-0.936239740875413,-1.1126976682164587,0.0
0.04399213301186006,-0.08304547985373996,-1.763917503236548,0.3760671029597198,-0.6744807565681511,0.7050661323430722,0.3974320250333935,0.16552123196481333,-0.4356244441167009,-0.1967746528950921,-0.42051486979870073,0.4420666226213027,-1.2350461674791877,-0.5954251482226688,0.15911330683837868,1.0065472565410452,0.15488733563793072,-0.9126514161503272,-1.1126976682164587,0.0
-1.1727203993585202,-0.08304547985373996,-2.9302695118631,-2.3741279717283135,-2.3625534187899055,0.4430063580314765,0.030273323921118523,-0.23013825781619193,-1.2054314221215725,-1.1432910325904908,-1.2024224323952641,0.47722969977628843,-1.3152412780054932,-0.5968569615951735,-1.1463162661344097,0.9774871518219085,0.15488733563793072,-0.9669416367483171,-1.300072362056831,0.0
-0.967080000403409,-0.08304547985373996,-0.8887077444586029,-1.8999564071269284,0.5107434953956268,-0.013159891308103591,0.004038238096424087,0.26446386609191624,-1.0773217672768731,-0.9675309323877705,-1.0711168969144553,0.4901065408161698,-1.3003029731035347,-0.6099023723224403,-0.9225103425277514,0.9881335136122047,0.15488733563793072,-0.9581556920369663,-1.300072362056831,0.0
1.4699239744250427,-0.08304547985373996,0.6925502457644328,2.746924925966645,1.6121525764909295,-2.2243009278087222,-2.081032749610707,-2.2413055380361797,1.0084725238332084,0.9805822710217601,1.0075166447611104,0.6196369121115611,-0.7534823910344663,0.6001390178189062,1.7508000269912314,0.9944518318136807,0.15488733563793072,-0.1350795339148406,-0.1758241990145964,0.0
1.3892291133819124,-0.08304547985373996,1.3036569887148899,2.557256300126091,0.703132497198958,-0.7062942326834944,-0.4680608063146335,-0.3949316013006238,0.9463340061046088,0.902399973736307,0.9442860381661202,0.5663822806884581,-0.6363346315401579,0.597593571823342,1.6471457662008402,0.934369666611149,0.15488733563793072,-0.13510238199484598,-0.1758241990145964,0.0
-0.19629307250207909,-0.08304547985373996,1.088022487962048,-0.6671103391633273,-2.1289912376499123,0.8049785924380084,0.38435864893220023,0.26446386609191624,-0.2644018981602649,-0.35728533126097684,-0.27064391747725247,0.6530568327757629,-0.7239988945174426,0.5955253969519462,-0.05735064935168959,0.8847626926924793,0.15488733563793072,-0.15863577611217677,-0.2695115459347826,0.0
0.5527568518984957,-0.08304547985373996,1.2758774156351096,0.8502386675611048,-2.049344696059682,0.4393989276723387,0.16140458623344164,-0.26311913585855956,0.30102488582945913,0.2697574931867206,0.2992529124280638,0.6615664771275127,-0.8655196777991575,0.6179571397878559,0.7622320103707547,0.8589596209879468,0.15488733563793072,-0.1560093181670461,-0.2695115459347826,0.0
0.873181871695929,-0.08304547985373996,0.8275064789494304,1.514078858003044,-0.4795070280024463,0.2283508908095876,-0.061505309654162954,0.09955947588007809,0.550674128911634,0.469717042071582,0.5458930526832814,0.6686198270805237,-0.7574135239034038,0.5958435777013916,1.1134839052118382,0.8805749100334677,0.15488733563793072,-0.14696899768638666,-0.2695115459347826,0.0
0.4362379114556661,-0.08304547985373996,0.38042127961454053,1.2295759192422129,0.6583571132481227,0.6645293037889081,0.8957661552691406,0.49521896566108337,-0.07397252569156919,0.08740135058289789,-0.06357802998698235,0.22874552701639056,1.0544456153894306,-0.601311492087411,0.5315332701573465,0.03817841619450513,0.15488733563793072,0.8747319972926281,0.6673619232670797,0.0
0.3049482472240763,-0.08304547985373996,-0.3069033767145615,0.9450729804813818,0.6917392140993238,0.8333837663029249,1.0400149604938158,0.6931042339152891,-0.16287934156733241,0.0029440880925863146,-0.1522715759411817,0.3056576739783376,1.0045202279539356,-0.6490386045042403,0.40953537106181,0.03758678849391506,0.15488733563793072,0.8722058257641236,0.6673619232670797,0.0
0.9698297154677027,-0.08304547985373996,0.7950081435212188,2.462421987205814,-1.56288781903932,0.576828663502311,0.8957661552691406,0.7919358213149857,0.28222406788281884,0.525238967235151,0.29820957734152514,0.4222514129941355,1.063487220987983,-0.6030614862093614,1.1493391233902885,0.0745782195752771,0.15488733563793072,0.8900100617022763,0.6673619232670797,0.0
-0.9492542144908783,-0.08304547985373996,-0.7824698380700108,-1.8999564071269284,1.5950492351328114,0.819141096810921,1.2104988515431807,1.187595311095991,-1.0007564762765795,-0.9514700926365137,-0.9984076244151348,0.3491424949335552,1.071349486725858,-0.6186523429321923,-0.9225765011137957,-0.04916283319208747,0.15488733563793072,0.8221944393688231,0.6673619232670797,0.0
0.005057272752069023,-0.08304547985373996,-1.3409679115196027,0.2812327900394428,0.43637353647737265,0.8461834636512736,0.92200124109384,0.9568402115268239,-0.35770957629549255,-0.23605774986165998,-0.350128592424323,0.41697305532860546,1.071349486725858,-0.63233411515835,0.11106085372390082,0.029783476761327584,0.15488733563793072,0.8725612489851677,0.6673619232670797,0.0
0.1780761901600831,-0.08304547985373996,-2.271679697976223,-0.3826074004024963,0.8589386844944228,0.7740081347621528,1.0137798746691165,0.7919358213149857,0.11110975866389967,-0.06862297195937973,0.09955697121181611,0.5899400379652212,0.8590683118032856,0.6023662830650249,0.3379418825550111,0.29576172736104134,0.15488733563793072,0.9016790064065344,0.6673619232670797,0.0
0.9854661546507796,-0.08304547985373996,-2.829877349309255,1.1347416063219358,-2.3760401419728785,0.7667398306311477,0.8171050646062112,0.6271424778305539,0.7582239922969912,0.5519075693558007,0.7454949162153416,0.4927127289812345,0.7497828180468519,0.6093662595528265,1.189289292959289,0.35381956327797576,0.6688316766183275,0.9142781156164174,0.6673619232670797,0.0
1.5810494625501086,-0.08304547985373996,1.6116630448763303,2.2727533613652597,-0.1821934375811511,0.5702818454431334,0.44990219668278236,0.16552123196481333,1.220135020844419,1.0218633755410431,1.208317207247586,0.5478163576107392,0.7749420684080449,0.6235253029031526,1.8488428496201106,0.3514416042315205,0.6688316766183275,0.9223082319574165,0.6673619232670797,0.0
-0.6618210605511359,-0.08304547985373996,-2.2612695361765454,-1.9947907200472055,-2.0131319424699203,0.778924928733125,1.0793675892308574,1.2865379452230938,-0.5511250022403953,-0.7020472056824298,-0.5613699686694003,0.4905442098210862,0.7714040488260031,0.6147753322934005,-0.5895681606811014,0.28703553710725427,0.6688316766183275,0.8646704396741847,0.6673619232670797,0.0
0.5783384378892901,-0.08304547985373996,-2.0383146547879867,0.3760671029597198,-2.266639529846361,0.8540129236159207,0.9351187840061872,0.9898210895691915,0.43404155464143146,0.2397071105969345,0.42181521620881673,0.54145686986246,0.8280123621386886,0.592184499082768,0.761369015890747,0.42170588796936453,0.15488733563793072,0.9074650354660804,0.6673619232670797,0.0
