energy_cpu_pkg_joules,energy_cpu_ram_joules,energy_cpu_total_joules,energy_gpu_avg_watts,energy_gpu_max_watts,energy_gpu_min_watts,energy_gpu_total_joules,energy_gpu_temp_avg_celsius,energy_gpu_temp_max_celsius,energy_gpu_util_avg_percent,energy_gpu_util_max_percent,is_parallel,model_mnist_ff,model_mnist_rnn,model_siamese,hyperparam_batch_size,hyperparam_learning_rate,hyperparam_epochs,hyperparam_seed,hyperparam_l2_regularization,model_hrnet18,model_pcb,hyperparam_dropout,perf_map,perf_rank1,perf_rank5,hyperparam_alpha,hyperparam_kfold,hyperparam_max_iter,hyperparam_batch_size_x_is_parallel,hyperparam_learning_rate_x_is_parallel,hyperparam_epochs_x_is_parallel,hyperparam_l2_regularization_x_is_parallel,hyperparam_dropout_x_is_parallel,hyperparam_alpha_x_is_parallel,hyperparam_kfold_x_is_parallel,hyperparam_max_iter_x_is_parallel
0.3306457006318825,0.5679760315507829,0.3469364632722247,0.7563863932314767,0.5654678971136311,-1.1430409916883473,0.7758391416500904,0.4982436068316807,0.6240980254832715,0.6285568561642823,0.7440789766840885,False,0.0,0.0,0.0,0.0,0.7130128219549886,0.2548704274227943,-0.3433277257881738,0.0,False,False,0.6793394108172279,0.170208308264448,0.1867734471084695,-0.0905787162944451,0.0,0.0,0.0,0.0,0.0,0.0,0.0,0.0,0.0,0.0,0.0
0.6775099832503501,0.9377846550128522,0.6956024778489033,0.918351830382001,0.1869141401463696,-1.1213600253121867,1.396240419173601,0.798393043079522,0.6240980254832715,0.1439771948624787,0.2134767534391194,False,0.0,0.0,0.0,0.0,0.7130128219549886,0.2548704274227943,-0.3433277257881738,0.0,True,False,0.6793394108172279,0.0601720031554051,-0.1956587263614149,-0.153649967471831,0.0,0.0,0.0,0.0,0.0,0.0,0.0,0.0,0.0,0.0,0.0
0.7927742985760999,0.977545763107099,0.8058428963869153,0.7286193665690215,0.8663024283136809,-1.1407758160968082,1.3090834202705126,0.6656244136525906,0.7118148957316076,0.9848095640155876,0.7720054094864554,False,0.0,0.0,0.0,0.0,0.7130128219549886,0.2548704274227943,-0.3433277257881738,0.0,False,True,0.6793394108172279,0.7429580540456304,0.8624165010797383,0.7605646329276776,0.0,0.0,0.0,0.0,0.0,0.0,0.0,0.0,0.0,0.0,0.0
1.4915318614773674,1.1224700966963328,1.467643353494577,0.691011730736611,0.857569931036466,-1.2511222270560736,1.3049010775108418,0.6807462684563765,0.7118148957316076,0.9678035724163536,0.7440789766840885,True,0.0,0.0,0.0,0.0,0.7130128219549886,0.2548704274227943,-0.3433277257881738,0.0,False,True,0.6793394108172279,0.7428282023756873,0.8624165010797383,0.7605646329276776,0.0,0.0,0.0,0.0,0.7130128219549886,0.2548704274227943,0.0,0.6793394108172279,0.0,0.0,0.0
1.7316819026513388,1.3344044334831264,1.7060578897313643,0.6575739633335032,0.1651920531692977,-1.2507986305429963,1.589268879302176,0.7588253999887729,0.6240980254832715,-0.1336217368519907,0.0738445894272854,True,0.0,0.0,0.0,0.0,0.7130128219549886,0.2548704274227943,-0.3433277257881738,0.0,True,False,0.6793394108172279,0.0601720031554051,-0.1956587263614149,-0.153649967471831,0.0,0.0,0.0,0.0,0.7130128219549886,0.2548704274227943,0.0,0.6793394108172279,0.0,0.0,0.0
0.91531338109103,0.7865871822396265,0.9072657726699236,0.6478144709605862,0.5708165516959253,-1.2537109991606896,0.8743527747761257,0.5925231524200517,0.7118148957316076,0.5226821455065633,0.7720054094864554,True,0.0,0.0,0.0,0.0,0.7130128219549886,0.2548704274227943,-0.3433277257881738,0.0,False,False,0.6793394108172279,0.170208308264448,0.1867734471084695,-0.0905787162944451,0.0,0.0,0.0,0.0,0.7130128219549886,0.2548704274227943,0.0,0.6793394108172279,0.0,0.0,0.0
-0.2554735996141483,-0.1667647566484658,-0.2496574756645205,0.917424971763368,0.4062089780204259,-1.1352746753744989,0.0356024975099206,0.8921243943723792,0.7118148957316076,0.2378831923858599,0.2414031862414861,False,0.0,0.0,0.0,0.0,0.6168264672151325,0.0147336657785394,-0.7698310860544334,0.0,False,False,0.4548961200485988,-0.1529145872197924,-0.131941498851667,-0.5004356683899246,0.0,0.0,0.0,0.0,0.3333215960764148,0.0,0.0,0.25307870301135205,0.0,0.0,0.0
-0.051755918480571,0.0427833004758865,-0.0453987182020798,0.9193229204602864,0.4212725358236214,-1.104371208375643,0.2899124835538429,0.8856717325556799,0.7118148957316076,0.2657800571417219,0.129697455032019,False,0.0,0.0,0.0,0.0,0.6612417043237089,0.2559424665372776,-0.7698310860544334,0.0,False,False,0.4548961200485988,-0.5546756540210472,-0.6546030962075556,-0.3742931660351528,0.0,0.0,0.0,0.0,0.0,0.14951821989948277,0.0,0.25307870301135205,0.0,0.0,0.0
-0.053796977143238,0.051955403246942,-0.0466828072828415,0.9117421121899107,0.4331705633638269,-1.1012970415014112,0.284727429466446,0.8823128870348071,0.7118148957316076,0.2757346666782286,0.2134767534391194,False,0.0,0.0,0.0,0.0,0.6168264672151325,0.2559424665372776,-0.7698310860544334,0.0,False,False,-0.0633428195654174,-0.1856631783792242,-0.2466668572789191,0.1300644822688765,0.0,0.0,0.0,0.0,0.3333215960764148,0.14951821989948277,0.0,-0.0,0.0,0.0,0.0
0.3591340939215672,0.559457984019112,0.3729423201237958,0.6098677936832485,0.5655770533295962,-1.1111667351502603,0.7253593387556798,0.510557468327086,0.6240980254832715,0.6311116734989313,0.7440789766840885,False,0.0,0.0,0.0,0.0,0.6168264672151325,0.2559424665372776,2.2968398916203423,0.0,False,False,0.4548961200485988,-0.41648750686853,-0.3486401829767951,-0.4373644172125386,0.0,0.0,0.0,0.0,0.3333215960764148,0.14951821989948277,0.0,0.25307870301135205,0.0,0.0,0.0
-0.1678541404186042,-0.2027531242342839,-0.1703355397255988,0.9165299783985502,0.5564079311885203,-1.2491806479776113,-0.0930957730062989,0.8738813303874687,0.7118148957316076,0.1622188516492796,0.7720054094864554,True,0.0,0.0,0.0,0.0,0.6168264672151325,-0.1567925925387855,-0.7698310860544334,0.0,False,False,0.4548961200485988,-0.8939780675800905,-0.8203365855523167,-0.8472213693080181,0.0,0.0,0.0,0.0,0.3333215960764148,-0.1567925925387855,0.0,0.25307870301135205,0.0,0.0,0.0
0.3472609873836667,0.2614421426926021,0.3417064442520071,0.8521934080828552,0.752125026414097,-1.2499896392603038,0.3983726139618548,0.8983467402647557,0.7995317659799438,0.1921419511253557,0.7720054094864554,True,0.0,0.0,0.0,0.0,0.3031647122630593,0.2559424665372776,-0.7698310860544334,0.0,False,False,0.4548961200485988,0.0131916689703052,-0.1701975970397952,-0.2167212186492169,0.0,0.0,0.0,0.0,0.3031647122630593,0.14951821989948277,0.0,0.25307870301135205,0.0,0.0,0.0
0.3436958328930427,0.2438507819833242,0.3371900128655809,0.8693946920232474,0.7418643421133696,-1.251607621825689,0.3979849432583658,0.8730754124883396,0.7118148957316076,0.1824023781268743,0.7720054094864554,True,0.0,0.0,0.0,0.0,0.6168264672151325,0.2559424665372776,-0.7698310860544334,0.0,False,False,1.0033864089296975,-0.1255158848619843,-0.2721709227376712,0.0985288566801835,0.0,0.0,0.0,0.0,0.3333215960764148,0.14951821989948277,0.0,1.0033864089296975,0.0,0.0,0.0
0.9221162514676328,0.7712850148681947,0.9125783945854312,0.692406346348121,0.6696029271444172,-1.25257841136492,0.8913327072457488,0.6152271990581938,0.7118148957316076,0.5139727425350005,0.7720054094864554,True,0.0,0.0,0.0,0.0,0.6168264672151325,0.2559424665372776,-0.6030634800177387,0.0,False,False,0.4548961200485988,-0.1144525225829054,0.0210399577637131,0.1300644822688765,0.0,0.0,0.0,0.0,0.3333215960764148,0.14951821989948277,0.0,0.25307870301135205,0.0,0.0,0.0
0.9008907723859642,1.134304408683945,0.9173273122238744,0.8601429960027682,0.2048157595646598,-1.0915891461091003,1.6280407830634205,0.8602243300033605,0.6240980254832715,0.0738888701796057,0.0738445894272854,False,0.0,0.0,0.0,0.0,0.6168264672151325,0.4263966857401192,-0.7698310860544334,0.0,True,False,0.4548961200485988,0.0497059585580604,-0.182949629769176,0.0354576055027976,0.0,0.0,0.0,0.0,0.3333215960764148,0.0,0.0,0.25307870301135205,0.0,0.0,0.0
0.6460914342421723,0.8469408107613682,0.6601418728652705,0.8804448712158122,0.2215166606073334,-1.1263757712648803,1.2944920359785788,0.8559808681198627,0.6240980254832715,0.0583641615375697,0.1017710222296522,False,0.0,0.0,0.0,0.0,0.037603233194746,0.2559424665372776,-0.7698310860544334,0.0,True,False,0.4548961200485988,0.6661897467757859,0.0975521541399695,-0.0275074651170592,0.0,0.0,0.0,0.0,0.0,0.14951821989948277,0.0,0.25307870301135205,0.0,0.0,0.0
0.6527955297757446,0.8298706503209751,0.6652427456572864,0.8646462720731963,0.1740337066624777,-1.110034147354491,1.2871385756874656,0.8410520975197185,0.6240980254832715,0.0531354466861906,0.0738445894272854,False,0.0,0.0,0.0,0.0,0.6168264672151325,0.2559424665372776,-0.7698310860544334,0.0,True,False,-0.0580759729687447,0.3623108687769806,0.3014988055357216,0.47685018318697,0.0,0.0,0.0,0.0,0.3333215960764148,0.14951821989948277,0.0,-0.0,0.0,0.0,0.0
0.7068879674700759,0.9183128854903444,0.7216975043531311,0.8099012896469089,0.1969565120151668,-1.15582305395489,1.339727763944154,0.7232379439063485,0.6240980254832715,0.1390996769992515,0.1576238878343858,False,0.0,0.0,0.0,0.0,0.6168264672151325,0.2559424665372776,1.6157124278842634,0.0,True,False,0.4548961200485988,0.3220568510948913,0.1612693816497173,0.1616001078575694,0.0,0.0,0.0,0.0,0.3333215960764148,0.14951821989948277,0.0,0.25307870301135205,0.0,0.0,0.0
2.4723265428307943,1.989350482477472,2.441439439158404,0.6321412934007063,0.2004495109260526,-1.2501514375168423,2.242670700289473,0.6410259847462646,0.5363811552349353,-0.2285615777091407,-0.0099347089798149,True,0.0,0.0,0.0,0.0,0.6168264672151325,0.5807703182257117,-0.7698310860544334,0.0,True,False,0.4548961200485988,0.6491532076793658,0.1740214143790934,0.3508138613897272,0.0,0.0,0.0,0.0,0.3333215960764148,0.5807703182257117,0.0,0.25307870301135205,0.0,0.0,0.0
1.6284152736342614,1.2760334099057693,1.6057535511197285,0.6464667094309376,0.2175870368325866,-1.2530638061345356,1.4877445402855212,0.6265737742964884,0.5363811552349353,-0.2179887054590776,0.0179917238225518,True,0.0,0.0,0.0,0.0,0.7716783115603155,0.2559424665372776,-0.7698310860544334,0.0,True,False,0.4548961200485988,-2.480220097260369,-2.3629031844355,-2.202828547391711,0.0,0.0,0.0,0.0,0.7716783115603155,0.14951821989948277,0.0,0.25307870301135205,0.0,0.0,0.0
1.6369904116319347,1.287639483867138,1.614539872475675,0.6335260601656975,0.1490369332064504,-1.2530638061345356,1.4832327273140145,0.6214441820475657,0.5363811552349353,-0.2165313517363017,0.2972560518462198,True,0.0,0.0,0.0,0.0,0.6168264672151325,0.2559424665372776,-0.7698310860544334,0.0,True,False,0.4444123028511049,-0.394802277988177,-0.5526297705096797,-0.4058287916238457,0.0,0.0,0.0,0.0,0.3333215960764148,0.14951821989948277,0.0,0.4444123028511049,0.0,0.0,0.0
1.7321486137846571,1.333758894588005,1.7064497062542128,0.6019756334588466,0.1350649375629068,-1.2507986305429963,1.5481760951348789,0.6244735365933303,0.5363811552349353,-0.1356022294231586,0.1017710222296522,True,0.0,0.0,0.0,0.0,0.6168264672151325,0.2559424665372776,-0.1535576913326246,0.0,True,False,0.4548961200485988,0.2847374811534943,0.0210399577637131,0.1300644822688765,0.0,0.0,0.0,0.0,0.3333215960764148,0.14951821989948277,0.0,0.25307870301135205,0.0,0.0,0.0
0.8272517810043716,0.965178327968634,0.8371766975878486,0.7655385400236608,0.8809293612530154,-1.1462769568191176,1.3367117368657124,0.4861710053708643,0.6240980254832715,0.980377853502226,0.7720054094864554,False,0.0,0.0,0.0,0.0,0.6168264672151325,0.3406335565814568,-0.7698310860544334,0.0,False,True,0.4548961200485988,0.6688127505086165,0.8114513062993713,0.7291351878965137,0.0,0.0,0.0,0.0,0.3333215960764148,0.0,0.0,0.25307870301135205,0.0,0.0,0.0
0.7008878896302019,0.8404615760462161,0.7108332075127324,0.7560508507367945,0.8797286428773982,-1.176047836022204,1.1720379576398736,0.4772009091341083,0.6240980254832715,0.9744307340195392,0.7720054094864554,False,0.0,0.0,0.0,0.0,0.1878340184131257,0.2559424665372776,-0.7698310860544334,0.0,False,True,0.4548961200485988,0.8287640375434544,1.0281499904244995,0.9497783864598354,0.0,0.0,0.0,0.0,0.0,0.14951821989948277,0.0,0.25307870301135205,0.0,0.0,0.0
0.7014810325625987,0.8555099563586163,0.7124045058235625,0.7334978414106299,0.879946955309329,-1.1551758609287357,1.1592682598226878,0.4868703977290884,0.7118148957316076,0.975381168629674,0.7720054094864554,False,0.0,0.0,0.0,0.0,0.6168264672151325,0.2559424665372776,-0.7698310860544334,0.0,False,True,0.2260922226086687,0.7513464719238974,0.9516807301853756,0.8867071352824495,0.0,0.0,0.0,0.0,0.3333215960764148,0.14951821989948277,0.0,0.0,0.0,0.0,0.0
0.8045832014660307,0.9568493432795976,0.8154616982468619,0.814251114671445,0.8468726218718776,-1.1231398061341102,1.3472820990750525,0.6756143472064198,0.7118148957316076,0.9810971866720064,0.7720054094864554,False,0.0,0.0,0.0,0.0,0.6168264672151325,0.2559424665372776,2.25371033833499,0.0,False,True,0.4548961200485988,0.7608516141636708,0.9389286974559996,1.075920888814619,0.0,0.0,0.0,0.0,0.3333215960764148,0.14951821989948277,0.0,0.25307870301135205,0.0,0.0,0.0
1.2408605709609182,0.9385562358030638,1.2213068885425176,0.6147561682371099,0.8809293612530154,-1.2540345956737666,1.0316151592785885,0.4910754996672908,0.7118148957316076,0.9530018304209896,0.7440789766840885,True,0.0,0.0,0.0,0.0,0.6168264672151325,0.2034125499275968,-0.7698310860544334,0.0,False,True,0.4548961200485988,0.7947429000185925,0.8879205665384953,0.6660639367191278,0.0,0.0,0.0,0.0,0.3333215960764148,0.2034125499275968,0.0,0.25307870301135205,0.0,0.0,0.0
1.3516610041930226,1.0309040664513616,1.330939017977136,0.5793856282664851,0.8775455185580946,-1.2530638061345356,1.107430667172384,0.4805414490245234,0.7118148957316076,0.961800615655278,0.7440789766840885,True,0.0,0.0,0.0,0.0,-0.129820936884021,0.2559424665372776,-0.7698310860544334,0.0,False,True,0.4548961200485988,0.7110405135738297,0.8624165010797383,1.075920888814619,0.0,0.0,0.0,0.0,-0.129820936884021,0.14951821989948277,0.0,0.25307870301135205,0.0,0.0,0.0
1.3648231224324685,1.035852062468059,1.34355502614653,0.5522154848425931,0.879510330445468,-1.2501514375168423,1.1005181559776915,0.4912735429020593,0.7118148957316076,0.9573813263126816,0.7440789766840885,True,0.0,0.0,0.0,0.0,0.6168264672151325,0.2559424665372776,-0.7698310860544334,0.0,False,True,0.0125201364411402,0.7909252609222908,1.1811314470398795,1.0128496376372214,0.0,0.0,0.0,0.0,0.3333215960764148,0.14951821989948277,0.0,0.0125201364411402,0.0,0.0,0.0
1.508298150270434,1.1287227966540938,1.4837105958818415,0.6217189806073873,0.8533128386138239,-1.2535492009041511,1.2747708270943887,0.6534506929405006,0.7118148957316076,0.969241253587176,0.7720054094864554,True,0.0,0.0,0.0,0.0,0.6168264672151325,0.2559424665372776,1.674496411621336,0.0,False,True,0.4548961200485988,0.7664092656371966,0.8751685338091144,0.9182427608711424,0.0,0.0,0.0,0.0,0.3333215960764148,0.14951821989948277,0.0,0.25307870301135205,0.0,0.0,0.0
2.79163412586646,2.8770260776795613,2.799420456662141,0.0613722967606171,0.8825667044924935,1.4712952374609325,0.9532347058312338,-0.1846258115851866,0.0100799337449185,1.0653528458471315,0.7720054094864554,False,0.0,0.0,0.0,0.0,0.6168264672151325,0.1176494207689343,-0.7698310860544334,0.0,False,False,0.4548961200485988,-0.2431095571616659,-0.0172161404244149,-0.153649967471831,0.0,0.0,0.0,0.0,0.3333215960764148,0.0,0.0,0.25307870301135205,0.0,0.0,0.0
4.739954446566287,4.864211112008234,4.751772720636386,0.0860901445264358,0.8838765790840751,1.2019011403243096,1.9355122511128648,-0.2411457855216721,0.0100799337449185,1.0669744993344037,0.7720054094864554,False,0.0,0.0,0.0,0.0,0.6168264672151325,0.6150755698891767,-0.7698310860544334,0.0,False,False,0.4548961200485988,0.4912795473636028,-0.0044641076950389,0.47685018318697,0.0,0.0,0.0,0.0,0.3333215960764148,0.0,0.0,0.25307870301135205,0.0,0.0,0.0
3.293371312397264,3.3786149089956306,3.3015089645666644,0.1010187679446617,0.8928273887932209,1.2166247816693143,1.2330156659029596,-0.2358656287645339,0.0100799337449185,1.0654006520407164,0.7720054094864554,False,0.0,0.0,0.0,0.0,0.2076620406453768,0.2559424665372776,-0.7698310860544334,0.0,False,False,0.4548961200485988,-0.052253572680577,-0.119189466122291,-0.0590430907057522,0.0,0.0,0.0,0.0,0.0,0.14951821989948277,0.0,0.25307870301135205,0.0,0.0,0.0
3.28145733776806,3.3936666958457358,3.291410328593908,0.1021820914492488,0.8873695779949616,1.4779289659790116,1.227893623547861,-0.2334589923498538,0.0100799337449185,1.065898634453618,0.7720054094864554,False,0.0,0.0,0.0,0.0,0.1476176491918143,0.2559424665372776,-0.7698310860544334,0.0,False,False,0.4548961200485988,-0.3170990386947475,-0.2976749881964233,-0.2482568442379099,0.0,0.0,0.0,0.0,0.0,0.14951821989948277,0.0,0.25307870301135205,0.0,0.0,0.0
3.2602724798405878,3.387168725173205,3.27120360973429,0.1022821192871109,0.8898801709621604,1.5038166870251732,1.219407991863953,-0.2563352041347695,0.0100799337449185,1.0661373975685722,0.7720054094864554,False,0.0,0.0,0.0,0.0,0.6168264672151325,0.2559424665372776,-0.7698310860544334,0.0,False,False,0.8351090615598952,-0.0477347345665873,-0.029968173153791,0.0040281604716336,0.0,0.0,0.0,0.0,0.3333215960764148,0.14951821989948277,0.0,0.0,0.0,0.0,0.0
3.2809030874301057,3.386860433510891,3.290432803396504,0.1012343957435381,0.8813659861168763,1.406090540075912,1.2267591241354068,-0.239253745879969,0.0100799337449185,1.066070118718877,0.7720054094864554,False,0.0,0.0,0.0,0.0,0.6168264672151325,0.2559424665372776,-0.7698310860544334,0.0,False,False,0.8782352108252343,-0.21012723299634,-0.221162791820167,-0.7210788669532463,0.0,0.0,0.0,0.0,0.3333215960764148,0.14951821989948277,0.0,0.0,0.0,0.0,0.0
3.381051888526933,3.451930413485381,3.3882810595469195,0.4979151096661786,0.8886794525865439,-1.189962486084516,1.5742067694336972,0.4627017304952672,0.7118148957316076,0.2742583427472748,0.7720054094864554,False,0.0,0.0,0.0,0.0,0.6168264672151325,0.2559424665372776,0.8412973377828302,0.0,False,False,0.4548961200485988,0.1375116577729946,-0.0172161404244149,0.3508138613897272,0.0,0.0,0.0,0.0,0.3333215960764148,0.14951821989948277,0.0,0.25307870301135205,0.0,0.0,0.0
2.7372188179039734,2.8903745956771028,2.7495493906541038,0.6940461207962473,0.1396494986334444,-1.2475626654122265,1.339455474329653,0.8451486838775298,0.7118148957316076,-0.1130305481151058,-0.0378611417821817,False,0.0,0.0,0.0,0.0,0.6168264672151325,0.2559424665372776,-0.6369281663010522,0.0,False,False,0.4548961200485988,-0.8699555086407793,-0.7693713907719449,-0.6896494219220941,0.0,0.0,0.0,0.0,0.3333215960764148,0.14951821989948277,0.0,0.25307870301135205,0.0,0.0,0.0
2.973942359773225,3.0840924720857283,2.983534591444269,0.5277969232122672,0.5744187068227762,-1.2365603839676074,1.2916219203041803,0.8223029277488196,0.7118148957316076,-0.3987535481853578,0.7161525438817218,True,0.0,0.0,0.0,0.0,0.6168264672151325,0.5807703182257117,-0.7698310860544334,0.0,False,False,0.4548961200485988,0.2302776907797232,0.2887467728063455,0.2877426102123412,0.0,0.0,0.0,0.0,0.3333215960764148,0.5807703182257117,0.0,0.25307870301135205,0.0,0.0,0.0
1.7122193075806535,1.8108887851812596,1.7201263033413798,0.533655855881902,0.5445099036483154,-1.2517694200822276,0.5998758195109402,0.7772041828608416,0.7995317659799438,-0.3984620658956774,0.7161525438817218,True,0.0,0.0,0.0,0.0,0.6168264672151325,0.1348020466006668,-0.7698310860544334,0.0,False,False,0.4548961200485988,-0.0393982573562958,-0.119189466122291,-0.153649967471831,0.0,0.0,0.0,0.0,0.3333215960764148,0.1348020466006668,0.0,0.25307870301135205,0.0,0.0,0.0
2.0400370841547004,2.153073794392451,2.049151953079705,0.5221962223264015,0.552369151197809,-1.2501514375168423,0.7755962515982311,0.7836332168480785,0.7118148957316076,-0.3887839128153093,0.6882261110793549,True,0.0,0.0,0.0,0.0,1.2285676615171168,0.2559424665372776,-0.7698310860544334,0.0,False,False,0.4548961200485988,-0.6226140477348229,-0.4251523793530515,-0.5004356683899246,0.0,0.0,0.0,0.0,1.2285676615171168,0.14951821989948277,0.0,0.25307870301135205,0.0,0.0,0.0
2.0538250644932967,2.1616838184421603,2.062599635309213,0.4679487784888301,0.4159238812413278,-1.2464300776164567,0.7542293766976934,0.7971151599423458,0.7118148957316076,-0.4303741890420834,0.6602996782769881,True,0.0,0.0,0.0,0.0,1.089004408557653,0.2559424665372776,-0.7698310860544334,0.0,False,False,0.4548961200485988,-0.1292815832903076,-0.3231790536551802,-0.5950425451560034,0.0,0.0,0.0,0.0,1.089004408557653,0.14951821989948277,0.0,0.25307870301135205,0.0,0.0,0.0
2.024923668891192,2.126828124643297,2.0332746858309823,0.4917504118964418,0.5114355702108647,-1.245944682846841,0.7498497287283926,0.815175083818,0.7118148957316076,-0.3947587430529185,0.6882261110793549,True,0.0,0.0,0.0,0.0,0.6168264672151325,0.2559424665372776,-0.7698310860544334,0.0,False,False,1.2315799249607593,0.0749750935288181,-0.0172161404244149,-0.6581137963334011,0.0,0.0,0.0,0.0,0.3333215960764148,0.14951821989948277,0.0,1.2315799249607593,0.0,0.0,0.0
2.031991626252777,2.132574953751847,2.040258374686778,0.5420932547098521,0.5411260609533947,-1.2486952532079958,0.7832650144386437,0.7292545452153861,0.7118148957316076,-0.3891364109440153,0.6882261110793549,True,0.0,0.0,0.0,0.0,0.6168264672151325,0.2559424665372776,-0.7698310860544334,0.0,False,False,0.3322304145784156,-0.6835144809377263,-0.7566193580425689,-0.5319712939786175,0.0,0.0,0.0,0.0,0.3333215960764148,0.14951821989948277,0.0,0.3322304145784156,0.0,0.0,0.0
2.9142502527589533,3.036944286977913,2.924647943603816,0.7094874163681928,0.55597130632466,-1.2475626654122265,1.380159833958526,0.8752393624001625,0.7118148957316076,-0.0301862593688383,0.7720054094864554,True,0.0,0.0,0.0,0.0,0.6168264672151325,0.2559424665372776,1.98886293334568,0.0,False,False,0.4548961200485988,-0.14109808525505,-0.0809333679341628,-0.2167212186492169,0.0,0.0,0.0,0.0,0.3333215960764148,0.14951821989948277,0.0,0.25307870301135205,0.0,0.0,0.0
2.904870099790584,3.007339771051504,2.9138930927195204,0.7269155467880353,0.5418901544651509,-1.244326700281456,1.388492769723939,0.864061038043429,0.7995317659799438,-0.0330517506453861,0.6882261110793549,True,0.0,0.0,0.0,0.0,0.6168264672151325,0.2559424665372776,0.9515173072898412,0.0,False,False,0.4548961200485988,-0.6879034673817759,-0.6036379014271887,-0.185185593060524,0.0,0.0,0.0,0.0,0.3333215960764148,0.14951821989948277,0.0,0.25307870301135205,0.0,0.0,0.0
3.0690087013219287,3.1833300252426464,3.078951534481424,-0.8263120892550909,-0.8294393867054676,-1.2452974898206872,0.4700579267365123,-0.264693010555613,-0.2530706770000899,-0.7448775037329441,-0.8756541258531857,False,0.0,0.0,0.0,0.0,0.6168264672151325,-0.139639966707053,-0.7698310860544334,0.0,True,False,0.4548961200485988,-4.271731646785318,-4.224141793141688,-3.810720730184936,0.0,0.0,0.0,0.0,0.3333215960764148,-0.0,0.0,0.25307870301135205,0.0,0.0,0.0
-0.2831735227193437,-0.169874925573247,-0.2757141384809773,0.8967591839997683,0.4260754093260895,-1.102429629297181,-0.0052316991014894,0.8885981407010787,0.7995317659799438,0.2317219873032378,0.2972560518462198,False,0.0,0.0,0.0,0.0,0.7130128219549886,-0.0195715858849255,-0.7698310860544334,0.0,False,False,0.6793394108172279,-0.1055706683588553,-0.0936854006635388,-0.2167212186492169,0.0,0.0,0.0,0.0,0.0,-0.0,0.0,0.0,0.0,0.0,0.0
-0.2717944138651483,-0.1676760054845873,-0.2649477669697234,0.8949744736631646,0.4027159791095401,-1.1156970863333389,0.0102333355421906,0.8956465839560889,0.7995317659799438,0.2398753536019322,0.1855503206367525,False,0.0,0.0,0.0,0.0,0.7130128219549886,-0.002418960053193,-0.7698310860544334,0.0,False,False,0.6793394108172279,-0.2450573322107977,-0.2849229554670473,-0.4373644172125386,0.0,0.0,0.0,0.0,0.0,-0.0,0.0,0.0,0.0,0.0,0.0
-0.0561180624858956,0.0654657317854771,-0.0479347538143901,0.9197367154558796,0.4222549417673084,-1.0991936641664106,0.293908340852429,0.9104724551601956,0.7995317659799438,0.2596308376866913,0.1576238878343858,False,0.0,0.0,0.0,0.0,0.5509772663519613,0.2548704274227943,-0.7698310860544334,0.0,False,False,0.6793394108172279,-0.0418394687512107,-0.2849229554670473,-0.1221143418831381,0.0,0.0,0.0,0.0,0.0,0.0,0.0,0.0,0.0,0.0,0.0
-0.0514773734232256,0.0804306519241016,-0.04259240868133,0.9189954034383384,0.4170154434009793,-1.0951487077529478,0.3008426689171305,0.9093983719810984,0.7995317659799438,0.2592969944546155,0.269329619043853,False,0.0,0.0,0.0,0.0,0.5335348757745251,0.2548704274227943,-0.7698310860544334,0.0,False,False,0.6793394108172279,-0.1598226960607186,-0.1956587263614149,-0.5950425451560034,0.0,0.0,0.0,0.0,0.0,0.0,0.0,0.0,0.0,0.0,0.0
0.3693209904203871,0.5968140764935386,0.3849742325064088,0.6398235190074462,0.5504043393104356,-1.1059891909410282,0.755059038563558,0.5268701301692316,0.7118148957316076,0.6091687152184468,0.7440789766840885,False,0.0,0.0,0.0,0.0,0.7130128219549886,0.2548704274227943,0.8770788931010483,0.0,False,False,0.6793394108172279,-0.039554079360228,0.0082879250343371,-0.0905787162944451,0.0,0.0,0.0,0.0,0.0,0.0,0.0,0.0,0.0,0.0,0.0
0.3627995048778669,0.5871667617126181,0.3782366242424401,0.5589002089981809,0.5619748982027453,-1.102753225810258,0.701826141783312,0.5026539179264101,0.7118148957316076,0.6239951950427894,0.7720054094864554,False,0.0,0.0,0.0,0.0,0.7130128219549886,0.2548704274227943,0.7639836200416805,0.0,False,False,0.6793394108172279,-0.111595785844175,-0.1574455643104191,-0.153649967471831,0.0,0.0,0.0,0.0,0.0,0.0,0.0,0.0,0.0,0.0,0.0
-0.046771986838371,0.0868008774326898,-0.03777102629932,0.882561373157392,0.4401565611855986,-1.079454276868712,0.2912300761701624,0.9186875706874504,0.7995317659799438,0.2601941823168258,0.2972560518462198,False,0.0,0.0,0.0,0.0,0.7130128219549886,0.2548704274227943,-0.7698310860544334,0.0,False,False,1.0771415732824932,-0.3836869750411226,-0.4251523793530515,-0.0590430907057522,0.0,0.0,0.0,0.0,0.0,0.0,0.0,0.0,0.0,0.0,0.0
-0.056630580452669,0.0648866203756054,-0.0484521451710831,0.8876206480978361,0.4068639153162171,-1.1111667351502603,0.2813841936809993,0.8982706330387872,0.7118148957316076,0.2659456872346822,0.2134767534391194,False,0.0,0.0,0.0,0.0,0.7130128219549886,0.2548704274227943,-0.7698310860544334,0.0,False,False,0.5464867228465816,-0.3093598791661902,-0.4506564448118084,-0.5004356683899246,0.0,0.0,0.0,0.0,0.0,0.0,0.0,0.0,0.0,0.0,0.0
1.325878424259599,1.6395637843772886,1.348050489991892,0.8175440973968737,0.2085270709074764,-1.1231398061341102,2.1780768014779426,0.8885312484650937,0.7118148957316076,0.0616397394896173,0.1017710222296522,False,0.0,0.0,0.0,0.0,0.7130128219549886,0.7008386990478391,-0.7698310860544334,0.0,True,False,0.6793394108172279,0.5294039976586418,0.0848001214105934,0.508385808775663,0.0,0.0,0.0,0.0,0.0,0.0,0.0,0.0,0.0,0.0,0.0
0.7998997922837501,1.063366667512373,0.8182963485099292,0.8152781078058464,0.2197701611518902,-1.1029150240667962,1.4706830384411071,0.891163409864049,0.7118148957316076,0.0631861356699096,0.1017710222296522,False,0.0,0.0,0.0,0.0,0.7130128219549886,0.3577861824131892,-0.7698310860544334,0.0,True,False,0.6793394108172279,0.0367207915638361,-0.2721709227376712,-0.2797924698266029,0.0,0.0,0.0,0.0,0.0,0.0,0.0,0.0,0.0,0.0,0.0
0.6522784434724811,0.9049030498141104,0.6698353283879064,0.808656584125193,0.1924811071605939,-1.113917305511415,1.2731358699685027,0.8994876031586198,0.7118148957316076,0.0580819358633893,0.1017710222296522,False,0.0,0.0,0.0,0.0,0.9135030023423564,0.2548704274227943,-0.7698310860544334,0.0,True,False,0.6793394108172279,-0.2124126223873226,-0.2849229554670473,0.2562069846236483,0.0,0.0,0.0,0.0,0.0,0.0,0.0,0.0,0.0,0.0,0.0
0.6527052742629258,0.891268382649338,0.669311370273847,0.8081914526689198,0.1694491455919401,-1.1012970415014112,1.2712475577880682,0.8749344260999095,0.7118148957316076,0.0522097080447898,0.1017710222296522,False,0.0,0.0,0.0,0.0,0.1327496005077247,0.2548704274227943,-0.7698310860544334,0.0,True,False,0.6793394108172279,1.060523298056345,0.696683011734982,0.47685018318697,0.0,0.0,0.0,0.0,0.0,0.0,0.0,0.0,0.0,0.0,0.0
0.7135365021544439,0.9518962374563424,0.7301726535749365,0.7996402075658979,0.168903364512114,-1.1035622170929504,1.3487613227710575,0.8609771632549973,0.7118148957316076,0.1368513463909715,0.1855503206367525,False,0.0,0.0,0.0,0.0,0.7130128219549886,0.2548704274227943,1.789508553715608,0.0,True,False,0.6793394108172279,-0.9517101200364076,-0.8968487819285731,-1.2886139469922022,0.0,0.0,0.0,0.0,0.0,0.0,0.0,0.0,0.0,0.0,0.0
0.7190049244017074,0.9573143356763476,0.7356416103982676,0.7999123230859257,0.1719597385591392,-1.1019442345275654,1.3548042853629303,0.8613524511361055,0.7118148957316076,0.1340812002159534,0.1576238878343858,False,0.0,0.0,0.0,0.0,0.7130128219549886,0.2548704274227943,1.5687491365291022,0.0,True,False,0.6793394108172279,-0.1367610394789788,-0.1574455643104191,-0.2482568442379099,0.0,0.0,0.0,0.0,0.0,0.0,0.0,0.0,0.0,0.0,0.0
0.6475429305605022,0.8882450804360374,0.6642899898078427,0.8164932538106519,0.1680301147843924,-1.1278319555737273,1.2628961087234087,0.875557569298539,0.7118148957316076,0.0585425981574789,0.0738445894272854,False,0.0,0.0,0.0,0.0,0.7130128219549886,0.2548704274227943,-0.7698310860544334,0.0,True,False,0.7077834652386844,-1.856854170535704,-1.9039588145893596,-1.351685198169588,0.0,0.0,0.0,0.0,0.0,0.0,0.0,0.0,0.0,0.0,0.0
0.6462274965884464,0.8966098337709778,0.663628360201633,0.8169335419404578,0.2164954746729345,-1.1048566031452585,1.2610173081661822,0.8783071668993322,0.7118148957316076,0.0600626456224252,0.0738445894272854,False,0.0,0.0,0.0,0.0,0.7130128219549886,0.2548704274227943,-0.7698310860544334,0.0,True,False,0.9235387571879404,-4.992070800622837,-4.7340513577682,-5.197863533857322,0.0,0.0,0.0,0.0,0.0,0.0,0.0,0.0,0.0,0.0,0.0
0.9990285176786948,1.191598966346482,1.0127731720346949,0.5754201462390357,0.8744891445110697,-1.1145644985375691,1.4078655294931153,0.4755869305366087,0.7118148957316076,0.9847095612743846,0.7720054094864554,False,0.0,0.0,0.0,0.0,0.7130128219549886,0.4263966857401192,-0.7698310860544334,0.0,False,True,0.6793394108172279,0.7419452110200807,0.8496644683503624,0.7605646329276776,0.0,0.0,0.0,0.0,0.0,0.0,0.0,0.0,0.0,0.0,0.0
0.6987957149862667,0.8682929890971066,0.7107635077196354,0.5698576428026774,0.8774363623421295,-1.1334948945525751,1.0617917927154434,0.4968764805156821,0.7118148957316076,0.9791651145758414,0.7720054094864554,False,0.0,0.0,0.0,0.0,0.7130128219549886,0.2377178015910618,-0.7698310860544334,0.0,False,True,0.6793394108172279,0.7979632214331572,0.9006725992678714,1.075920888814619,0.0,0.0,0.0,0.0,0.0,0.0,0.0,0.0,0.0,0.0,0.0
0.7250272265812635,0.9190538074412096,0.7386730329697805,0.5373966556466622,0.8771088936942343,-1.150483711489119,1.0777331401828585,0.4766397881509157,0.7118148957316076,0.976409185206636,0.7720054094864554,False,0.0,0.0,0.0,0.0,0.3959451879027311,0.2548704274227943,-0.7698310860544334,0.0,False,True,0.6793394108172279,0.8581624556183755,0.8751685338091144,1.0443852632259143,0.0,0.0,0.0,0.0,0.0,0.0,0.0,0.0,0.0,0.0,0.0
0.7336194032393595,0.9373622443374166,0.7479285894617352,0.4846786762059541,0.8742708320791389,-1.1689287127345092,1.0572774965229572,0.4865980757348896,0.7118148957316076,0.9773275225340188,0.7720054094864554,False,0.0,0.0,0.0,0.0,0.5927455375486802,0.2548704274227943,-0.7698310860544334,0.0,False,True,0.6793394108172279,0.7287003406859731,0.8241604028916102,0.9497783864598354,0.0,0.0,0.0,0.0,0.0,0.0,0.0,0.0,0.0,0.0,0.0
0.8363448695851851,1.034797739048322,0.8503702347866576,0.5349687302876934,0.858115712116292,-1.1218454200818022,1.2248418114814126,0.6423085665091316,0.7118148957316076,0.9819126180465884,0.7720054094864554,False,0.0,0.0,0.0,0.0,0.7130128219549886,0.2548704274227943,0.3924305054426844,0.0,False,True,0.6793394108172279,0.7607477328277169,0.8751685338091144,1.107350333845771,0.0,0.0,0.0,0.0,0.0,0.0,0.0,0.0,0.0,0.0,0.0
0.8424777995889349,1.0392006890321992,0.8563905688162083,0.5159071821017137,0.835738687843429,-1.0964430938052558,1.2135162396923145,0.6425981161240738,0.7995317659799438,0.9858915957830032,0.7720054094864554,False,0.0,0.0,0.0,0.0,0.7130128219549886,0.2548704274227943,1.3729090167963551,0.0,False,True,0.6793394108172279,0.8363993157360579,0.8241604028916102,0.9182427608711424,0.0,0.0,0.0,0.0,0.0,0.0,0.0,0.0,0.0,0.0,0.0
0.7442469590066483,0.9418861264098256,0.7581509569680225,0.4010860654354704,0.8692496461447407,-1.1449825707668095,1.0219729674244251,0.4809460267864835,0.7995317659799438,0.9798235329354748,0.7720054094864554,False,0.0,0.0,0.0,0.0,0.7130128219549886,0.2548704274227943,-0.7698310860544334,0.0,False,True,1.0371169428619451,0.7953142473663374,0.9006725992678714,1.075920888814619,0.0,0.0,0.0,0.0,0.0,0.0,0.0,0.0,0.0,0.0,0.0
0.7514290013119335,0.9500464874824582,0.7654043437009102,0.3981878314218231,0.870232052088427,-1.123948797416803,1.0206826237240154,0.4873335430727928,0.7118148957316076,0.976797423095389,0.7720054094864554,False,0.0,0.0,0.0,0.0,0.7130128219549886,0.2548704274227943,-0.7698310860544334,0.0,False,True,0.240565964495416,0.8043778939283032,1.0026459249657471,0.6029926855417418,0.0,0.0,0.0,0.0,0.0,0.0,0.0,0.0,0.0,0.0,0.0
0.6597597735521481,0.8816823855471098,0.6752454148074808,0.7215283661881886,0.1959741060714798,-1.1543668696460432,1.2289219874351562,0.9005497652999866,0.7118148957316076,0.0529463429361091,0.0738445894272854,False,0.0,0.0,0.0,0.0,0.1281955585794015,0.2548704274227943,-0.7698310860544334,0.0,True,False,0.6793394108172279,0.8999487230057839,0.530992458527363,0.3508138613897272,0.0,0.0,0.0,0.0,0.0,0.0,0.0,0.0,0.0,0.0,0.0
0.6558334735416946,0.8479832112991372,0.6693024993910893,0.6920146422781867,0.2168229433208304,-1.091103751339485,1.200516555703705,0.887426716232696,0.7118148957316076,0.0761326664791504,0.129697455032019,False,0.0,0.0,0.0,0.0,0.7130128219549886,0.2548704274227943,-0.7698310860544334,0.0,True,False,-0.4166140959041744,0.4782943803693813,0.4034721312335976,0.2877426102123412,0.0,0.0,0.0,0.0,0.0,0.0,0.0,-0.0,0.0,0.0,0.0
0.7114575386457641,0.9125609465752368,0.7255722368179852,0.730690402291329,0.2051432282125557,-1.1250813852125725,1.3030708771356068,0.8962858165318619,0.7118148957316076,0.1517415519786305,0.1855503206367525,False,0.0,0.0,0.0,0.0,0.7130128219549886,0.2548704274227943,2.007073189177273,0.0,True,False,0.6793394108172279,-0.2223332899709087,-0.4634084775411844,-0.5004356683899246,0.0,0.0,0.0,0.0,0.0,0.0,0.0,0.0,0.0,0.0,0.0
1.509074397068098,1.7277931109400877,1.5249550164235737,0.4768937482640985,0.8771088936942343,-1.1055037961714127,1.929049424631251,0.4930263543268592,0.7118148957316076,0.9926526699354205,0.7720054094864554,False,0.0,0.0,0.0,0.0,0.7130128219549886,0.7351439507113041,-0.7698310860544334,0.0,False,True,0.6793394108172279,0.6269485721192434,0.9898938922363664,0.5399214343643559,0.0,0.0,0.0,0.0,0.0,0.0,0.0,0.0,0.0,0.0,0.0
0.7540296194603668,0.911298824355487,0.7652101059303946,0.4012923210936867,0.8690313337128105,-1.1360836666571914,1.0249383545322155,0.5022315253863477,0.7118148957316076,0.9780515155126128,0.7720054094864554,False,0.0,0.0,0.0,0.0,0.6709500012861379,0.2548704274227943,-0.7698310860544334,0.0,False,True,0.6793394108172279,0.7760182892129209,0.8369124356209863,0.8867071352824495,0.0,0.0,0.0,0.0,0.0,0.0,0.0,0.0,0.0,0.0,0.0
0.7475982659621117,0.9069793345453854,0.7589169634544736,0.411042384910044,0.8788553931496769,-1.1512927027718116,1.026605682217262,0.4950008174872523,0.7118148957316076,0.9770339940080438,0.7720054094864554,False,0.0,0.0,0.0,0.0,0.7130128219549886,0.2548704274227943,-0.7698310860544334,0.0,False,True,0.2542339795961328,0.7991318864626391,0.9261766647266234,0.9497783864598354,0.0,0.0,0.0,0.0,0.0,0.0,0.0,0.0,0.0,0.0,0.0
0.8436953229978366,1.0057825541449,0.8552662708313569,0.5341561194446928,0.8633552104826204,-1.1032386205798734,1.221356455638244,0.6586502301677856,0.7995317659799438,0.986581319408232,0.7720054094864554,False,0.0,0.0,0.0,0.0,0.7130128219549886,0.2548704274227943,0.983145646365766,0.0,False,True,0.6793394108172279,0.7536318613148829,0.9006725992678714,0.9182427608711424,0.0,0.0,0.0,0.0,0.0,0.0,0.0,0.0,0.0,0.0,0.0
0.6379570789815214,0.8427303301578308,0.652267063514257,0.8541454069854748,0.2094003206351977,-1.1184476566944936,1.281341451972355,0.8544364152132605,0.7118148957316076,0.0542804262773128,0.0738445894272854,False,0.0,0.0,0.0,0.0,1.4824079313319234,0.2548704274227943,-0.7698310860544334,0.0,True,False,0.6793394108172279,-3.124284380173821,-3.1150154986458927,-2.959471200405284,0.0,0.0,0.0,0.0,0.0,0.0,0.0,0.0,0.0,0.0,0.0
0.6480906370651051,0.8903435076623962,0.6649429789438339,0.844131165738515,0.19619241850341,-1.112946515972184,1.286103006025013,0.8601163924640681,0.7118148957316076,0.0485578927146836,0.0738445894272854,False,0.0,0.0,0.0,0.0,0.7130128219549886,0.2548704274227943,-0.7698310860544334,0.0,True,False,-0.6361372365540798,0.6213909206457148,0.4034721312335976,0.2877426102123412,0.0,0.0,0.0,0.0,0.0,0.0,0.0,-0.0,0.0,0.0,0.0
0.7103433584163826,0.9345671801503596,0.7260210804442769,0.8402276349870286,0.2316681886920951,-1.1205510340294942,1.3701064694880516,0.8588607687205568,0.7118148957316076,0.1408798192068841,0.1855503206367525,False,0.0,0.0,0.0,0.0,0.7130128219549886,0.2548704274227943,1.0074259874745568,0.0,True,False,0.6793394108172279,0.4503762713318009,0.1612693816497173,0.0669932310914906,0.0,0.0,0.0,0.0,0.0,0.0,0.0,0.0,0.0,0.0,0.0
0.7043046349191731,0.8680289824249593,0.7158859240840634,0.6692841615544493,0.8761264877505472,-1.170384897043356,1.1311738293470432,0.5138896178224552,0.7118148957316076,0.9739106003767743,0.7720054094864554,False,0.0,0.0,0.0,0.0,-0.0902241249588527,0.2548704274227943,-0.7698310860544334,0.0,False,True,0.6793394108172279,0.8518516644591834,0.8751685338091144,1.265028461789236,0.0,0.0,0.0,0.0,-0.0,0.0,0.0,0.0,0.0,0.0,0.0
0.7936109214965665,0.961570804538904,0.8055430144671931,0.8265612540332848,0.848837433759251,-1.0998408571925646,1.3550285956006929,0.707206232485911,0.7118148957316076,0.9841345385516844,0.7720054094864554,False,0.0,0.0,0.0,0.0,0.7130128219549886,0.2548704274227943,-0.7206314474918836,0.0,False,True,0.6793394108172279,0.6605022436323142,0.7731952081112432,0.8867071352824495,0.0,0.0,0.0,0.0,0.0,0.0,0.0,0.0,0.0,0.0,0.0
-0.3251793767462753,-0.2947943664891201,-0.323358382504263,0.8700010444667837,0.4999741675345201,0.1044235662235815,-0.1804313642752268,0.8508861035202693,0.7995317659799438,0.514459663653669,0.548593947067521,True,0.0,0.0,0.0,0.0,0.7130128219549886,-0.2425557216974479,-0.7698310860544334,0.0,False,False,0.6793394108172279,-0.4608708076547826,-0.0936854006635388,-0.3113280954153076,0.0,0.0,0.0,0.0,0.7130128219549886,-0.2425557216974479,0.0,0.6793394108172279,0.0,0.0,0.0
0.2224908281017905,0.2285707571069754,0.2230623043793306,0.8821245590934629,0.4600229924912621,0.1105718999720451,0.4205319467568334,0.9245778274393456,0.7995317659799438,0.572925415093842,0.6323732454746214,True,0.0,0.0,0.0,0.0,0.938178764134299,0.2548704274227943,-0.7698310860544334,0.0,False,False,0.6793394108172279,-0.0694719041149157,0.0720480886812174,0.5399214343643559,0.0,0.0,0.0,0.0,0.938178764134299,0.2548704274227943,0.0,0.6793394108172279,0.0,0.0,0.0
0.2175802367805403,0.2326109108252565,0.2187535898969609,0.8786060391541082,0.4630793665382877,0.1220595761862794,0.4148990038572363,0.9274419430030488,0.7995317659799438,0.5830916336796438,0.5765203798698878,True,0.0,0.0,0.0,0.0,0.7130128219549886,0.2548704274227943,-0.7698310860544334,0.0,False,False,0.2611113520941425,0.1533016208379709,-0.1574455643104191,0.4137789320095841,0.0,0.0,0.0,0.0,0.7130128219549886,0.2548704274227943,0.0,0.2611113520941425,0.0,0.0,0.0
0.8148538096443187,0.8208859071237016,0.8158486761063881,0.6367300725645516,0.6180811932088501,0.1094393121762754,0.9678420758582026,0.590447135817707,0.7118148957316076,0.7832848164174298,0.7440789766840885,True,0.0,0.0,0.0,0.0,0.7130128219549886,0.2548704274227943,2.319842320039197,0.0,False,False,0.6793394108172279,-0.5452484227832414,-0.5398777377803036,-0.3742931660351528,0.0,0.0,0.0,0.0,0.7130128219549886,0.2548704274227943,0.0,0.6793394108172279,0.0,0.0,0.0
0.9036122662485556,1.1605313424757209,0.9216406349570272,0.675190750332464,0.5703799268320643,-1.1538814748764277,1.4348133326824184,0.5578690011567453,0.7118148957316076,0.6115182041875529,0.7440789766840885,False,0.0,0.0,0.0,0.0,1.5467491743963482,0.6836860732161066,0.9946468605751932,0.0,False,False,1.1396688616423352,-0.5550911793648629,-0.7566193580425689,-0.2797924698266029,0.0,0.0,0.0,0.0,0.0,0.0,0.0,0.0,0.0,0.0,0.0
0.5918663913210727,0.8052516023260194,0.6067256795296531,0.6241043468553095,0.5572811809162422,-1.1001644537056414,1.0121182828037607,0.5294535245576129,0.7118148957316076,0.6232952732439384,0.7440789766840885,False,0.0,0.0,0.0,0.0,0.1630903949498404,0.4435493115718517,0.9202084463864004,0.0,False,False,0.1465235084554828,-0.1586020903632641,-0.3613922157061712,-0.6265781707447081,0.0,0.0,0.0,0.0,0.0,0.0,0.0,0.0,0.0,0.0,0.0
1.0167702080466852,1.283042361234069,1.035512700731075,0.5879040370853477,0.5561896187565901,-1.10469480488872,1.5098161178248757,0.5546108428399446,0.7118148957316076,0.6242008880871268,0.7440789766840885,False,0.0,0.0,0.0,0.0,-0.0615593535826155,0.7694492023747691,-0.1954093319280404,0.0,False,False,-0.0770333932290977,-0.7482844939049098,-0.8713447164698209,-0.4373644172125386,0.0,0.0,0.0,0.0,-0.0,0.0,0.0,-0.0,0.0,0.0,0.0
0.0760144031897959,0.2354468534647751,0.0868528949960141,0.4125055364560103,0.564376334953979,-1.1111667351502603,0.302144120597096,0.4988118010620496,0.7118148957316076,0.6474596268610507,0.7440789766840885,False,0.0,0.0,0.0,0.0,0.6705756945109287,0.0147336657785394,0.0505888608847085,0.0,False,False,0.5814724677892162,-0.1776902858447699,-0.3868962811649233,-0.3113280954153076,0.0,0.0,0.0,0.0,0.0,0.0,0.0,0.0,0.0,0.0,0.0
0.1919140876933383,0.3569682730197837,0.2032162963497741,0.410408333164239,0.5458197782398977,-1.103724015349489,0.4375931381986158,0.5221341051875691,0.7118148957316076,0.6370118424522871,0.7440789766840885,False,0.0,0.0,0.0,0.0,1.2476388754656689,0.1004967949372018,-0.5040252465476709,0.0,False,False,-0.2395347228866243,-0.4864256162994129,-0.221162791820167,-0.5635069195673105,0.0,0.0,0.0,0.0,0.0,0.0,0.0,-0.0,0.0,0.0,0.0
1.6099642564247596,1.5990515347190617,1.6103856496008149,0.6522945799345873,0.7681709901609794,1.5301898028409509,1.8768846454455512,0.7182501839652436,0.7118148957316076,1.0303509017786334,0.7720054094864554,True,0.0,0.0,0.0,0.0,0.7130128219549886,0.1348020466006668,-0.7698310860544334,0.0,True,False,0.6793394108172279,0.319797432037895,0.1485173489203413,0.1931357334462624,0.0,0.0,0.0,0.0,0.7130128219549886,0.1348020466006668,0.0,0.6793394108172279,0.0,0.0,0.0
1.94909817289057,1.954435174268769,1.9508629177418693,0.5187896675829005,0.5411260609533947,1.7701366172875646,2.118550801935589,0.7168421748168553,0.7995317659799438,1.036732982271896,0.7720054094864554,True,0.0,0.0,0.0,0.0,0.0332192257062795,0.2548704274227943,-0.7698310860544334,0.0,True,False,0.6793394108172279,0.623520488032768,0.3014988055357216,-0.0905787162944451,0.0,0.0,0.0,0.0,0.0332192257062795,0.2548704274227943,0.0,0.6793394108172279,0.0,0.0,0.0
2.140858788869671,2.162601880353692,2.1438713221545416,0.560462475122635,0.5342492193475881,1.5932911228909703,2.368989113901411,0.7499686958453348,0.7995317659799438,1.0360895363335372,0.7720054094864554,True,0.0,0.0,0.0,0.0,0.7130128219549886,0.2548704274227943,1.3457533721352075,0.0,True,False,0.6793394108172279,-0.163718246158988,-0.2721709227376712,-0.0905787162944451,0.0,0.0,0.0,0.0,0.7130128219549886,0.2548704274227943,0.0,0.6793394108172279,0.0,0.0,0.0
1.94291276875146,1.9802771692998653,1.9468393387767156,0.5263389390796088,0.5393795614979521,1.7984513121818042,2.1220849796769143,0.694451156402455,0.7995317659799438,1.0372871017888086,0.7720054094864554,True,0.0,0.0,0.0,0.0,0.7130128219549886,0.2548704274227943,-0.7698310860544334,0.0,True,False,0.9803947869233248,-0.0056627935053064,-0.131941498851667,-0.5319712939786175,0.0,0.0,0.0,0.0,0.7130128219549886,0.2548704274227943,0.0,0.9803947869233248,0.0,0.0,0.0
1.7409679725817226,1.7752989825069412,1.7445439265604925,0.597954674123326,0.6162255375374419,1.8579930705879768,1.9733937871239904,0.7350442410111816,0.7995317659799438,1.0345428085195625,0.7720054094864554,True,0.0,0.0,0.0,0.0,0.7130128219549886,0.1862599240958643,-0.7698310860544334,0.0,True,False,0.6793394108172279,-0.3715068884005402,-0.3358881502474191,-0.1221143418831381,0.0,0.0,0.0,0.0,0.7130128219549886,0.1862599240958643,0.0,0.6793394108172279,0.0,0.0,0.0
3.04482121163489,3.1041978576213904,3.051030258191781,0.6080676456964768,0.6325989699322196,1.5510617779344191,3.359267198083327,0.7463820211012642,0.7995317659799438,1.0365195917715218,0.7720054094864554,True,0.0,0.0,0.0,0.0,0.7130128219549886,0.6665334473843741,-0.7698310860544334,0.0,True,False,0.6793394108172279,-0.3851932544124525,-0.221162791820167,-0.2797924698266029,0.0,0.0,0.0,0.0,0.7130128219549886,0.6665334473843741,0.0,0.6793394108172279,0.0,0.0,0.0
1.9252066373269607,2.0129986672264666,1.932531296125969,0.5634766698416177,0.5696158333203081,1.7919793819202636,2.139952574959508,0.715162159596163,0.7118148957316076,1.0369172510414044,0.7720054094864554,True,0.0,0.0,0.0,0.0,1.3474016650093008,0.2548704274227943,-0.7698310860544334,0.0,True,False,0.6793394108172279,-3.29423424579421,-2.974786074759889,-2.770363627430655,0.0,0.0,0.0,0.0,1.3474016650093008,0.2548704274227943,0.0,0.6793394108172279,0.0,0.0,0.0
1.960226887517684,2.044498921385779,1.967338681561072,0.4764953217251319,0.4672273027449646,1.7565455637383294,2.085746832018101,0.6926769901239985,0.7995317659799438,1.0361277788490424,0.7720054094864554,True,0.0,0.0,0.0,0.0,0.7532049729399486,0.2548704274227943,-0.7698310860544334,0.0,True,False,0.6793394108172279,-0.3208387667890846,-0.6290990307488036,-0.2797924698266029,0.0,0.0,0.0,0.0,0.7532049729399486,0.2548704274227943,0.0,0.6793394108172279,0.0,0.0,0.0
2.151281880711887,2.176757747787349,2.154554399532888,0.5182837802906776,0.5620840544187103,1.7036375338502363,2.3282502995814665,0.7584952979589209,0.88724863622828,1.0384795499919317,0.7720054094864554,True,0.0,0.0,0.0,0.0,0.7130128219549886,0.2548704274227943,2.254349294679958,0.0,True,False,0.6793394108172279,-0.435367939678128,-0.5781338359684365,-0.4689000428012316,0.0,0.0,0.0,0.0,0.7130128219549886,0.2548704274227943,0.0,0.6793394108172279,0.0,0.0,0.0
2.135105401200265,2.164308555743961,2.1386183770866776,0.5715930887672481,0.6156797564576159,1.30739360358742,2.3780024300430367,0.7454261084536286,0.7995317659799438,1.0325216941333548,0.7720054094864554,True,0.0,0.0,0.0,0.0,0.7130128219549886,0.2548704274227943,0.6205379205963243,0.0,True,False,0.6793394108172279,-0.4004897811316458,-0.3104270209258042,-0.0275074651170592,0.0,0.0,0.0,0.0,0.7130128219549886,0.2548704274227943,0.0,0.6793394108172279,0.0,0.0,0.0
1.922327350652628,1.965646089856343,1.926641836418664,0.6045921157628881,0.6136057883542774,1.5830978327290444,2.1802392213453903,0.7511255214638944,0.7995317659799438,1.0373250966125318,0.7720054094864554,True,0.0,0.0,0.0,0.0,0.7130128219549886,0.2548704274227943,-0.7698310860544334,0.0,True,False,1.2180875660202035,0.3955528962821927,0.1357653161909652,0.0040281604716336,0.0,0.0,0.0,0.0,0.7130128219549886,0.2548704274227943,0.0,1.2180875660202035,0.0,0.0,0.0
1.9359498831291488,1.9741436981617837,1.9399275386331385,0.5205921350479096,0.468209708688651,1.6902082785575396,2.111372253522068,0.7368457076992857,0.7995317659799438,1.0378429486212946,0.7720054094864554,True,0.0,0.0,0.0,0.0,0.7130128219549886,0.2548704274227943,-0.7698310860544334,0.0,True,False,1.0592759628873396,-0.573659968166602,-0.5016216395921754,-0.878756994896711,0.0,0.0,0.0,0.0,0.7130128219549886,0.2548704274227943,0.0,1.0592759628873396,0.0,0.0,0.0
2.329447621170516,2.292310913282974,2.3286134463121613,0.5433529367535885,0.8437070916088877,1.1575684180327577,2.501508019435988,0.4892585129719847,0.7118148957316076,1.06164620954006,0.7720054094864554,True,0.0,0.0,0.0,0.0,0.7130128219549886,0.1176494207689343,-0.7698310860544334,0.0,False,True,0.6793394108172279,0.8736927153434657,1.0664060886126276,1.075920888814619,0.0,0.0,0.0,0.0,0.7130128219549886,0.1176494207689343,0.0,0.6793394108172279,0.0,0.0,0.0
1.4810424670217672,1.4582269692579486,1.4805659255473291,0.4192661714968712,0.8377034997308024,1.0569299024658023,1.5414454133619386,0.4463081791463157,0.7118148957316076,1.058488434793938,0.7720054094864554,True,0.0,0.0,0.0,0.0,0.7130128219549886,-0.1224873408753205,-0.7698310860544334,0.0,False,True,0.6793394108172279,0.9044935314537628,1.1173712833929947,0.8236358841050635,0.0,0.0,0.0,0.0,0.7130128219549886,-0.1224873408753205,0.0,0.6793394108172279,0.0,0.0,0.0
3.670122763551279,3.5931688732776674,3.6675609876985136,0.4845517111031386,0.857133306172605,0.8723180917553602,3.79397972936756,0.4872053297266669,0.7118148957316076,1.063376338942694,0.7720054094864554,True,0.0,0.0,0.0,0.0,0.7130128219549886,0.4950071890670492,-0.7698310860544334,0.0,False,True,0.6793394108172279,0.7416075966782298,1.0153979576951233,0.6660639367191278,0.0,0.0,0.0,0.0,0.7130128219549886,0.4950071890670492,0.0,0.6793394108172279,0.0,0.0,0.0
2.82188713172688,2.736680130766019,2.818156221871735,0.470647528232848,0.8282069089418312,0.7720031727014829,2.9086401691585086,0.4608966200723672,0.7118148957316076,1.0627101898089473,0.7720054094864554,True,0.0,0.0,0.0,0.0,0.1903441632153871,0.2548704274227943,-0.7698310860544334,0.0,False,True,0.6793394108172279,0.968744137741177,1.206635512498632,0.9497783864598354,0.0,0.0,0.0,0.0,0.1903441632153871,0.2548704274227943,0.0,0.6793394108172279,0.0,0.0,0.0
2.803210660938162,2.7169784199484157,2.799396954583146,0.5072669770653988,0.8517846515903108,0.9736038003484692,2.935920546585882,0.4639955742168153,0.7118148957316076,1.0623628707076782,0.7720054094864554,True,0.0,0.0,0.0,0.0,0.0770276486286415,0.2548704274227943,-0.7698310860544334,0.0,False,True,0.6793394108172279,0.9531619373481112,1.1428753488517516,1.170421585023157,0.0,0.0,0.0,0.0,0.0770276486286415,0.2548704274227943,0.0,0.6793394108172279,0.0,0.0,0.0
2.796335931863255,2.7365574954086345,2.794306565561662,0.5133687016912715,0.8464359970080173,0.8540348887665085,2.9450877337416337,0.4771855575260599,0.7118148957316076,1.061106742597376,0.7720054094864554,True,0.0,0.0,0.0,0.0,0.7351051961370061,0.2548704274227943,-0.7698310860544334,0.0,False,True,0.6793394108172279,0.8197263613154748,0.8879205665384953,0.8867071352824495,0.0,0.0,0.0,0.0,0.7351051961370061,0.2548704274227943,0.0,0.6793394108172279,0.0,0.0,0.0
3.067647337047864,3.0107922970156507,3.0660111054568864,0.5210870982354462,0.8346471256837769,0.6896478601233801,3.2441747835336163,0.5248856459977774,0.7118148957316076,1.0626880806304564,0.7720054094864554,True,0.0,0.0,0.0,0.0,0.7130128219549886,0.2548704274227943,1.443513692915339,0.0,False,True,0.6793394108172279,0.8541370538501659,0.9516807301853756,0.7605646329276776,0.0,0.0,0.0,0.0,0.7130128219549886,0.2548704274227943,0.0,0.6793394108172279,0.0,0.0,0.0
3.082818535594545,3.0200206076588403,3.08079126340038,0.5140491481340432,0.8350837505476378,1.0931727119304295,3.2381721067677707,0.5664177741066537,0.7995317659799438,1.0633334044508531,0.7720054094864554,True,0.0,0.0,0.0,0.0,0.7130128219549886,0.2548704274227943,1.7799242085410854,0.0,False,True,0.6793394108172279,0.7967166454017134,1.0791581213420036,1.265028461789236,0.0,0.0,0.0,0.0,0.7130128219549886,0.2548704274227943,0.0,0.6793394108172279,0.0,0.0,0.0
3.0891009860169323,3.0040081771758893,3.085570249875184,0.4642916526179344,0.8380309683786976,0.9316980519049944,3.184060482335725,0.5481892917116252,0.7995317659799438,1.063711452435916,0.7720054094864554,True,0.0,0.0,0.0,0.0,0.7130128219549886,0.2548704274227943,1.5377597537981456,0.0,False,True,0.6793394108172279,0.8770428884279764,1.1046621868007558,0.9813140120485284,0.0,0.0,0.0,0.0,0.7130128219549886,0.2548704274227943,0.0,0.6793394108172279,0.0,0.0,0.0
2.8663775434616845,2.80351129073406,2.8641897670399934,0.3653222482007777,0.8324640013644733,0.8789518202734392,2.824431440875758,0.4536559034738313,0.7118148957316076,1.0625178889015543,0.7720054094864554,True,0.0,0.0,0.0,0.0,0.7130128219549886,0.2548704274227943,-0.7698310860544334,0.0,False,True,-0.683231534063901,0.7838613300774322,1.0664060886126276,1.138885959434464,0.0,0.0,0.0,0.0,0.7130128219549886,0.2548704274227943,0.0,-0.683231534063901,0.0,0.0,0.0
2.860953199488124,2.798878399455087,2.858815048945181,0.3773358893859454,0.8319182202846472,0.805819008318032,2.836019568940002,0.454953193029314,0.7118148957316076,1.0616786423131812,0.7720054094864554,True,0.0,0.0,0.0,0.0,0.7130128219549886,0.2548704274227943,-0.7698310860544334,0.0,False,True,1.1340227781329246,0.8031313178968594,1.1301233161223754,1.107350333845771,0.0,0.0,0.0,0.0,0.7130128219549886,0.2548704274227943,0.0,1.1340227781329246,0.0,0.0,0.0
2.834753913185666,2.766965954233454,2.832210465110592,0.4449335572223687,0.8347562818997419,0.9359048065749956,2.8829433328798606,0.4521603389952929,0.7995317659799438,1.062755344637225,0.7720054094864554,True,0.0,0.0,0.0,0.0,0.7130128219549886,0.2548704274227943,-0.7698310860544334,0.0,False,True,0.13652073726748,0.865564000805082,1.0536540558832517,1.075920888814619,0.0,0.0,0.0,0.0,0.7130128219549886,0.2548704274227943,0.0,0.13652073726748,0.0,0.0,0.0
1.2754486812133836,1.8708847272439628,1.3166415743031914,0.2400037285899863,0.5498585582306096,-1.1698995022737404,1.3266201263578692,0.5213222876444584,0.7995317659799438,0.6586731677528983,0.7440789766840885,False,0.0,0.0,0.0,0.0,0.1412114082853502,0.7351439507113041,-0.768553173364497,0.0,False,False,0.2111596756863073,-0.0821713974352676,-0.182949629769176,-0.2797924698266029,0.0,0.0,0.0,0.0,0.0,0.0,0.0,0.0,0.0,0.0,0.0
0.235010415987324,0.5699416038066416,0.2578338606645933,0.2583692710757037,0.5407985923054994,-1.1034004188364115,0.3064355477068477,0.5127495778241742,0.7118148957316076,0.6533133335282594,0.7720054094864554,False,0.0,0.0,0.0,0.0,0.2533217239624937,0.0147336657785394,1.9121881719494984,0.0,False,False,-0.6866302872549626,-0.5338474461623146,-0.4506564448118084,-0.5004356683899246,0.0,0.0,0.0,0.0,0.0,0.0,0.0,-0.0,0.0,0.0,0.0
0.128542617776189,0.4268925692240806,0.1488150894092299,0.261792218199593,0.5507318079583309,-1.086573400156407,0.2037944909136587,0.515287720200297,0.7995317659799438,0.6428306576943934,0.7720054094864554,False,0.0,0.0,0.0,0.0,1.2065218903161383,-0.0538768375483905,2.1978016581502744,0.0,False,False,-0.1906727341521364,-0.5702318840801267,-0.4888696068627993,-0.153649967471831,0.0,0.0,0.0,0.0,0.0,-0.0,0.0,-0.0,0.0,0.0,0.0
0.5020621560662528,0.7599071789330691,0.5198639540716627,0.2504165544688275,0.5780208619496271,-1.1187712532075704,0.6996766923111689,0.4807912270384751,0.7118148957316076,0.717492345131843,0.7440789766840885,False,0.0,0.0,0.0,0.0,0.3984586441043271,0.3063283049179918,1.1623729011293402,0.0,False,False,1.1552016952427135,-0.0518899880047398,-0.2721709227376712,-0.5635069195673105,0.0,0.0,0.0,0.0,0.0,0.0,0.0,0.0,0.0,0.0,0.0
0.4842457672232207,0.7352182969151587,0.5015698896996463,0.4412467973237863,0.5766018311420797,-1.177989415100666,0.7851476950286446,0.4901030656358667,0.7118148957316076,0.6527908772961925,0.7440789766840885,False,0.0,0.0,0.0,0.0,1.4020907864437788,0.3406335565814568,-0.0072366883349116,0.0,False,False,-0.6588943207195022,0.1590670349834044,-0.119189466122291,-0.0905787162944451,0.0,0.0,0.0,0.0,0.0,0.0,0.0,-0.0,0.0,0.0,0.0
0.3957346181322208,0.4089878070459311,0.3969160535862087,0.6258882655038401,0.6101127894433914,0.1270753221389733,0.5194748445377253,0.5592258918119294,0.7118148957316076,0.7817970907695361,0.7440789766840885,True,0.0,0.0,0.0,0.0,0.6725114209376832,-0.002418960053193,1.2888862574330398,0.0,False,False,1.185360796453897,-0.6559339862419996,-0.7056112271250646,-0.4373644172125386,0.0,0.0,0.0,0.0,0.6725114209376832,-0.002418960053193,0.0,1.185360796453897,0.0,0.0,0.0
1.0233642930988327,1.0186575634014283,1.0237829743935756,0.6395575569791978,0.5994154802788038,-1.0236338783629255,1.1757114174720908,0.5826126296015997,0.7118148957316076,0.7926802503390963,0.7440789766840885,True,0.0,0.0,0.0,0.0,0.4743128843612294,0.3749388082449217,1.385688143695719,0.0,False,False,0.1875567343586932,-0.4607669263188287,-0.7438673253131929,-0.153649967471831,0.0,0.0,0.0,0.0,0.4743128843612294,0.3749388082449217,0.0,0.1875567343586932,0.0,0.0,0.0
0.7174097106867683,0.7336615091839153,0.7190256405489837,0.6097750724064995,0.595049231640196,0.1217359796732024,0.8424533846145422,0.5636372547828002,0.7118148957316076,0.7930987042670781,0.7440789766840885,True,0.0,0.0,0.0,0.0,0.0711769897543624,0.1862599240958643,1.0668489275565975,0.0,False,False,0.2072504875000345,-0.2105946990081311,-0.3613922157061712,-0.5004356683899246,0.0,0.0,0.0,0.0,0.0711769897543624,0.1862599240958643,0.0,0.2072504875000345,0.0,0.0,0.0
0.7114348204318671,0.7203095846486687,0.7125474768041139,0.6224586297192579,0.6118592888988347,0.105232557506274,0.8464689303080142,0.5631003939924746,0.7118148957316076,0.780676469831425,0.7440789766840885,True,0.0,0.0,0.0,0.0,0.5464162163764161,0.1862599240958643,-0.7522597865678085,0.0,False,False,-0.070445166051423,-0.1416954029367841,-0.3104270209258042,-0.5319712939786175,0.0,0.0,0.0,0.0,0.5464162163764161,0.1862599240958643,0.0,-0.070445166051423,0.0,0.0,0.0
0.8145856359454916,0.8282508416421869,0.8160965999985289,0.6036486968991263,0.6011619797342463,0.1225449709558949,0.9370618423508952,0.5483253085848336,0.7118148957316076,0.7985506920159552,0.7720054094864554,True,0.0,0.0,0.0,0.0,0.108872373291388,0.2377178015910618,-0.5835753114962092,0.0,False,False,0.8662472247016277,-0.5796331449839434,-0.5143736723215515,-0.9733638716628016,0.0,0.0,0.0,0.0,0.108872373291388,0.2377178015910618,0.0,0.8662472247016277,0.0,0.0,0.0
0.5303638649026101,0.7790808764063785,0.5475686425744911,0.7661713665347292,0.18418523474724,-1.0920745408787158,1.08126840433336,0.8771618526857364,0.7118148957316076,0.135528273697594,0.1855503206367525,False,0.0,0.0,0.0,0.0,1.105991059771172,0.1348020466006668,1.3342521579257804,0.0,True,False,1.033879085975381,-3.546302307486064,-3.0257942056773928,-2.959471200405284,0.0,0.0,0.0,0.0,0.0,0.0,0.0,0.0,0.0,0.0,0.0
0.6706004360432744,0.9602473646404625,0.6906746448737996,0.7239376682327638,0.2267561589736619,-1.1150498933071846,1.2413624589282903,0.901273583927059,0.7118148957316076,0.1487427778656182,0.2414031862414861,False,0.0,0.0,0.0,0.0,1.338152592245783,0.2205651757593293,-0.2564296628725015,0.0,True,False,0.8147193115839342,-1.394114759529578,-1.2792809553984574,-1.0994001934600328,0.0,0.0,0.0,0.0,0.0,0.0,0.0,0.0,0.0,0.0,0.0
0.8550246740248554,1.1892160932217457,0.8782446221245807,0.7210281674882626,0.227847721133314,-1.0957959007791018,1.4842810456555904,0.902329370128079,0.7118148957316076,0.1596813464354497,0.2414031862414861,False,0.0,0.0,0.0,0.0,0.4056223317741494,0.3406335565814568,2.036784659218293,0.0,True,False,-0.1861830535058524,0.693952033809434,0.3907200985042215,0.1616001078575694,0.0,0.0,0.0,0.0,0.0,0.0,0.0,-0.0,0.0,0.0,0.0
0.0682116844646193,0.2653272989452997,0.0815933831707835,0.7290361451382588,0.205579853076416,-1.0972520850879484,0.4579379016075465,0.8949773260514127,0.7118148957316076,0.1345054465950156,0.1855503206367525,False,0.0,0.0,0.0,0.0,-0.1298996809140044,-0.1567925925387855,-0.3452445948230784,0.0,True,False,-0.6579986840332688,0.4392609683847466,0.0337919904930892,-0.2167212186492169,0.0,0.0,0.0,0.0,-0.0,-0.0,0.0,-0.0,0.0,0.0,0.0
0.1991514439107204,0.4368856475820717,0.2153748204226578,0.7319686943800506,0.209727789283093,-1.1105195421241063,0.6338965898789836,0.8976707960817134,0.7118148957316076,0.138579735879903,0.1855503206367525,False,0.0,0.0,0.0,0.0,0.7816213578250047,-0.071029463380123,-0.3449251166505943,0.0,True,False,0.1678589862277802,-0.0040786031320117,0.0082879250343371,0.2562069846236483,0.0,0.0,0.0,0.0,0.0,-0.0,0.0,0.0,0.0,0.0,0.0
2.331023573791064,2.3384269174661365,2.333203148886042,0.7614677144389966,0.3615640856906655,0.1201179971078171,2.7356827194977464,0.8992692952735303,0.7118148957316076,0.5202632635887435,0.5206675142651541,True,0.0,0.0,0.0,0.0,1.1310309662507845,0.7694492023747691,0.1962709075374534,0.0,True,False,0.8075134217374589,-2.1530458296739274,-2.018684173016612,-2.139757296214313,0.0,0.0,0.0,0.0,1.1310309662507845,0.7694492023747691,0.0,0.8075134217374589,0.0,0.0,0.0
2.267512337471027,2.2621136597958733,2.268780263760822,0.7493395978832326,0.3940926380482908,0.117529225003201,2.654188595175649,0.8840688432772348,0.7118148957316076,0.5202526682924374,0.5206675142651541,True,0.0,0.0,0.0,0.0,0.842654598733713,0.7351439507113041,-0.1161787451519861,0.0,True,False,1.0547198492243466,-0.6777230964583036,-0.4506564448118084,-0.3742931660351528,0.0,0.0,0.0,0.0,0.842654598733713,0.7351439507113041,0.0,1.0547198492243466,0.0,0.0,0.0
1.030029742975069,1.0325426110875278,1.0309415463665972,0.7690787086805977,0.3697508018880544,0.1154258476682004,1.3140946932327136,0.8715185561297861,0.7118148957316076,0.509339572587954,0.4927410814627873,True,0.0,0.0,0.0,0.0,-0.0558047132440087,0.1519546724323993,0.36239955722918,0.0,True,False,0.9674908418717796,0.7910551125922309,0.3780110019119826,0.2562069846236483,0.0,0.0,0.0,0.0,-0.0558047132440087,0.1519546724323993,0.0,0.9674908418717796,0.0,0.0,0.0
1.607947521067189,1.644595240567762,1.6115843708358166,0.7710166801919609,0.3304545641405876,0.1382394018401306,1.9584596296507168,0.864990523202218,0.7118148957316076,0.5105575348919085,0.4927410814627873,True,0.0,0.0,0.0,0.0,-0.0305377462404001,0.4263966857401192,-0.4628125622972233,0.0,True,False,1.043482386870376,0.4357549732963065,0.1612693816497173,-0.2482568442379099,0.0,0.0,0.0,0.0,-0.0305377462404001,0.4263966857401192,0.0,1.043482386870376,0.0,0.0,0.0
1.8631118322559777,1.8397745216518868,1.862875166204984,0.7726229977657146,0.3604725235310134,0.1157494441812774,2.2346177476892644,0.870459070522624,0.7118148957316076,0.5147497853642694,0.4927410814627873,True,0.0,0.0,0.0,0.0,0.4674755480956539,0.5464650665622467,1.3610883244144438,0.0,True,False,0.8621062545896654,0.2306412754555603,-0.0554293024754107,0.0985288566801835,0.0,0.0,0.0,0.0,0.4674755480956539,0.5464650665622467,0.0,0.8621062545896654,0.0,0.0,0.0
1.2246659415718897,1.4665985356682991,1.241911875476081,0.672446794522882,0.8635735229145513,-1.101782436271027,1.777081732856672,0.6573374657455179,0.7118148957316076,0.9885412276008464,0.7720054094864554,False,0.0,0.0,0.0,0.0,0.8284501131870556,0.4950071890670492,0.0001113096322224,0.0,False,True,0.6812502319965692,0.6545550371489621,0.8751685338091144,0.47685018318697,0.0,0.0,0.0,0.0,0.0,0.0,0.0,0.0,0.0,0.0,0.0
1.133795061480896,1.384160323204217,1.1515459209162129,0.6899626322628438,0.8497106834869723,-1.1503219132325804,1.6811656375595272,0.6571877872438829,0.7118148957316076,0.9873697709244714,0.7720054094864554,False,0.0,0.0,0.0,0.0,0.8390402081726978,0.4435493115718517,0.6202184424238403,0.0,False,True,0.4032119436372717,0.8186615776219497,1.0153979576951233,0.6660639367191278,0.0,0.0,0.0,0.0,0.0,0.0,0.0,0.0,0.0,0.0,0.0
1.588731369229864,1.8939691300027583,1.6105213625863826,0.7165154863277106,0.86608411588175,-1.1035622170929504,2.2628075161131536,0.6665464125619137,0.7118148957316076,0.9956260950980922,0.7720054094864554,False,0.0,0.0,0.0,0.0,0.1237852113537772,0.7179913248795716,0.4607988343542795,0.0,False,True,0.8489599466931248,0.569320400998883,0.8751685338091144,0.7605646329276776,0.0,0.0,0.0,0.0,0.0,0.0,0.0,0.0,0.0,0.0,0.0
0.2774081592039784,0.4525625341010678,0.2894551015081341,0.6998657892814578,0.8682672402010543,-1.1194184462337249,0.6338445752681517,0.6352406178020049,0.7118148957316076,0.9641780866597744,0.7720054094864554,False,0.0,0.0,0.0,0.0,1.125605124109761,-0.071029463380123,0.558878633306895,0.0,False,True,0.2108346097255878,0.804819389606108,1.1811314470398795,1.138885959434464,0.0,0.0,0.0,0.0,0.0,-0.0,0.0,0.0,0.0,0.0,0.0
0.9346607800010313,1.150872104812832,0.9499581056077624,0.7153134023909736,0.8682672402010543,-1.1333330962960366,1.4465016764503835,0.6552135929883416,0.7118148957316076,0.9875345906528756,0.7720054094864554,False,0.0,0.0,0.0,0.0,0.7580283271606606,0.3234809307497243,0.1799775207407648,0.0,False,True,-0.0150904272478237,0.8311013676024154,0.9006725992678714,0.9182427608711424,0.0,0.0,0.0,0.0,0.0,0.0,0.0,-0.0,0.0,0.0,0.0
1.413836928103844,1.3143041577540224,1.4081229559651536,0.7547046002954177,0.809322883579854,0.1223831726993563,1.6248780464027677,0.7225046038344226,0.7118148957316076,1.0010373124385656,0.7720054094864554,True,0.0,0.0,0.0,0.0,0.89208235434935,0.2034125499275968,1.1780273315810603,0.0,False,True,-0.3915842859787081,0.7609554954996247,0.9898938922363664,0.7605646329276776,0.0,0.0,0.0,0.0,0.89208235434935,0.2034125499275968,0.0,-0.3915842859787081,0.0,0.0,0.0
2.075246735106933,1.9200001878764892,2.0662407294593548,0.7325622231114962,0.7789774555415329,0.1295022959870508,2.2942167805343106,0.7371929118354628,0.7995317659799438,1.0068798731806827,0.7720054094864554,True,0.0,0.0,0.0,0.0,-0.1341781917300068,0.4778545632353167,2.177994011456261,0.0,False,True,-0.6173877954464432,0.7538915646547661,0.7986992735699953,0.6029926855417418,0.0,0.0,0.0,0.0,-0.1341781917300068,0.4778545632353167,0.0,-0.6173877954464432,0.0,0.0,0.0
2.547361963555727,2.3787211487112354,2.537790013804252,0.745111427054991,0.7859634533633045,0.1439023408189784,2.8127650691790995,0.7365913014871514,0.7995317659799438,1.0106036636254672,0.7720054094864554,True,0.0,0.0,0.0,0.0,0.5617949313219653,0.6836860732161066,-0.6877251957260224,0.0,False,True,1.1793152291090163,0.5629576691717125,0.4417282294217258,0.1616001078575694,0.0,0.0,0.0,0.0,0.5617949313219653,0.6836860732161066,0.0,1.1793152291090163,0.0,0.0,0.0
0.7369725622231297,0.6960226740799631,0.7347335545814215,0.7320683683532362,0.7849810474196182,0.1350034367093603,0.8956594093963482,0.720296926470997,0.7995317659799438,0.983875400789856,0.7720054094864554,True,0.0,0.0,0.0,0.0,-0.0190496585997617,-0.0881820892118555,-0.076563451763959,0.0,False,True,-0.3873731413010468,0.7657340369534977,1.0536540558832517,1.2334928362005428,0.0,0.0,0.0,0.0,-0.0190496585997617,-0.0881820892118555,0.0,-0.3873731413010468,0.0,0.0,0.0
1.7439026966367062,1.6152632476577629,1.7364577137047958,0.7436631284453676,0.8006995425186048,0.1120280842808915,1.957781133861863,0.7543677725648976,0.7118148957316076,1.0037204565936726,0.7720054094864554,True,0.0,0.0,0.0,0.0,-0.0994720814384034,0.3406335565814568,-0.0062782538174593,0.0,False,True,-0.2971828752720288,0.8387106754610296,0.9134246319972472,0.9497783864598354,0.0,0.0,0.0,0.0,-0.0994720814384034,0.3406335565814568,0.0,-0.2971828752720288,0.0,0.0,0.0
1.3188493594924564,1.2910187692706243,1.3179167925011954,0.4600825975573271,0.5972323559594995,0.1265899273693577,1.3520224570629311,0.5580224788317776,0.7118148957316076,0.8076690659427036,0.7440789766840885,True,0.0,0.0,0.0,0.0,1.3817395359930988,0.5293124407305142,-0.5704767064243615,0.0,False,False,1.3198304172264643,-2.685463646771056,-2.6815751942585044,-2.801899253019348,0.0,0.0,0.0,0.0,1.3817395359930988,0.5293124407305142,0.0,1.3198304172264643,0.0,0.0,0.0
1.028439591470836,0.9922483798424286,1.0267323701011462,0.449465764125018,0.590464670569658,6.369075624112014e-05,1.0590954803378565,0.5507497141768553,0.7118148957316076,0.812933543167123,0.7720054094864554,True,0.0,0.0,0.0,0.0,0.3753537936887978,0.3577861824131892,1.7661866471242695,0.0,False,False,-0.6632470908930829,-0.3206310041171768,-0.1446935315810431,-0.3742931660351528,0.0,0.0,0.0,0.0,0.3753537936887978,0.3577861824131892,0.0,-0.6632470908930829,0.0,0.0,0.0
1.157772407689388,1.098718012547332,1.1546119053686006,0.4379983281021476,0.6064014781005754,0.1206033918774327,1.178994412977221,0.559593189266197,0.7118148957316076,0.8122763687815782,0.7440789766840885,True,0.0,0.0,0.0,0.0,1.2272495202068827,0.4263966857401192,1.8406250613130624,0.0,False,False,-0.2691903820434791,-0.3036464056887322,-0.182949629769176,0.1300644822688765,0.0,0.0,0.0,0.0,1.2272495202068827,0.4263966857401192,0.0,-0.2691903820434791,0.0,0.0,0.0
0.4415744176913725,0.4169710281578971,0.440228311460669,0.4537885783446506,0.5937393570486137,-0.9755797961709872,0.4870965696449588,0.5300084378461574,0.7118148957316076,0.7905616960466049,0.7720054094864554,True,0.0,0.0,0.0,0.0,1.0086374817944868,0.0147336657785394,2.41696368447436,0.0,False,False,1.2868861927706412,-0.6100963467523925,-0.6928591943956887,-0.5319712939786175,0.0,0.0,0.0,0.0,1.0086374817944868,0.0147336657785394,0.0,1.2868861927706412,0.0,0.0,0.0
0.4925887843397727,0.4783568376042922,0.4919809262635212,0.4969590560218275,0.6020352294619677,0.1199561988512788,0.5573626329445316,0.5303958654365626,0.7118148957316076,0.7994770654097698,0.7720054094864554,True,0.0,0.0,0.0,0.0,0.3150544858190057,0.0490389174420044,1.507728805584641,0.0,False,False,-0.2450650602337637,-0.4392634897763944,-0.2849229554670473,0.0040281604716336,0.0,0.0,0.0,0.0,0.3150544858190057,0.0490389174420044,0.0,-0.2450650602337637,0.0,0.0,0.0
0.9682496592476916,0.9381900329997628,0.9669138187460442,0.3608163854025429,0.5959224813679173,0.117852821516278,0.9451494935299382,0.5141885510932999,0.7118148957316076,0.8223570405159456,0.7720054094864554,True,0.0,0.0,0.0,0.0,0.0120651114340772,0.3063283049179918,1.95372033437243,0.0,False,False,0.1485274809490956,-0.329512858341224,-0.3868962811649233,-0.7526144925419392,0.0,0.0,0.0,0.0,0.0120651114340772,0.3063283049179918,0.0,0.1485274809490956,0.0,0.0,0.0
0.3220152487221122,0.3241922704899007,0.3223944172819634,0.4674927077068078,0.5940668256965096,0.122221374442818,0.3779505603000048,0.5166787983125404,0.7118148957316076,0.7915987028277592,0.7720054094864554,True,0.0,0.0,0.0,0.0,0.6453451452560551,-0.0538768375483905,-0.2030768080676585,0.0,False,False,-0.4869741067001328,-0.2300984198334524,-0.131941498851667,-0.0905787162944451,0.0,0.0,0.0,0.0,0.6453451452560551,-0.0538768375483905,0.0,-0.4869741067001328,0.0,0.0,0.0
1.5610845376027975,1.5070971591757063,1.5585572290725778,0.3773952338455597,0.621574192119736,0.1445495338451326,1.5209390632165436,0.5303954614346308,0.7118148957316076,0.82967792232009,0.7720054094864554,True,0.0,0.0,0.0,0.0,1.5352932652893638,0.6493808215526417,-0.1062749218049794,0.0,False,False,0.8214487968796066,-0.1093883074551571,-0.208410759090791,-0.3113280954153076,0.0,0.0,0.0,0.0,1.5352932652893638,0.6493808215526417,0.0,0.8214487968796066,0.0,0.0,0.0
1.4580195327340555,1.401066969834764,1.4552174356699934,0.3495123189429969,0.612732538626556,0.1426079547666704,1.4030054447795324,0.5337796032754137,0.7118148957316076,0.8332994655264255,0.7720054094864554,True,0.0,0.0,0.0,0.0,0.6742159668655406,0.5807703182257117,1.8649054024218528,0.0,False,False,-0.1194283807882302,0.3319775186784774,0.1740214143790934,0.1616001078575694,0.0,0.0,0.0,0.0,0.6742159668655406,0.5807703182257117,0.0,-0.1194283807882302,0.0,0.0,0.0
0.7974196794438138,0.7789888998883402,0.7967473614034103,0.3181121132457053,0.6146973505139294,0.1312820768089747,0.7614086346029135,0.5230825107673016,0.7118148957316076,0.8218657497643328,0.7720054094864554,True,0.0,0.0,0.0,0.0,0.559016913045678,0.2034125499275968,2.239014342400722,0.0,False,False,0.1731742087498819,-0.1092584557852169,-0.4124003466236755,-0.0905787162944451,0.0,0.0,0.0,0.0,0.559016913045678,0.2034125499275968,0.0,0.1731742087498819,0.0,0.0,0.0
1.6106880290870642,1.5414316527056846,1.6071636758594132,0.3084371695650815,0.6058556970207494,0.1413135687143623,1.5121137845491166,0.5312763677911323,0.7118148957316076,0.8326036264458684,0.7720054094864554,True,0.0,0.0,0.0,0.0,1.0655551264060468,0.6665334473843741,-0.2775152222564514,0.0,False,False,1.0886236585875213,-0.2736766402660661,-0.3741442484355473,-0.2167212186492169,0.0,0.0,0.0,0.0,1.0655551264060468,0.6665334473843741,0.0,1.0886236585875213,0.0,0.0,0.0
0.1963592025668082,0.2022348141086357,0.1968980389070841,0.3274934422896607,0.6023626981098635,0.1303112872697436,0.204048577631529,0.5231263145572146,0.7118148957316076,0.8162346846095061,0.7720054094864554,True,0.0,0.0,0.0,0.0,0.7783657608069924,-0.139639966707053,2.213136610429511,0.0,False,False,0.9637774998555708,-0.3236435628598366,-0.4124003466236755,-0.3113280954153076,0.0,0.0,0.0,0.0,0.7783657608069924,-0.139639966707053,0.0,0.9637774998555708,0.0,0.0,0.0
1.0420311333403556,1.0190135465916144,1.0412247427832235,0.3074877581811894,0.6172079434811288,0.1450349286147481,0.9866087079927282,0.5064998062194918,0.7118148957316076,0.8328008281508874,0.7720054094864554,True,0.0,0.0,0.0,0.0,-0.0941623220787133,0.3406335565814568,-0.2462063613530106,0.0,False,False,0.32118545506454,-0.3500813628600734,-0.0681813352047867,-0.185185593060524,0.0,0.0,0.0,0.0,-0.0941623220787133,0.3406335565814568,0.0,0.32118545506454,0.0,0.0,0.0
0.6380011572552238,0.6284931738823708,0.637817547564464,0.3175197991520289,0.603890885133376,0.1291786994739739,0.6132287638552076,0.5252010333722634,0.7118148957316076,0.8157796641599404,0.7720054094864554,True,0.0,0.0,0.0,0.0,0.9421642382398496,0.1176494207689343,0.2544159349295577,0.0,False,False,0.356409673796242,-0.1064536597144648,-0.182949629769176,-0.3742931660351528,0.0,0.0,0.0,0.0,0.9421642382398496,0.1176494207689343,0.0,0.356409673796242,0.0,0.0,0.0
1.5754726985813563,1.5299499173705529,1.5735282838047686,0.3301013005854918,0.6117501326828696,0.1233539622385874,1.500522951547744,0.5319794912354608,0.7118148957316076,0.8328577260877545,0.7720054094864554,True,0.0,0.0,0.0,0.0,0.7054207299871683,0.6493808215526417,2.104194553612436,0.0,False,False,1.1037522519421985,-0.0897807052938818,-0.2466668572789191,-0.0590430907057522,0.0,0.0,0.0,0.0,0.7054207299871683,0.6493808215526417,0.0,1.1037522519421985,0.0,0.0,0.0
0.4405423440502598,0.4476400871171587,0.4413397063433273,0.3777808791605903,0.5872991403066681,0.1230303657255105,0.4586507412293867,0.5235440088680768,0.7118148957316076,0.8046805169507564,0.7720054094864554,True,0.0,0.0,0.0,0.0,1.560329505496859,0.0147336657785394,1.3307378980284554,0.0,False,False,-0.425541100189493,-0.2611589392836357,-0.3486401829767951,-0.2167212186492169,0.0,0.0,0.0,0.0,1.560329505496859,0.0147336657785394,0.0,-0.425541100189493,0.0,0.0,0.0
1.669048898154395,1.6496164771451196,1.6689365863717056,0.5279765987732156,0.6072747278282967,0.1217359796732024,1.7532271583122612,0.5475939658297173,0.7118148957316076,0.8169758441638102,0.7720054094864554,True,0.0,0.0,0.0,0.0,0.0006805680599854,0.7351439507113041,-0.6346918190936636,0.0,False,False,0.9235256823577634,-0.2975953178694233,-0.3996483138942994,-0.7526144925419392,0.0,0.0,0.0,0.0,0.0006805680599854,0.7351439507113041,0.0,0.9235256823577634,0.0,0.0,0.0
0.1287801712736769,0.1597399595060244,0.1309669885067657,0.608292387947666,0.583042047884026,0.117852821516278,0.2411145085812612,0.5556085300419512,0.7118148957316076,0.7660547507860982,0.7440789766840885,True,0.0,0.0,0.0,0.0,1.3328184451785985,-0.1567925925387855,0.1298194476607627,0.0,False,False,-0.0195650225229966,-0.5134347636473975,-0.7311152925838168,-0.2797924698266029,0.0,0.0,0.0,0.0,1.3328184451785985,-0.1567925925387855,0.0,-0.0195650225229966,0.0,0.0,0.0
1.333857085673923,1.3271996062367823,1.334367441353629,0.5742349360827057,0.6275777839978213,0.1155876459247388,1.4530000218606187,0.5198986523062049,0.7118148957316076,0.8035602775771256,0.7720054094864554,True,0.0,0.0,0.0,0.0,0.0149017279220195,0.5464650665622467,-0.015862598991982,0.0,False,False,-0.6052013649493232,-0.5577661237656747,-0.2976749881964233,-0.5004356683899246,0.0,0.0,0.0,0.0,0.0149017279220195,0.5464650665622467,0.0,-0.6052013649493232,0.0,0.0,0.0
0.5549604059083482,0.5659423285408218,0.5561028926125923,0.3863688673711998,0.5957041689359871,0.1212505849035869,0.570226183211699,0.4756040718156423,0.7118148957316076,0.8145193759589832,0.7440789766840885,True,0.0,0.0,0.0,0.0,0.8737686126328499,0.0833441691054693,-0.4934824668556959,0.0,False,False,0.7078830294046757,-0.1198024113845234,-0.2721709227376712,0.0985288566801835,0.0,0.0,0.0,0.0,0.8737686126328499,0.0833441691054693,0.0,0.7078830294046757,0.0,0.0,0.0
0.7415187978421521,0.7440446361091436,0.7422236901983003,0.4165298292280779,0.604436666213202,0.1199561988512788,0.7612124158024672,0.5244698282929957,0.7118148957316076,0.8065402316833487,0.7720054094864554,True,0.0,0.0,0.0,0.0,0.7376930933108158,0.1862599240958643,1.3923971853178847,0.0,False,False,-0.0310843671846677,0.0264105689704236,0.0720480886812174,0.1300644822688765,0.0,0.0,0.0,0.0,0.7376930933108158,0.1862599240958643,0.0,-0.0310843671846677,0.0,0.0,0.0
0.3883168743577547,0.6033529256185308,0.4031412243630762,0.8183408049926895,0.2043791347007988,-1.1464387550756563,0.923329652517171,0.6929378291528883,0.6240980254832715,0.1241150035098296,0.1576238878343858,False,0.0,0.0,0.0,0.0,1.4321756835925,0.0490389174420044,0.6949763347851172,0.0,True,False,-0.3735551665256696,-2.8968102247690264,-2.7708394233641367,-3.0856137027600554,0.0,0.0,0.0,0.0,0.0,0.0,0.0,-0.0,0.0,0.0,0.0
0.8434323349782686,1.1304771635722344,0.8634550172669815,0.8167357133211421,0.2210800357434724,-1.1135937089983383,1.5258138698830652,0.8808039449659768,0.7118148957316076,0.1255668269521132,0.1855503206367525,False,0.0,0.0,0.0,0.0,0.5512887853237188,0.3234809307497243,1.5026171548248957,0.0,True,False,0.1527165514490042,0.6230789923549661,0.0337919904930892,0.4453145575982771,0.0,0.0,0.0,0.0,0.0,0.0,0.0,0.0,0.0,0.0,0.0
0.2621415194652188,0.4478836545630754,0.2748936050643074,0.8167360749032937,0.2262103778938358,-1.1008116467317957,0.7525163311407151,0.8705555437854924,0.6240980254832715,0.1183557816931232,0.2414031862414861,False,0.0,0.0,0.0,0.0,-0.0479123234300821,-0.036724211716658,2.3223981454190694,0.0,True,False,0.3786335874614213,0.6799280534556738,0.5437015551196018,0.47685018318697,0.0,0.0,0.0,0.0,-0.0,-0.0,0.0,0.0,0.0,0.0,0.0
-0.0704621451907523,0.08874771373117,-0.05974420289044,0.811580369188533,0.2066714152360681,-1.1178004636683394,0.3072934783829432,0.8640285761335856,0.6240980254832715,0.1177729380906427,0.1576238878343858,False,0.0,0.0,0.0,0.0,0.3777069123705969,-0.2425557216974479,1.290164170122976,0.0,True,False,0.9511520239718848,-1.28464980176828,-1.088043400594949,-0.153649967471831,0.0,0.0,0.0,0.0,0.0,-0.0,0.0,0.0,0.0,0.0,0.0
0.62152180938116,0.8440111883349588,0.6370182464661038,0.8266705559690787,0.1806922358363542,-1.0982228746271796,1.2271074402207234,0.8681137866012099,0.6240980254832715,0.1222779076819796,0.1855503206367525,False,0.0,0.0,0.0,0.0,1.2313794328117778,0.1862599240958643,1.0981577884600382,0.0,True,False,0.9804433772738496,-3.120882266421335,-2.515841704913748,-2.959471200405284,0.0,0.0,0.0,0.0,0.0,0.0,0.0,0.0,0.0,0.0,0.0
0.0090793838732219,0.1497162223086872,0.0185983645507642,0.8169661100979244,0.1854951093388223,-1.125566779982188,0.4142155194548098,0.865393681854524,0.7118148957316076,0.1197728338677797,0.1855503206367525,False,0.0,0.0,0.0,0.0,0.4696228341655586,-0.1910978442022504,1.2118920178643742,0.0,True,False,1.021741469439739,-0.2538872457668694,-0.2849229554670473,-0.185185593060524,0.0,0.0,0.0,0.0,0.0,-0.0,0.0,0.0,0.0,0.0,0.0
1.6227137427574465,1.6131801498510776,1.623237600210313,0.7056118749770893,0.3946384191281163,0.1325764628612828,1.9095053669578628,0.9329420421393196,0.7995317659799438,0.515837114586693,0.4927410814627873,True,0.0,0.0,0.0,0.0,0.9184482057770936,0.4263966857401192,1.122438129568829,0.0,True,False,-0.6933920730438167,0.5676582996236209,0.49273636033923,0.47685018318697,0.0,0.0,0.0,0.0,0.9184482057770936,0.4263966857401192,0.0,-0.6933920730438167,0.0,0.0,0.0
1.7329296758559187,1.6776693151468436,1.7304400294194455,0.6781026204077404,0.3635288975780389,0.1490798850282109,2.007705227376097,0.9388027586514658,0.7995317659799438,0.5226895466934753,0.4927410814627873,True,0.0,0.0,0.0,0.0,0.5539951072085454,0.4778545632353167,-0.3436472039606579,0.0,True,False,0.1785568396735696,0.2811795453970758,0.3270028709944737,0.1931357334462624,0.0,0.0,0.0,0.0,0.5539951072085454,0.4778545632353167,0.0,0.1785568396735696,0.0,0.0,0.0
1.738175113895042,1.6654006696018275,1.734504621816571,0.6548989187188131,0.3967123872314548,0.1304730855262819,1.98852436294228,0.933208176233892,0.7995317659799438,0.5238553758642632,0.5206675142651541,True,0.0,0.0,0.0,0.0,0.5191448738106278,0.4778545632353167,0.2528185440671373,0.0,True,False,0.7752672988185926,0.4836702395049885,0.1740214143790934,-0.2167212186492169,0.0,0.0,0.0,0.0,0.5191448738106278,0.4778545632353167,0.0,0.7752672988185926,0.0,0.0,0.0
0.695771723166895,0.6945357203716751,0.6961892233798851,0.6649829019523804,0.3015281669098138,0.1442259373320556,0.8873870464854958,0.9363203513751512,0.7995317659799438,0.5087742746943378,0.4927410814627873,True,0.0,0.0,0.0,0.0,0.4269601524206109,-0.0195715858849255,-0.2378999288684243,0.0,True,False,0.9992022552378282,0.0429536717210635,-0.0936854006635388,-0.5004356683899246,0.0,0.0,0.0,0.0,0.4269601524206109,-0.0195715858849255,0.0,0.9992022552378282,0.0,0.0,0.0
1.841766712145689,1.812161127014125,1.8410906974834391,0.7020489725774549,0.3015281669098138,0.1521540519024426,2.147372749642781,0.9315091199299808,0.7118148957316076,0.5167092478092193,0.4927410814627873,True,0.0,0.0,0.0,0.0,0.3367777132226223,0.5293124407305142,1.6661899791367494,0.0,True,False,0.304172045295612,0.5895772615098708,0.4672322948804779,0.2562069846236483,0.0,0.0,0.0,0.0,0.3367777132226223,0.5293124407305142,0.0,0.304172045295612,0.0,0.0,0.0
1.0462259774552976,1.044128245822666,1.0468375922372624,0.7160684969206943,0.3436624662723754,0.1243247517778185,1.2891450625804786,0.9260189757852918,0.7118148957316076,0.5123576593102636,0.4927410814627873,True,0.0,0.0,0.0,0.0,0.013778152773301,0.1519546724323993,1.6847197131408267,0.0,True,False,0.8083539877173438,0.4736197202514593,0.2632427073475934,0.1616001078575694,0.0,0.0,0.0,0.0,0.013778152773301,0.1519546724323993,0.0,0.8083539877173438,0.0,0.0,0.0
1.6318022630017697,1.581521491688476,1.629576594781528,0.6464811438911691,0.2771863307495774,0.1393719896359003,1.868565212194215,0.9379576890633842,0.7995317659799438,0.5209731355020799,0.5206675142651541,True,0.0,0.0,0.0,0.0,0.8877335963406078,0.4263966857401192,0.1122481481741378,0.0,True,False,-0.0066862971728686,-0.3294868880072348,-0.4379044120824323,-0.0590430907057522,0.0,0.0,0.0,0.0,0.8877335963406078,0.4263966857401192,0.0,-0.0066862971728686,0.0,0.0,0.0
0.650026870925606,0.6442603336505528,0.65010498745301,0.6248169663411316,0.3461730592395742,0.1290169012174355,0.8167465489371102,0.9389501798621972,0.7995317659799438,0.5238021500607164,0.5206675142651541,True,0.0,0.0,0.0,0.0,1.4011427214586971,-0.036724211716658,-0.4634515186421915,0.0,True,False,1.0885184451866412,-4.613163627731415,-4.593821933882196,-4.819542207350535,0.0,0.0,0.0,0.0,1.4011427214586971,-0.036724211716658,0.0,1.0885184451866412,0.0,0.0,0.0
1.7100993525121162,1.6635389967459753,1.7081817173111098,0.6374917089048285,0.3218312230793383,0.1356506297355144,1.942183823357901,0.9443240286175524,0.7995317659799438,0.5209890113418703,0.4927410814627873,True,0.0,0.0,0.0,0.0,1.3325309459865229,0.4607019374035842,0.8735646332037232,0.0,True,False,0.1659036226141211,-0.2655998663956579,-0.7438673253131929,-0.4689000428012316,0.0,0.0,0.0,0.0,1.3325309459865229,0.4607019374035842,0.0,0.1659036226141211,0.0,0.0,0.0
2.1063634035011,2.04967515542872,2.104046127647792,0.637351583366112,0.3531590570613465,0.1206033918774327,2.3590080732419088,0.9444294459491756,0.7995317659799438,0.5273906288157071,0.5206675142651541,True,0.0,0.0,0.0,0.0,0.9831439423316268,0.6493808215526417,0.5675045439639654,0.0,True,False,0.9867182448661236,-1.26109470884076,-1.228272824480953,-1.351685198169588,0.0,0.0,0.0,0.0,0.9831439423316268,0.6493808215526417,0.0,0.9867182448661236,0.0,0.0,0.0
0.2565650622333909,0.2773285312804634,0.258154249300301,0.6417421748524057,0.3442082473522008,0.1398573844055156,0.4083403516518357,0.930079198986586,0.7995317659799438,0.5048957840223205,0.5206675142651541,True,0.0,0.0,0.0,0.0,-0.1374620054807192,-0.2254030958657154,0.8170169966740394,0.0,True,False,0.2931694748580692,0.1140344758474392,-0.0936854006635388,0.0354576055027976,0.0,0.0,0.0,0.0,-0.1374620054807192,-0.2254030958657154,0.0,0.2931694748580692,0.0,0.0,0.0
0.7573043759124817,0.7593757590510695,0.7579898986031466,0.6465590683551815,0.3314369700842746,0.1481090954889798,0.9400625488427696,0.9385377435868756,0.7995317659799438,0.5248859647464162,0.5206675142651541,True,0.0,0.0,0.0,0.0,0.2229745261439738,0.0147336657785394,2.1553110612098907,0.0,True,False,-0.5056787283651457,0.6272082754591266,0.2759947400769695,0.6029926855417418,0.0,0.0,0.0,0.0,0.2229745261439738,0.0147336657785394,0.0,-0.5056787283651457,0.0,0.0,0.0
1.4147309639018215,1.3894063912701131,1.41403695460788,0.6463260890738866,0.3663669591931336,0.162670938577446,1.6372065734073686,0.9421570847019126,0.7995317659799438,0.5231113405631082,0.5206675142651541,True,0.0,0.0,0.0,0.0,0.9729877244959092,0.3234809307497243,-0.4599372587448665,0.0,True,False,-0.5960875035146309,0.3485465917631065,0.2377815780259737,0.3822433064208911,0.0,0.0,0.0,0.0,0.9729877244959092,0.3234809307497243,0.0,-0.5960875035146309,0.0,0.0,0.0
1.590220029582884,1.801449269200352,1.6056525152213048,0.7371338095584772,0.8599713677876997,-1.1150498933071846,2.2722042681796264,0.6748015781493197,0.7118148957316076,0.9928298065273394,0.7720054094864554,False,0.0,0.0,0.0,0.0,0.4645074418468072,0.7179913248795716,0.5109569074342816,0.0,False,True,-0.1866628438787289,0.5922262355766906,0.7604431753818671,0.6660639367191278,0.0,0.0,0.0,0.0,0.0,0.0,0.0,-0.0,0.0,0.0,0.0
0.7327714212119447,0.8864992298621597,0.7436970631799856,0.710856287572836,0.8530945261818931,-1.1378634474791152,1.1984619342326297,0.6567312957165724,0.7118148957316076,0.9822856101813584,0.7720054094864554,False,0.0,0.0,0.0,0.0,0.2864120293470463,0.2034125499275968,-0.422558312564228,0.0,False,True,-0.6551177195837357,0.8709138896067028,1.219387545228008,1.170421585023157,0.0,0.0,0.0,0.0,0.0,0.0,0.0,-0.0,0.0,0.0,0.0
0.389501555131349,0.5193289698527118,0.3985633880349628,0.6921385322756618,0.8568058375247097,-1.1401286230706542,0.7701251171512647,0.6388885444854755,0.7118148957316076,0.9745218555457668,0.7720054094864554,False,0.0,0.0,0.0,0.0,0.5653383516431701,-0.002418960053193,0.5643097622391245,0.0,False,True,0.1130294838719359,0.754229178996617,0.8114513062993713,1.107350333845771,0.0,0.0,0.0,0.0,0.0,-0.0,0.0,0.0,0.0,0.0,0.0
0.2202264148253213,0.3387313734153842,0.2284005020866858,0.7124334057808024,0.8645559288582376,-1.1118139281764146,0.5628893959757179,0.6508539066192564,0.7118148957316076,0.960797928134096,0.7720054094864554,False,0.0,0.0,0.0,0.0,0.3381712461476234,-0.105334715043588,2.2562661637148627,0.0,False,True,-0.2583478929413098,0.8437229499207997,0.7221870771937342,1.0128496376372214,0.0,0.0,0.0,0.0,0.0,-0.0,0.0,-0.0,0.0,0.0,0.0
0.3306533556822175,0.4684369998069613,0.3402109516665622,0.7059159893579956,0.8619361796750731,-1.1257285782387267,0.7024912237445716,0.6526497916002103,0.7995317659799438,0.9703047434451508,0.7720054094864554,False,0.0,0.0,0.0,0.0,0.2362397596380075,-0.036724211716658,1.0064675529571043,0.0,False,True,0.6761401617050887,0.8128961634765133,1.1428753488517516,0.7605646329276776,0.0,0.0,0.0,0.0,0.0,-0.0,0.0,0.0,0.0,0.0,0.0
0.7885443893918822,0.9391762256653968,0.7993007931624273,0.6933833256158963,0.8641193039943773,-1.1063127874541052,1.2551778144931467,0.6549618709792482,0.7995317659799438,0.9842395325115458,0.7720054094864554,False,0.0,0.0,0.0,0.0,0.9416626081114756,0.2377178015910618,0.0320591268806313,0.0,False,True,0.811943646067709,0.8590714173079712,1.0664060886126276,0.8551715096937564,0.0,0.0,0.0,0.0,0.0,0.0,0.0,0.0,0.0,0.0,0.0
0.285042096416127,0.4118203431477445,0.2938224559817212,0.5870487255018155,0.8472000905197735,-1.095634102522563,0.5915191157733126,0.6535646202097176,0.7118148957316076,0.9637754376028016,0.7720054094864554,False,0.0,0.0,0.0,0.0,1.3921484850390424,-0.071029463380123,0.5968965358325017,0.0,False,True,1.0909125015531542,0.8054167072878421,1.0791581213420036,0.8867071352824495,0.0,0.0,0.0,0.0,0.0,-0.0,0.0,0.0,0.0,0.0,0.0
1.3079927695578917,1.21560824409222,1.3026860628373664,0.5010369385430614,0.7850902036355832,0.1350034367093603,1.33676428359533,0.7048849959745525,0.7995317659799438,0.9969231509281437,0.7720054094864554,True,0.0,0.0,0.0,0.0,0.1399986795875568,0.1348020466006668,1.5760971344962362,0.0,False,True,-0.4042630882769173,0.7671364349888737,1.1046621868007558,0.9813140120485284,0.0,0.0,0.0,0.0,0.1399986795875568,0.1348020466006668,0.0,-0.4042630882769173,0.0,0.0,0.0
0.5275556961152594,0.5029792921369527,0.526273339673592,0.4739720737683336,0.7582377745081473,0.123515760495126,0.5621262046142336,0.703363211611071,0.7995317659799438,0.9816664282256696,0.7720054094864554,True,0.0,0.0,0.0,0.0,0.2210295360304775,-0.1910978442022504,0.2640002801040804,0.0,False,True,-0.0656841497457489,0.8089227023762822,0.9006725992678714,1.0128496376372214,0.0,0.0,0.0,0.0,0.2210295360304775,-0.1910978442022504,0.0,-0.0656841497457489,0.0,0.0,0.0
0.8323360925808013,0.7750611619143281,0.8290615679584872,0.3997202519524033,0.7549630880291923,0.0594436509058751,0.8158254291557824,0.6924407351617726,0.7995317659799438,0.9906898508371956,0.7720054094864554,True,0.0,0.0,0.0,0.0,0.3335558763487852,-0.071029463380123,0.0045840040469996,0.0,False,True,0.8329190018679289,0.799573382140441,0.8879205665384953,0.9182427608711424,0.0,0.0,0.0,0.0,0.3335558763487852,-0.071029463380123,0.0,0.8329190018679289,0.0,0.0,0.0
1.397922201926252,1.3272966925613785,1.3941520068592046,0.4732257628595315,0.7861817657952348,0.1307966820393591,1.405296947794559,0.7014086018340855,0.7995317659799438,0.9990757677459494,0.7720054094864554,True,0.0,0.0,0.0,0.0,0.2784385418748523,0.1691072982641318,0.5109569074342816,0.0,False,True,0.6032368243505862,0.8246347544392909,0.9006725992678714,1.107350333845771,0.0,0.0,0.0,0.0,0.2784385418748523,0.1691072982641318,0.0,0.6032368243505862,0.0,0.0,0.0
1.628274149077282,1.5361123440791282,1.6232131764811617,0.3069414431613602,0.7878191090347129,0.1518304553893657,1.4893601194191324,0.6921421218399393,0.88724863622828,1.0037098744965347,0.7720054094864554,True,0.0,0.0,0.0,0.0,0.0945144633914539,0.2377178015910618,-0.0200158152342752,0.0,False,True,-0.3492057714687108,0.7702528750674874,0.9644327629147516,0.8551715096937564,0.0,0.0,0.0,0.0,0.0945144633914539,0.2377178015910618,0.0,-0.3492057714687108,0.0,0.0,0.0
1.5282316544052663,1.4398623244896072,1.5233551469578872,0.3415286931703937,0.8027735106219432,0.1327382611178211,1.4244681454038566,0.6865465571555301,0.88724863622828,1.0023776883234337,0.7720054094864554,True,0.0,0.0,0.0,0.0,0.378810936856109,0.2034125499275968,-0.1021217055626862,0.0,False,True,0.4985419093256668,0.7784854709418251,0.9516807301853756,0.8551715096937564,0.0,0.0,0.0,0.0,0.378810936856109,0.2034125499275968,0.0,0.4985419093256668,0.0,0.0,0.0
1.056423739186851,0.9897360582848972,1.0526739418542903,0.3621559388634739,0.7985164181993006,0.1447113321016712,1.0029630239773422,0.6931934656923869,0.7995317659799438,0.9958927383702734,0.7720054094864554,True,0.0,0.0,0.0,0.0,0.3465497568754366,0.0147336657785394,0.3077687897344006,0.0,False,True,0.6687515573645888,0.7494506375427411,0.8114513062993713,0.6975995623078207,0.0,0.0,0.0,0.0,0.3465497568754366,0.0147336657785394,0.0,0.6687515573645888,0.0,0.0,0.0
1.9845737751076624,1.8769909460804035,1.9787263604841816,0.3615844895370956,0.8052841035891422,0.1311202785524361,1.870860329182628,0.6794335423717397,0.7995317659799438,1.0038381286869362,0.7720054094864554,True,0.0,0.0,0.0,0.0,0.1018802560039557,0.3920914340766542,1.8380692359331896,0.0,False,True,0.1300958073678345,0.7842768554212477,0.8751685338091144,0.6029926855417418,0.0,0.0,0.0,0.0,0.1018802560039557,0.3920914340766542,0.0,0.1300958073678345,0.0,0.0,0.0
1.7712861698385434,1.6696707646152047,1.7656887700733173,0.3743152612878678,0.7818155171566276,0.1411517704578239,1.6710550703201097,0.6886960719554245,0.7995317659799438,1.0042170088939877,0.7720054094864554,True,0.0,0.0,0.0,0.0,1.1833287895484907,0.3063283049179918,-0.4704800384368415,0.0,False,True,0.4487802820613299,0.7080798954991482,0.8496644683503624,0.6345283111304348,0.0,0.0,0.0,0.0,1.1833287895484907,0.3063283049179918,0.0,0.4487802820613299,0.0,0.0,0.0
2.5743341630048966,2.470397891431623,2.5691581464735207,0.457614817332825,0.7721006139357263,0.1432551477928245,2.5207119645219334,0.7026118065313232,0.7995317659799438,1.0103240256209842,0.7720054094864554,True,0.0,0.0,0.0,0.0,-0.0193516493150378,0.6493808215526417,0.6901841621978558,0.0,False,True,0.1250923595519304,0.6157293878362351,0.7859472408406192,0.8867071352824495,0.0,0.0,0.0,0.0,-0.0193516493150378,0.6493808215526417,0.0,0.1250923595519304,0.0,0.0,0.0
0.9911149241922164,0.961279545565116,0.9898107192066734,0.4815637391516,0.7894564522741904,-0.9314088721359736,1.010247840945721,0.6905194172679652,0.7995317659799438,0.9951840458653828,0.7720054094864554,True,0.0,0.0,0.0,0.0,0.246176479474409,-0.002418960053193,-0.5944375693606683,0.0,False,True,0.3818222733662926,0.8084552363644911,0.9516807301853756,0.8867071352824495,0.0,0.0,0.0,0.0,0.246176479474409,-0.002418960053193,0.0,0.3818222733662926,0.0,0.0,0.0
1.482089603826442,1.41065126366814,1.478325048397688,0.482690333696624,0.7904388582178774,-0.0487993827183894,1.4941353311871572,0.6928612119583442,0.7995317659799438,1.0013287802971476,0.7720054094864554,True,0.0,0.0,0.0,0.0,0.7154166465775001,0.2034125499275968,1.7594776055021035,0.0,False,True,1.1840503817505816,0.8818474002158386,0.9771418595069904,1.0128496376372214,0.0,0.0,0.0,0.0,0.7154166465775001,0.2034125499275968,0.0,1.1840503817505816,0.0,0.0,0.0
2.375183089801717,2.238618769243609,2.3676567358672576,0.521050500996512,0.7806147987810104,0.0544279049531814,2.403233063754802,0.6923507321769646,0.7995317659799438,1.009763320077679,0.7720054094864554,True,0.0,0.0,0.0,0.0,0.3485992263490476,0.5807703182257117,1.4198723081515163,0.0,False,True,0.0553638962174384,0.7593193644583517,0.8496644683503624,0.6975995623078207,0.0,0.0,0.0,0.0,0.3485992263490476,0.5807703182257117,0.0,0.0553638962174384,0.0,0.0,0.0
