energy_cpu_pkg_joules,energy_cpu_ram_joules,energy_cpu_total_joules,energy_gpu_avg_watts,energy_gpu_max_watts,energy_gpu_min_watts,energy_gpu_total_joules,energy_gpu_temp_avg_celsius,energy_gpu_temp_max_celsius,energy_gpu_util_avg_percent,energy_gpu_util_max_percent,is_parallel,timestamp,model_mnist_ff,model_mnist_rnn,model_siamese,hyperparam_batch_size,hyperparam_learning_rate,hyperparam_epochs,hyperparam_seed,perf_test_accuracy
4481.52,328.7,4810.22,96.49779411764705,98.68,76.53,13123.7,66.67647058823529,68.0,11.955882352941176,14.0,False,2025-11-19T01:29:07.726147,False,False,False,32.0,0.01,10.0,1.0,96.0
9187.71,534.68,9722.39,9.96477064220185,85.98,4.12,2172.320000000004,52.91284403669725,64.0,0.0137614678899082,3.0,False,2025-11-19T01:33:54.313987,False,True,False,32.0,0.01,10.0,1.0,60.0
9583.3,717.41,10300.71,175.39047297297296,180.85,71.21,51915.58,70.35810810810811,74.0,50.108108108108105,52.0,False,2025-11-19T01:41:07.675831,False,False,True,32.0,0.01,10.0,1.0,98.0
5155.22,348.05,5503.27,251.62785714285727,284.62,4.88,35227.900000000016,78.36428571428571,83.0,84.95,97.0,True,2025-11-19T03:09:43.028622,False,False,False,32.0,0.01,10.0,1.0,96.0
16656.33,1153.89,17810.22,250.6558636363635,304.1,214.17,110288.57999999994,81.7840909090909,84.0,99.52045454545454,100.0,True,2025-11-19T06:20:33.763015,False,False,True,32.0,0.01,10.0,1.0,98.0
10924.25,656.34,11580.59,247.2413247863248,311.66,193.56,57854.47000000001,80.5042735042735,84.0,97.77350427350429,99.0,True,2025-11-19T06:26:04.995640,False,True,False,32.0,0.01,10.0,1.0,60.0
2304.78,171.63,2476.41,91.8365714285714,94.5,73.64,6428.559999999998,60.25714285714286,62.0,11.614285714285714,14.0,False,2025-11-20T20:02:47.876848,False,False,False,,,5.0,,99.0
6233.84,462.94,6696.78,92.03291005291004,94.44,72.72,17394.22,60.08465608465608,62.0,12.005291005291005,14.0,False,2025-11-20T20:11:20.663633,False,False,False,,,,6061.0,99.0
4312.18,294.42,4606.6,201.4314782608695,275.37,4.34,23164.619999999995,67.33043478260869,78.0,65.98260869565217,97.0,True,2025-11-20T20:14:49.560339,False,False,False,,,8.0,,99.0
7151.34,496.83,7648.17,255.48319587628865,281.1,4.94,49563.74,74.01546391752578,79.0,87.23711340206185,97.0,True,2025-11-20T20:19:39.646415,False,False,False,,0.0117457288502723,,,97.0
7134.54,487.23,7621.77,256.01561855670127,282.26,5.19,49667.03000000004,74.97422680412372,79.0,87.40721649484536,97.0,True,2025-11-20T20:24:29.017589,False,False,False,,,,4387.0,99.0
8332.12,496.07,8828.19,10.149238578680205,84.13,3.94,1999.4,50.7005076142132,60.0,0.0,0.0,False,2025-11-20T20:28:54.613474,False,True,False,,,9.0,,95.0
12843.04,777.11,13620.15,7.639049180327864,80.62,3.6,2329.9099999999985,40.87868852459017,50.0,0.0098360655737704,3.0,False,2025-11-20T20:35:10.892706,False,True,False,,0.0117953362611761,,,65.0
12759.41,760.11,13519.52,7.434719471947195,77.72,3.48,2252.7200000000003,36.6039603960396,44.0,0.0099009900990099,3.0,False,2025-11-20T20:41:25.066048,False,True,False,,,,4297.0,96.0
13114.77,795.99,13910.76,309.1680496453901,317.98,252.55,87185.39000000001,77.97163120567376,82.0,98.33333333333331,99.0,True,2025-11-20T20:47:45.598823,False,True,False,,,12.0,,95.0
15207.07,932.66,16139.73,288.5563914373088,318.2,214.13,94357.93999999996,81.41896024464832,84.0,98.30581039755351,99.0,True,2025-11-20T20:54:52.170037,False,True,False,,0.0187602661574486,,,74.0
15253.4,932.19,16185.59,273.18587155963286,316.91,217.22,89331.77999999994,81.47094801223241,84.0,97.9724770642202,99.0,True,2025-11-20T21:01:59.029453,False,True,False,,,,550.0,95.0
13347.6,1020.54,14368.14,178.72891041162248,183.06,75.58,73815.04000000008,74.72639225181598,76.0,50.5181598062954,52.0,False,2025-11-20T21:10:04.961966,False,False,True,,,14.0,,100.0
13381.93,1007.26,14389.19,181.58305084745768,184.37,75.95,74993.80000000002,74.38983050847457,76.0,50.46731234866828,52.0,False,2025-11-20T21:18:11.243574,False,False,True,,0.0059616129198963,,,98.0
13379.18,1006.1,14385.28,180.59559322033903,183.65,75.42,74585.98000000003,74.23486682808716,75.0,50.35351089588378,52.0,False,2025-11-20T21:26:17.650648,False,False,True,,,,2873.0,100.0
12972.81,897.49,13870.3,285.14511695906447,311.73,259.85,97519.63000000003,82.40350877192982,84.0,99.2953216374269,100.0,True,2025-11-20T21:33:39.154416,False,False,True,,,8.0,,100.0
22710.23,1580.82,24291.05,270.7112897822441,314.62,255.88,161614.63999999972,82.86599664991624,84.0,99.34840871021775,100.0,True,2025-11-20T21:45:22.735178,False,False,True,,0.0093161583651715,,,98.0
22806.85,1593.27,24400.12,266.7866722408028,310.24,247.04,159538.43000000005,82.96321070234114,84.0,99.37458193979931,100.0,True,2025-11-20T21:57:07.128804,False,False,True,,,,9873.0,100.0
23646.97,1762.01,25408.98,184.0975581395351,313.58,151.14,63329.56000000008,69.24709302325581,74.0,99.82558139534883,100.0,False,2025-11-22T20:39:49.786554,False,False,False,,,13.0,,99.0
11236.85,835.57,12072.42,183.75939024390243,184.77,183.04,30136.54,69.0,69.0,100.0,100.0,False,2025-11-22T20:43:40.671003,False,False,False,,,6.0,,99.0
25618.49,1909.28,27527.77,184.0679892761394,312.49,160.34,68657.36,69.95710455764075,74.0,99.91420911528152,100.0,False,2025-11-22T20:51:08.073543,False,False,False,,0.0196513114076837,,,98.0
25541.85,1894.56,27436.41,187.24094086021512,317.99,128.4,69653.63000000002,70.18817204301075,75.0,99.39784946236558,100.0,False,2025-11-22T20:58:34.288596,False,False,False,,0.0102551225051921,,,97.0
25426.59,1892.32,27318.91,184.45624324324325,313.28,179.58,68248.81,69.61621621621622,74.0,99.98378378378378,100.0,False,2025-11-22T21:05:58.922712,False,False,False,,,,7185.0,99.0
25427.94,1885.14,27313.08,184.92051351351375,308.72,147.16,68420.5900000001,69.05675675675676,74.0,99.77837837837838,100.0,False,2025-11-22T21:13:23.871992,False,False,False,,,,4829.0,99.0
26711.68,1970.03,28681.71,186.9706896551723,319.13,134.7,70487.94999999994,69.3315649867374,74.0,99.22546419098144,100.0,True,2025-11-22T21:21:26.043580,False,False,False,,,14.0,,99.0
21126.36,1560.5,22686.86,186.4596308724832,318.84,166.66,55564.96999999998,69.2248322147651,75.0,99.54697986577182,100.0,True,2025-11-22T21:28:06.178962,False,False,False,,,11.0,,99.0
26775.33,1977.83,28753.16,183.36957671957668,295.12,146.62,69313.69999999998,69.03968253968254,74.0,99.75132275132276,100.0,True,2025-11-22T21:36:09.233758,False,False,False,,0.0156988893065681,,,97.0
26772.25,1979.35,28751.6,185.21169312169295,318.77,135.78,70010.01999999995,69.03174603174604,74.0,99.62698412698413,100.0,True,2025-11-22T21:44:12.356610,False,False,False,,0.0065029006438997,,,95.0
26848.86,1987.17,28836.03,185.90396825396817,317.78,128.13,70271.69999999997,69.16931216931216,75.0,99.06878306878306,100.0,True,2025-11-22T21:52:16.213232,False,False,False,,,,9973.0,99.0
26781.62,1976.55,28758.17,184.24359788359783,316.55,137.37,69644.07999999999,69.16666666666667,75.0,99.29100529100528,100.0,True,2025-11-22T22:00:19.146203,False,False,False,,,,2874.0,99.0
29379.98,2174.97,31554.95,185.38178654292355,307.61,161.44,79899.55000000005,69.34106728538283,74.0,99.90023201856148,100.0,False,2025-11-22T22:09:01.413147,False,True,False,,,12.0,,95.0
30612.99,2263.13,32876.12,182.5347252747252,317.94,123.49,83053.29999999996,68.7054945054945,73.0,99.810989010989,100.0,False,2025-11-22T22:18:09.088781,False,True,False,,,13.0,,95.0
34124.36,2544.62,36668.98,184.26742514970053,319.21,136.64,92317.97999999997,69.03393213572855,73.0,99.7245508982036,100.0,False,2025-11-22T22:28:06.434898,False,True,False,,0.0093908695351179,,,59.0
34139.53,2533.7,36673.23,185.9015568862276,318.67,133.45,93136.68000000002,68.9441117764471,73.0,99.34730538922156,100.0,False,2025-11-22T22:38:04.606839,False,True,False,,0.0104460786715675,,,61.0
34081.42,2525.24,36606.66,184.49123999999975,292.57,143.81,92245.6199999999,68.66,73.0,99.6,100.0,False,2025-11-22T22:48:01.850854,False,True,False,,,,8534.0,96.0
34187.64,2542.17,36729.81,186.0845418326693,316.5,133.3,93414.43999999996,68.97211155378486,74.0,99.29083665338644,100.0,False,2025-11-22T22:58:01.004087,False,True,False,,,,3946.0,96.0
29290.18,2169.5,31459.68,187.43069767441852,298.57,145.04,80595.19999999998,69.02093023255814,73.0,99.76744186046513,100.0,True,2025-11-22T23:07:12.933431,False,True,False,,,12.0,,95.0
34198.56,2540.74,36739.3,185.89964143426295,319.65,133.92,93321.62,68.85458167330677,74.0,99.56573705179282,100.0,True,2025-11-22T23:17:41.937257,False,True,False,,,14.0,,95.0
34125.63,2545.47,36671.1,184.78137724550896,314.94,126.56,92575.47,68.750499001996,73.0,99.69261477045907,100.0,True,2025-11-22T23:28:09.655174,False,True,False,,0.0094110622771299,,,59.0
33692.34,2504.4,36196.74,186.5295362903225,312.43,136.16,92518.64999999998,68.96975806451613,74.0,99.70766129032258,100.0,True,2025-11-22T23:38:32.187455,False,True,False,,0.0054038452683524,,,48.0
32547.98,2416.31,34964.29,187.37358762886595,313.37,135.46,90876.19,69.0659793814433,73.0,99.50103092783505,100.0,True,2025-11-22T23:48:42.337982,False,True,False,,,,2878.0,96.0
32786.13,2413.83,35199.96,186.30739754098343,318.3,123.76,90918.00999999992,68.91188524590164,73.0,99.63319672131148,100.0,True,2025-11-22T23:58:55.798056,False,True,False,,,,6402.0,96.0
41647.64,3041.92,44689.56,192.7204841402335,318.05,160.62,115439.56999999988,69.62103505843072,76.0,99.65275459098496,100.0,False,2025-11-23T00:10:17.984959,False,False,True,,,9.0,,100.0
28058.37,2040.23,30098.6,194.16554455445535,316.97,161.43,78442.87999999998,70.18811881188118,76.0,99.20049504950497,100.0,False,2025-11-23T00:18:17.633775,False,False,True,,,6.0,,100.0
65135.48,4745.08,69880.56,192.1443055555556,318.86,152.16,179847.07000000004,69.72863247863248,76.0,99.48931623931624,100.0,False,2025-11-23T00:35:29.133767,False,False,True,,0.0179184878026796,,,99.0
65289.0,4751.43,70040.43,190.51083155650343,319.02,169.25,178699.1600000002,69.4051172707889,76.0,99.81343283582088,100.0,False,2025-11-23T00:52:43.493050,False,False,True,,0.0052665243715974,,,97.0
63991.72,4659.34,68651.06,191.33814734561204,318.96,157.71,176605.10999999993,69.67822318526544,76.0,99.87865655471288,100.0,False,2025-11-23T01:09:41.533078,False,False,True,,,,313.0,100.0
64699.32,4701.33,69400.65,191.93413978494607,317.51,159.21,178498.74999999985,69.70430107526882,76.0,99.5989247311828,100.0,False,2025-11-23T01:26:47.368120,False,False,True,,,,7426.0,100.0
64213.38,4670.19,68883.57,191.83517876489697,318.31,160.73,177063.8699999999,69.6673889490791,76.0,99.76598049837486,100.0,True,2025-11-23T01:44:15.186755,False,False,True,,,14.0,,100.0
68863.85,5018.85,73882.7,192.4670332996972,317.9,169.67,190734.8299999999,69.71241170534813,76.0,99.7547931382442,100.0,True,2025-11-23T02:02:54.284030,False,False,True,,,15.0,,100.0
64791.58,4738.59,69530.17,190.72289389067532,318.62,120.1,177944.4600000001,69.30975348338693,76.0,99.73633440514467,100.0,True,2025-11-23T02:20:33.021874,False,False,True,,0.0176593753086172,,,99.0
64458.15,4718.23,69176.38,193.0293196544276,317.38,161.1,178745.14999999994,69.65766738660908,76.0,99.60907127429806,100.0,True,2025-11-23T02:38:04.885414,False,False,True,,0.0067572797572047,,,98.0
63869.72,4666.65,68536.37,192.87967320261424,319.21,157.61,177063.53999999986,69.640522875817,76.0,99.73856209150328,100.0,True,2025-11-23T02:55:27.690305,False,False,True,,,,4314.0,100.0
64447.77,4704.81,69152.58,192.5708198489755,317.34,162.02,178513.15000000029,69.68392664509169,76.0,99.70010787486515,100.0,True,2025-11-23T03:12:59.611049,False,False,True,,,,1868.0,100.0
5081.27,388.67,5469.94,96.22805194805196,98.48,76.42,14819.120000000004,68.11688311688312,69.0,11.571428571428571,14.0,False,2025-11-28T15:18:25.275123,False,False,False,32.0,0.01,11.0,1.0,99.0
2352.47,174.07,2526.54,94.993,97.41,76.01,6649.51,65.77142857142857,67.0,11.685714285714283,14.0,False,2025-11-28T15:20:42.280777,False,False,False,32.0,0.01,5.0,1.0,99.0
6321.45,483.39,6804.84,95.8517368421053,97.8,75.77,18211.830000000005,65.6,66.0,12.08421052631579,14.0,False,2025-11-28T15:25:02.526119,False,False,False,32.0,0.0183745588189432,10.0,1.0,98.0
6321.34,479.95,6801.29,95.3342105263158,97.26,77.75,18113.500000000004,64.7421052631579,66.0,11.978947368421052,14.0,False,2025-11-28T15:29:23.250269,False,False,False,32.0,0.0059209333993748,10.0,1.0,95.0
5508.31,424.53,5932.84,94.0734104046243,96.19,74.79,16274.700000000004,64.41618497109826,65.0,9.635838150289016,11.0,False,2025-11-28T15:33:26.024170,False,False,False,86.0,0.01,10.0,1.0,99.0
5329.27,416.65,5745.92,93.53236686390532,95.44,74.97,15806.969999999998,63.5621301775148,65.0,8.21301775147929,10.0,False,2025-11-28T15:37:24.902768,False,False,False,123.0,0.01,10.0,1.0,99.0
6403.23,483.0,6886.23,94.01088082901556,95.97,74.24,18144.1,63.424870466321245,64.0,11.637305699481866,14.0,False,2025-11-28T15:41:47.859369,False,False,False,32.0,0.01,10.0,118.0,99.0
6345.3,478.48,6823.78,94.0886842105263,96.16,73.68,17876.849999999995,63.29473684210527,64.0,11.921052631578949,14.0,False,2025-11-28T15:46:08.596740,False,False,False,32.0,0.01,10.0,1158.0,99.0
502.48,41.45,543.93,179.41800000000003,319.37,76.48,2691.2700000000004,70.0,78.0,40.4,100.0,False,2025-11-28T17:23:30.661525,True,False,False,10000.0,0.01,10.0,1.0,91.38000011444092
494.76,41.25,536.01,180.1746666666667,319.08,75.25,2702.6200000000003,68.46666666666667,76.0,40.66666666666666,100.0,False,2025-11-28T17:24:51.428815,True,False,False,10000.0,0.01,10.0,1.0,91.74000024795532
312.65,26.55,339.2,84.64888888888889,101.09,77.22,761.84,61.77777777777778,63.0,0.7777777777777778,4.0,False,2025-11-28T17:26:06.165274,True,False,False,32.0,0.01,13.0,1.0,11.34999990463257
312.98,27.1,340.08,83.13222222222223,98.46,74.27,748.19,59.888888888888886,61.0,0.7777777777777778,4.0,False,2025-11-28T17:27:20.931728,True,False,False,32.0,0.01,11.0,1.0,11.34999990463257
493.3,40.76,534.06,178.38466666666667,318.11,75.41,2675.77,63.73333333333333,72.0,40.266666666666666,100.0,False,2025-11-28T17:28:41.678414,True,False,False,32.0,0.0069067486661833,10.0,1.0,84.53999757766724
494.1,40.39,534.49,177.85333333333332,318.66,73.18,2667.8,63.93333333333333,72.0,40.4,100.0,False,2025-11-28T17:30:02.435002,True,False,False,32.0,0.0146577139590246,10.0,1.0,89.2799973487854
495.96,40.61,536.57,176.22666666666666,318.67,72.6,2643.4,63.73333333333333,72.0,41.13333333333333,100.0,False,2025-11-28T17:31:23.285283,True,False,False,32.0,0.01,10.0,5179.0,91.8500006198883
493.15,39.84,532.99,177.148,318.97,72.9,2657.22,63.2,71.0,40.4,100.0,False,2025-11-28T17:32:44.008054,True,False,False,32.0,0.01,10.0,5353.0,91.349995136261
8398.65,499.27,8897.92,10.190050761421324,84.1,4.12,2007.4400000000007,50.33502538071066,60.0,0.0,0.0,False,2025-11-28T15:50:37.744554,False,True,False,32.0,0.01,9.0,1.0,95.0
7452.73,441.24,7893.97,10.134400000000005,80.41,3.63,1773.520000000001,44.07428571428572,51.0,0.0114285714285714,2.0,False,2025-11-28T15:54:43.494571,False,True,False,32.0,0.01,8.0,1.0,95.0
12907.24,776.72,13683.96,7.5031907894736865,78.51,3.63,2280.9700000000007,40.63157894736842,48.0,0.0098684210526315,3.0,False,2025-11-28T16:01:02.153787,False,True,False,32.0,0.0120917953942012,10.0,1.0,65.0
13122.17,801.36,13923.53,7.513495145631074,78.46,3.82,2321.670000000002,38.82847896440129,46.0,0.0064724919093851,2.0,False,2025-11-28T16:07:26.030751,False,True,False,32.0,0.0112901530923658,10.0,1.0,63.0
8147.77,584.14,8731.91,8.747181818181817,77.51,3.67,1924.38,38.48181818181818,44.0,0.0136363636363636,3.0,False,2025-11-28T16:12:17.148134,False,True,False,92.0,0.01,10.0,1.0,92.0
7609.71,577.94,8187.65,9.017772511848335,78.04,3.8,1902.7499999999984,38.37440758293839,44.0,0.0,0.0,False,2025-11-28T16:16:59.113073,False,True,False,121.0,0.01,10.0,1.0,91.0
12967.78,779.49,13747.27,7.3482679738562116,77.8,3.46,2248.5700000000006,37.447712418300654,44.0,0.0098039215686274,3.0,False,2025-11-28T16:23:19.481314,False,True,False,32.0,0.01,10.0,9809.0,95.0
12937.68,775.26,13712.94,7.210524590163938,77.42,3.38,2199.210000000001,36.88852459016393,44.0,0.0098360655737704,3.0,False,2025-11-28T16:29:39.117205,False,True,False,32.0,0.01,10.0,7107.0,96.0
10728.71,816.2,11544.91,170.15428571428575,177.82,67.04,55980.76000000001,66.13981762917933,72.0,49.48024316109422,52.0,False,2025-11-28T16:36:21.555157,False,False,True,32.0,0.01,11.0,1.0,99.0
6844.19,526.83,7371.02,175.1333014354067,179.6,74.74,36602.86,71.50717703349282,74.0,49.68421052631579,52.0,False,2025-11-28T16:41:01.742254,False,False,True,32.0,0.01,7.0,1.0,99.0
13514.98,1050.83,14565.81,179.44502415458936,183.63,75.19,74290.23999999999,74.01690821256038,76.0,50.369565217391305,52.0,False,2025-11-28T16:49:11.611467,False,False,True,32.0,0.0123570760259487,10.0,1.0,99.0
13513.94,1043.63,14557.57,183.36939759036136,187.05,76.1,76098.29999999996,75.65301204819278,77.0,50.12771084337349,52.0,False,2025-11-28T16:57:22.423067,False,False,True,32.0,0.0077518837473554,10.0,1.0,98.0
5773.72,448.29,6222.01,194.533735632184,202.35,76.33,33848.87000000001,76.13218390804597,78.0,53.92528735632184,62.0,False,2025-11-28T17:01:26.524680,False,False,True,80.0,0.01,10.0,1.0,99.0
6249.07,490.78,6739.85,194.86158730158724,201.82,76.17,36828.83999999999,76.31746031746032,79.0,55.629629629629626,59.0,False,2025-11-28T17:05:45.889364,False,False,True,73.0,0.01,10.0,1.0,100.0
13518.47,1063.72,14582.19,185.11853012048184,189.42,76.28,76824.18999999997,76.53253012048192,78.0,50.2144578313253,52.0,False,2025-11-28T17:13:56.835526,False,False,True,32.0,0.01,10.0,6487.0,100.0
13571.65,1079.37,14651.02,184.60163461538468,188.46,76.33,76794.28000000003,76.8485576923077,78.0,50.125,52.0,False,2025-11-28T17:22:09.484661,False,False,True,32.0,0.01,10.0,9527.0,100.0
5825.47,445.64,6271.11,88.723606557377,92.3,69.16,16236.419999999993,54.13661202185792,58.0,9.027322404371583,11.0,False,2025-12-01T22:35:54.263029,False,False,False,76.0,0.01,10.0,1.0,99.0
6689.11,483.67,7172.78,93.22954545454546,96.61,71.92,18459.45,58.994949494949495,62.0,13.04040404040404,15.0,False,2025-12-01T22:40:23.025900,False,False,False,23.0,0.01,10.0,1.0,99.0
500.28,39.78,540.06,178.99266666666665,318.81,74.82,2684.89,66.73333333333333,74.0,40.46666666666667,100.0,False,2025-12-01T23:00:29.618158,True,False,False,32.0,0.01,10.0,1.0,5.98999969661236
493.51,38.74,532.25,178.34933333333336,319.04,74.27,2675.24,64.4,72.0,41.06666666666667,100.0,False,2025-12-01T23:01:50.375298,True,False,False,32.0,0.01,10.0,1.0,11.34999990463257
272.07,22.16,294.23,83.095,90.97,73.24,664.76,57.875,59.0,6.0,23.0,False,2025-12-01T23:03:03.657514,True,False,False,104.0,0.01,10.0,1.0,88.80999684333801
271.22,21.96,293.18,82.05,89.96,72.16,656.4,55.625,56.0,6.125,23.0,False,2025-12-01T23:04:16.923790,True,False,False,113.0,0.01,10.0,1.0,92.26999878883362
310.21,25.1,335.31,79.90777777777777,88.99,71.64,719.17,54.333333333333336,55.0,0.6666666666666666,4.0,False,2025-12-01T23:05:31.621172,True,False,False,32.0,0.01,5.0,1.0,10.26999950408936
310.8,24.85,335.65,80.19777777777777,92.2,71.76,721.78,53.22222222222222,54.0,0.7777777777777778,4.0,False,2025-12-01T23:06:46.364147,True,False,False,32.0,0.01,8.0,1.0,11.34999990463257
490.42,38.65,529.07,175.66199999999998,318.43,71.77,2634.93,57.53333333333333,66.0,39.2,100.0,False,2025-12-01T23:08:07.073538,True,False,False,32.0,0.0064347098083148,10.0,1.0,84.99000072479248
491.65,38.47,530.12,175.87266666666667,318.7,71.68,2638.09,58.6,67.0,39.93333333333333,100.0,False,2025-12-01T23:09:27.797049,True,False,False,32.0,0.0056126340872709,10.0,1.0,77.80999541282654
492.32,38.55,530.87,175.788,318.97,71.89,2636.82,59.266666666666666,67.0,41.13333333333333,100.0,False,2025-12-01T23:10:48.582414,True,False,False,32.0,0.01,10.0,605.0,91.93999767303468
490.34,38.84,529.18,175.536,318.82,71.69,2633.04,59.2,67.0,40.53333333333333,100.0,False,2025-12-01T23:12:09.282336,True,False,False,32.0,0.01,10.0,3696.0,91.81999564170836
7521.64,558.46,8080.1,9.426937799043063,82.1,3.68,1970.2300000000005,46.54545454545455,57.0,0.0,0.0,False,2025-12-01T22:45:03.633402,False,True,False,120.0,0.01,10.0,1.0,91.0
11703.67,716.82,12420.49,7.819612676056335,78.76,3.78,2220.769999999999,39.566901408450704,47.0,0.0105633802816901,3.0,False,2025-12-01T22:51:01.552471,False,True,False,38.0,0.01,10.0,1.0,95.0
6333.6,481.51,6815.11,181.52125654450276,193.02,67.85,34670.56000000002,64.90052356020942,72.0,53.75916230366492,61.0,False,2025-12-01T22:55:22.985955,False,False,True,72.0,0.01,10.0,1.0,99.0
5185.38,391.43,5576.81,192.44653846153844,202.92,74.61,30021.66,71.58333333333333,75.0,56.12179487179487,60.0,False,2025-12-01T22:59:08.384507,False,False,True,89.0,0.01,10.0,1.0,100.0
272.29,22.23,294.52,86.36749999999999,93.73,77.1,690.9399999999999,65.625,66.0,6.25,24.0,False,2025-12-03T04:08:02.184650,True,False,False,81.0,0.01,10.0,1.0,5.98999969661236
312.87,25.16,338.03,90.46111111111112,122.43,76.56,814.1500000000001,64.66666666666667,66.0,0.7777777777777778,4.0,False,2025-12-03T04:09:16.905436,True,False,False,32.0,0.01,14.0,1.0,11.34999990463257
496.99,39.32,536.31,181.20066666666668,318.61,78.46,2718.01,68.26666666666667,76.0,41.0,100.0,False,2025-12-03T04:10:37.715757,True,False,False,32.0,0.012684299171363,10.0,1.0,88.80999684333801
493.9,39.07,532.97,180.65466666666669,319.66,75.89,2709.82,67.73333333333333,76.0,41.13333333333333,100.0,False,2025-12-03T04:11:58.498501,True,False,False,32.0,0.01,10.0,3839.0,92.26999878883362
7647.68,512.99,8160.67,191.99429999999995,197.39,169.81,38398.85999999999,74.69,76.0,68.52,75.0,True,2025-12-04T05:21:15.114036,False,False,False,31.0,0.01,10.0,1.0,99.0
2807.86,188.05,2995.91,193.88527027027035,199.78,174.68,14347.510000000006,74.5945945945946,76.0,67.0,74.0,True,2025-12-04T05:24:04.712019,False,False,False,32.0,0.01,5.0,1.0,99.0
7603.99,507.21,8111.2,194.9680904522613,200.66,175.98,38798.65,75.28643216080403,77.0,68.54773869346734,75.0,True,2025-12-04T05:29:02.403026,False,False,False,32.0,0.0083036847173297,10.0,1.0,96.0
7558.36,494.22,8052.58,194.5024747474748,199.82,175.72,38511.490000000005,75.45454545454545,77.0,68.66666666666667,75.0,True,2025-12-04T05:33:58.725088,False,False,False,32.0,0.01,10.0,437.0,99.0
271.86,21.83,293.69,85.21,90.39,76.14,681.68,64.625,65.0,7.0,23.0,False,2025-12-04T05:13:34.638887,True,False,False,26.0,0.01,10.0,1.0,8.19999948143959
496.28,38.96,535.24,179.32666666666668,319.04,75.36,2689.9,68.13333333333334,76.0,41.06666666666667,100.0,False,2025-12-04T05:14:55.463169,True,False,False,32.0,0.00559625225492,10.0,1.0,83.06999802589417
492.54,38.96,531.5,179.24533333333335,318.6,74.92,2688.6800000000003,66.6,75.0,40.06666666666667,100.0,False,2025-12-04T05:16:16.194797,True,False,False,32.0,0.01,10.0,5269.0,5.98999969661236
304.29,21.67,325.96,112.24333333333333,140.83,88.68,1010.19,66.0,67.0,19.666666666666668,48.0,True,2025-12-04T06:33:07.776299,True,False,False,28.0,0.01,10.0,1.0,11.34999990463257
377.34,26.57,403.91,100.53909090909092,124.46,88.17,1105.93,64.0,65.0,13.363636363636363,31.0,True,2025-12-04T06:34:52.521441,True,False,False,32.0,0.01,15.0,1.0,11.34999990463257
633.19,43.01,676.2,185.05555555555557,319.21,87.56,3330.9999999999995,67.38888888888889,75.0,46.05555555555556,100.0,True,2025-12-04T06:36:44.290058,True,False,False,32.0,0.0060985192312166,10.0,1.0,11.34999990463257
638.22,43.4,681.62,182.9777777777778,319.12,86.84,3293.6000000000004,66.38888888888889,74.0,46.5,100.0,True,2025-12-04T06:38:36.208559,True,False,False,32.0,0.01,10.0,2571.0,11.34999990463257
12712.46,761.23,13473.69,172.47432989690722,181.82,151.57,50190.03,73.6426116838488,75.0,43.54639175257732,51.0,True,2025-12-04T05:40:31.760068,False,True,False,41.0,0.01,10.0,1.0,95.0
11258.24,665.96,11924.2,168.60071428571436,180.21,142.23,42487.38000000002,73.26190476190476,74.0,42.08730158730159,51.0,True,2025-12-04T05:46:25.135349,False,True,False,32.0,0.01,11.0,1.0,95.0
14363.67,859.89,15223.56,169.37465838509314,180.46,143.16,54538.63999999999,73.24844720496894,74.0,42.298136645962735,51.0,True,2025-12-04T05:53:29.695947,False,True,False,32.0,0.0143676167258266,10.0,1.0,70.0
14409.33,846.7,15256.03,170.52108695652169,180.76,152.88,54907.78999999999,73.51242236024845,74.0,42.80124223602485,51.0,True,2025-12-04T06:00:35.136712,False,True,False,32.0,0.01,10.0,2716.0,96.0
6012.01,405.14,6417.15,209.7925974025973,220.69,89.75,32308.059999999983,75.93506493506493,78.0,72.33116883116882,80.0,True,2025-12-04T06:04:47.127494,False,False,True,97.0,0.01,10.0,1.0,100.0
15560.08,1051.18,16611.26,194.46744471744475,202.13,89.77,79148.25000000001,75.91400491400492,77.0,68.02702702702703,75.0,True,2025-12-04T06:13:18.702166,False,False,True,32.0,0.01,13.0,1.0,100.0
16785.42,1135.63,17921.05,194.9158542141232,202.81,89.26,85568.06000000008,76.20045558086561,77.0,67.96355353075171,74.0,True,2025-12-04T06:22:22.150004,False,False,True,32.0,0.0116086181001845,10.0,1.0,99.0
16743.45,1131.14,17874.59,195.6097031963469,203.15,88.8,85677.04999999994,76.22602739726027,77.0,67.72146118721462,75.0,True,2025-12-04T06:31:25.055960,False,False,True,32.0,0.01,10.0,6913.0,100.0
311.83,22.42,334.25,101.9211111111111,129.02,80.57,917.29,49.22222222222222,51.0,22.0,46.0,True,2025-12-04T15:50:33.267219,True,False,False,70.0,0.01,10.0,1.0,3.97999994456768
367.41,26.45,393.86,92.95090909090908,111.23,81.59,1022.46,50.54545454545455,52.0,12.636363636363637,31.0,True,2025-12-04T15:52:17.868419,True,False,False,32.0,0.01,13.0,1.0,11.34999990463257
626.88,41.89,668.77,178.83833333333334,319.06,82.89,3219.09,56.94444444444444,65.0,45.888888888888886,100.0,True,2025-12-04T15:54:09.586551,True,False,False,32.0,0.0092235883240427,10.0,1.0,87.59999871253967
631.01,42.77,673.78,179.8638888888889,318.72,84.46,3237.55,58.888888888888886,67.0,46.77777777777778,100.0,True,2025-12-04T15:56:01.207609,True,False,False,32.0,0.01,10.0,1516.0,8.9199997484684
5331.68,409.83,5741.51,90.17506024096384,93.16,69.42,14969.059999999998,52.59638554216868,57.0,9.301204819277109,11.0,False,2025-12-05T21:20:19.281059,False,False,False,62.0,0.0121966422280414,13.0,7527.0,96.0
205.31,16.97,222.28,77.98166666666667,83.37,71.95,467.89,51.833333333333336,52.0,0.5,3.0,False,2025-12-05T21:21:30.485896,True,False,False,127.0,0.0104135363989588,5.0,9646.0,7.31000006198883
3159.02,215.67,3374.69,17.41325301204819,81.71,3.95,1445.3,45.57831325301205,51.0,0.0,0.0,False,2025-12-05T21:24:02.291306,False,True,False,76.0,0.0085606210723768,5.0,5072.0,42.0
3418.9,256.84,3675.74,168.29519230769236,178.66,68.89,17502.700000000004,61.02884615384615,68.0,50.73076923076923,55.0,False,2025-12-05T21:26:54.431573,False,False,True,58.0,0.015450238252847,6.0,9643.0,98.0
8339.3,580.55,8919.85,272.5398058252426,282.39,253.1,56143.199999999975,81.18932038834951,83.0,83.04368932038835,94.0,True,2025-12-10T12:24:23.946890,False,False,False,29.0,0.01,10.0,1.0,99.0
7429.06,528.32,7957.38,268.3668783068783,282.67,251.1,50721.34,82.34920634920636,84.0,78.82539682539682,84.0,True,2025-12-10T12:29:11.405740,False,False,False,64.0,0.01,10.0,1.0,99.0
7281.81,520.01,7801.82,264.29698924731184,278.58,242.14,49159.24,82.55913978494624,84.0,78.63440860215054,83.0,True,2025-12-10T12:33:56.364903,False,False,False,80.0,0.01,10.0,1.0,99.0
8771.08,596.54,9367.62,260.6776056338028,279.1,232.37,55524.32999999999,82.87323943661971,84.0,86.20657276995306,93.0,True,2025-12-10T12:39:08.477637,False,False,False,23.0,0.01,10.0,1.0,99.0
7235.74,509.36,7745.1,259.9932432432432,279.75,238.82,48098.74999999999,82.94594594594595,85.0,79.16216216216216,84.0,True,2025-12-10T12:43:51.760215,False,False,False,84.0,0.01,10.0,1.0,99.0
1161.51,89.49,1251.0,260.27666666666664,270.57,245.76,8589.13,82.15151515151516,83.0,72.66666666666667,97.0,True,2025-12-10T11:43:33.237717,True,False,False,32.0,0.01,9.0,1.0,11.34999990463257
500.3,36.73,537.03,266.5207142857143,274.8,252.16,3731.29,81.42857142857143,82.0,73.14285714285714,97.0,True,2025-12-10T11:45:21.008339,True,False,False,32.0,0.01,7.0,1.0,11.34999990463257
490.92,36.32,527.24,262.3928571428572,271.81,254.45,3673.5,80.64285714285714,82.0,74.85714285714286,97.0,True,2025-12-10T11:47:08.640865,True,False,False,32.0,0.01,13.0,1.0,11.34999990463257
481.11,36.0,517.11,257.2738461538462,269.31,249.88,3344.5600000000004,80.38461538461539,81.0,71.92307692307692,97.0,True,2025-12-10T11:48:56.074413,True,False,False,32.0,0.01,8.0,1.0,11.34999990463257
508.28,37.5,545.78,264.14642857142854,273.44,253.2,3698.05,80.0,81.0,77.71428571428571,97.0,True,2025-12-10T11:50:44.049412,True,False,False,32.0,0.01,15.0,1.0,11.34999990463257
931.96,67.53,999.49,282.9291999999999,315.89,252.72,7073.229999999998,81.4,83.0,87.68,100.0,True,2025-12-10T11:52:43.728509,True,False,False,32.0,0.0170777844910995,10.0,1.0,90.24999737739564
950.18,68.94,1019.12,286.16269230769234,316.97,255.3,7440.23,81.23076923076923,83.0,86.65384615384616,100.0,True,2025-12-10T11:54:43.775030,True,False,False,32.0,0.0098250773423092,10.0,1.0,87.8600001335144
943.8,67.9,1011.7,287.7688461538461,318.59,254.52,7481.989999999998,81.1923076923077,83.0,86.53846153846153,100.0,True,2025-12-10T11:56:43.635975,True,False,False,32.0,0.0116374578975137,10.0,1.0,89.50999975204468
943.12,67.43,1010.55,286.4544,316.77,254.69,7161.360000000001,80.84,83.0,87.48,100.0,True,2025-12-10T11:58:43.366585,True,False,False,32.0,0.0110451349466112,10.0,1.0,88.23999762535095
949.69,68.65,1018.34,287.4957692307692,318.14,260.3,7474.889999999999,80.6923076923077,83.0,86.76923076923077,100.0,True,2025-12-10T12:00:43.331950,True,False,False,32.0,0.0159906612347298,10.0,1.0,90.12999534606934
331.36,24.36,355.72,266.28,272.84,257.55,2396.52,78.55555555555556,79.0,79.11111111111111,98.0,True,2025-12-10T12:02:26.504466,True,False,False,98.0,0.01,10.0,1.0,7.53000006079674
341.75,25.01,366.76,258.259,272.19,241.44,2582.59,78.2,79.0,76.7,98.0,True,2025-12-10T12:04:10.015710,True,False,False,128.0,0.01,10.0,1.0,9.99999940395355
328.86,24.09,352.95,265.4455555555556,274.48,255.58,2389.01,78.66666666666667,79.0,77.22222222222223,98.0,True,2025-12-10T12:05:53.177773,True,False,False,114.0,0.01,10.0,1.0,5.33999986946583
339.24,24.59,363.83,265.708,270.16,259.42,2657.08,78.5,79.0,77.2,97.0,True,2025-12-10T12:07:36.628761,True,False,False,127.0,0.01,10.0,1.0,9.39999967813492
330.69,23.92,354.61,264.34666666666664,269.7,254.3,2379.12,78.22222222222223,79.0,79.0,98.0,True,2025-12-10T12:09:19.744333,True,False,False,81.0,0.01,10.0,1.0,4.6399999409914
942.92,66.11,1009.03,288.26115384615383,319.16,254.78,7494.79,80.15384615384616,83.0,85.5,100.0,True,2025-12-10T12:11:19.616917,True,False,False,32.0,0.01,10.0,5242.0,91.81999564170836
934.98,65.7,1000.68,286.24,316.45,246.31,7156.0,79.8,83.0,85.64,100.0,True,2025-12-10T12:13:19.230038,True,False,False,32.0,0.01,10.0,4927.0,91.93999767303468
944.86,67.76,1012.62,288.5126923076923,316.02,253.7,7501.33,79.88461538461539,82.0,86.61538461538461,100.0,True,2025-12-10T12:15:19.074376,True,False,False,32.0,0.01,10.0,2419.0,91.8999969959259
945.48,67.23,1012.71,290.3724,319.05,259.81,7259.310000000001,80.08,83.0,87.2,100.0,True,2025-12-10T12:17:18.818758,True,False,False,32.0,0.01,10.0,6378.0,92.20999479293825
937.92,66.86,1004.78,291.1032,318.67,257.05,7277.58,80.16,83.0,88.16,100.0,True,2025-12-10T12:19:18.458253,True,False,False,32.0,0.01,10.0,1228.0,91.7099952697754
11300.05,753.76,12053.81,249.68848837209308,268.81,224.64,64419.63000000001,82.40310077519379,84.0,64.37596899224806,75.0,True,2025-12-10T12:49:50.916300,False,True,False,65.0,0.01,10.0,1.0,94.0
19044.0,1096.45,20140.45,241.98154822335053,268.16,191.35,95340.73000000013,82.32233502538071,84.0,60.51269035532995,73.0,True,2025-12-10T12:58:10.524843,False,True,False,19.0,0.01,10.0,1.0,96.0
10909.19,734.25,11643.44,248.75734126984108,270.51,221.84,62686.84999999996,82.7063492063492,84.0,64.78174603174604,74.0,True,2025-12-10T13:04:02.995428,False,True,False,75.0,0.01,10.0,1.0,94.0
10887.14,726.37,11613.51,248.10585657370535,267.9,226.26,62274.57000000005,82.68525896414343,84.0,64.84860557768924,74.0,True,2025-12-10T13:09:54.419582,False,True,False,73.0,0.01,10.0,1.0,93.0
10951.13,721.81,11672.94,248.6858167330677,267.73,224.17,62420.13999999999,82.69322709163346,84.0,65.1593625498008,74.0,True,2025-12-10T13:15:45.946737,False,True,False,71.0,0.01,10.0,1.0,94.0
5493.03,338.15,5831.18,249.4452100840336,270.63,220.99,29683.979999999992,82.34453781512605,84.0,63.445378151260506,74.0,True,2025-12-10T13:19:22.342658,False,True,False,32.0,0.01,5.0,1.0,94.0
13052.64,793.03,13845.67,247.4173665480426,268.67,220.78,69524.27999999997,82.42348754448399,84.0,63.87544483985765,74.0,True,2025-12-10T13:25:45.394699,False,True,False,32.0,0.01,12.0,1.0,95.0
9798.98,590.46,10389.44,247.03990521327023,267.26,212.44,52125.42000000003,82.41232227488152,84.0,63.3696682464455,73.0,True,2025-12-10T13:30:56.315012,False,True,False,32.0,0.01,9.0,1.0,95.0
7555.61,523.41,8079.02,257.60906735751297,286.8,223.28,49718.55,83.29015544041451,85.0,97.81865284974091,100.0,True,2025-12-10T13:35:47.929265,False,False,True,115.0,0.01,10.0,1.0,99.0
17818.39,1243.21,19061.6,244.91617903930128,285.82,222.78,112171.61,82.66157205240175,84.0,98.146288209607,100.0,True,2025-12-10T13:45:11.276830,False,False,True,43.0,0.01,10.0,1.0,100.0
21791.11,1520.5,23311.61,242.03514285714292,279.29,223.77,135539.68000000005,82.89285714285714,84.0,98.13035714285714,100.0,True,2025-12-10T13:56:18.996063,False,False,True,34.0,0.01,10.0,1.0,100.0
7192.8,498.91,7691.71,255.51853260869552,281.85,228.68,47015.40999999997,83.51086956521739,85.0,97.66847826086956,100.0,True,2025-12-10T14:01:00.958778,False,False,True,125.0,0.01,10.0,1.0,100.0
16129.87,1129.24,17259.11,239.53417874396152,282.81,223.15,99167.15000000008,82.54589371980677,84.0,98.05797101449276,100.0,True,2025-12-10T14:09:39.769715,False,False,True,49.0,0.01,10.0,1.0,100.0
195.26,15.51,210.77,74.14599999999999,78.19,68.88,370.73,46.6,48.0,1.2,3.0,False,2025-12-10T22:47:21.216386,True,False,False,32.0,0.01,10.0,1.0,10.06999984383583
212.43,14.59,227.02,86.27500000000002,88.5,81.31,517.6500000000001,49.5,50.0,10.5,13.0,True,2025-12-10T22:49:01.372578,True,False,False,32.0,0.01,10.0,1.0,8.9199997484684
196.9,16.23,213.13,73.606,77.36,68.42,368.03,44.6,45.0,0.6,3.0,False,2025-12-12T22:49:45.365408,True,False,False,112.0,0.0072251915476177,8.0,4791.0,9.55999940633774
4156.27,304.2,4460.47,96.45666666666668,101.02,77.06,10996.06,67.29824561403508,68.0,12.078947368421051,24.0,True,2025-12-15T14:59:36.917368,False,False,False,,,8.0,,99.0
5585.48,408.59,5994.07,95.8905844155844,100.11,76.5,14767.15,65.70779220779221,67.0,12.493506493506494,29.0,True,2025-12-15T15:03:49.231799,False,False,False,,,11.0,,99.0
7102.87,511.34,7614.21,95.4758461538462,100.02,77.94,18617.790000000008,64.64102564102564,66.0,13.076923076923077,29.0,True,2025-12-15T15:08:44.342487,False,False,False,,,14.0,,99.0
3135.83,228.61,3364.44,94.2875581395349,98.76,75.42,8108.730000000001,63.08139534883721,65.0,12.44186046511628,29.0,True,2025-12-15T15:11:47.496282,False,False,False,,,6.0,,99.0
6650.75,494.87,7145.62,94.14939890710384,98.82,76.89,17229.34,63.0655737704918,64.0,12.754098360655735,29.0,True,2025-12-15T15:16:30.147740,False,False,False,,,13.0,,99.0
7065.02,521.45,7586.47,94.73144329896904,99.33,74.03,18377.9,62.88659793814433,65.0,12.762886597938143,29.0,True,2025-12-15T15:21:24.306216,False,False,False,,0.0177041288204654,,,98.0
7120.92,524.81,7645.73,94.53311224489792,99.27,74.29,18528.48999999999,62.65816326530612,64.0,12.908163265306122,29.0,True,2025-12-15T15:26:19.932803,False,False,False,,0.0111644565363892,,,97.0
7116.73,523.87,7640.6,94.39438775510204,99.39,73.89,18501.3,62.36734693877551,65.0,12.551020408163266,29.0,True,2025-12-15T15:31:15.458408,False,False,False,,0.0144502050707501,,,97.0
8339.3,580.55,8919.85,272.5398058252426,282.39,253.1,56143.199999999975,81.18932038834951,83.0,83.04368932038835,94.0,True,2025-12-15T15:36:10.234432,False,False,False,29.0,0.0186342195022677,,,99.0
7429.06,528.32,7957.38,268.3668783068783,282.67,251.1,50721.34,82.34920634920636,84.0,78.82539682539682,84.0,True,2025-12-15T15:41:04.974514,False,False,False,64.0,0.0067288877042379,,,99.0
7281.81,520.01,7801.82,264.29698924731184,278.58,242.14,49159.24,82.55913978494624,84.0,78.63440860215054,83.0,True,2025-12-15T15:45:55.831634,False,False,False,80.0,,,,99.0
8771.08,596.54,9367.62,260.6776056338028,279.1,232.37,55524.32999999999,82.87323943661971,84.0,86.20657276995306,93.0,True,2025-12-15T15:50:42.192572,False,False,False,23.0,,,,99.0
7235.74,509.36,7745.1,259.9932432432432,279.75,238.82,48098.74999999999,82.94594594594595,85.0,79.16216216216216,84.0,True,2025-12-15T15:55:19.597002,False,False,False,84.0,,,,99.0
6371.39,487.18,6858.57,93.14572222222226,98.04,73.18,16766.230000000007,61.41111111111111,64.0,10.383333333333333,27.0,True,2025-12-15T15:59:59.450199,False,False,False,73.0,,,,99.0
6355.95,476.65,6832.6,93.13966666666668,98.26,75.68,16765.14,61.31111111111111,64.0,10.266666666666667,27.0,True,2025-12-15T16:04:39.093165,False,False,False,77.0,,,,99.0
7115.09,526.5,7641.59,93.59433673469388,98.81,73.29,18344.49,61.57142857142857,64.0,12.933673469387756,29.0,True,2025-12-15T16:09:34.456171,False,False,False,,,,5408.0,99.0
7073.26,526.36,7599.62,93.73338461538468,98.72,73.38,18278.01000000001,61.70769230769231,64.0,12.712820512820512,29.0,True,2025-12-15T16:14:29.182758,False,False,False,,,,8578.0,99.0
7085.67,514.09,7599.76,93.74728205128204,98.79,73.8,18280.72,61.687179487179485,64.0,12.702564102564102,29.0,True,2025-12-15T16:19:24.028992,False,False,False,,,,1032.0,99.0
7069.9,521.51,7591.41,93.65551546391752,98.61,73.07,18169.17,61.68556701030928,64.0,13.06701030927835,29.0,True,2025-12-15T16:24:17.871879,False,False,False,,,,5976.0,99.0
7091.89,517.29,7609.18,93.91077319587627,99.07,76.26,18218.69,61.64948453608248,64.0,12.706185567010309,29.0,True,2025-12-15T16:29:12.060394,False,False,False,,,,1153.0,99.0
373.67,26.4,400.07,99.00545454545454,122.29,87.24,1089.06,60.45454545454545,62.0,13.0,26.0,True,2025-12-15T16:30:56.734272,True,False,False,,,6.0,,11.34999990463257
377.39,27.03,404.42,94.57272727272728,105.13,86.75,1040.3000000000002,58.81818181818182,59.0,13.0,26.0,True,2025-12-15T16:32:41.439432,True,False,False,,,5.0,,11.24999970197678
382.13,27.45,409.58,98.00818181818182,120.36,86.28,1078.09,58.27272727272727,60.0,16.09090909090909,47.0,True,2025-12-15T16:34:26.266739,True,False,False,,,8.0,,11.34999990463257
376.75,27.25,404.0,94.22636363636364,106.58,85.35,1036.49,57.36363636363637,58.0,13.545454545454543,22.0,True,2025-12-15T16:36:11.093584,True,False,False,,,7.0,,11.34999990463257
381.14,27.27,408.41,97.66181818181818,118.67,84.67,1074.28,57.27272727272727,59.0,15.454545454545457,38.0,True,2025-12-15T16:37:55.926124,True,False,False,,,13.0,,11.34999990463257
634.8,43.57,678.37,181.5761111111111,318.89,85.72,3268.3699999999994,61.833333333333336,70.0,46.61111111111112,100.0,True,2025-12-15T16:39:47.678517,True,False,False,,0.0172428667325408,,,91.10999703407288
639.56,44.13,683.69,183.33166666666665,319.04,84.68,3299.97,62.55555555555556,71.0,46.27777777777778,100.0,True,2025-12-15T16:41:39.640236,True,False,False,,0.0197572750535685,,,91.01999998092651
635.32,45.29,680.61,183.245,318.53,85.63,3298.41,63.22222222222222,71.0,45.888888888888886,100.0,True,2025-12-15T16:43:31.440428,True,False,False,,0.0066112188767239,,,83.26999545097351
634.08,44.6,678.68,183.25833333333333,318.57,84.97,3298.65,63.388888888888886,71.0,47.05555555555556,100.0,True,2025-12-15T16:45:23.188962,True,False,False,,0.0082936456620611,,,86.72999739646912
641.81,45.03,686.84,182.42888888888888,319.13,85.18,3283.72,63.333333333333336,71.0,44.11111111111112,100.0,True,2025-12-15T16:47:15.156007,True,False,False,,0.0196573219827628,,,90.77000021934508
311.08,22.44,333.52,108.82777777777778,138.59,85.52,979.45,59.0,60.0,20.77777777777778,47.0,True,2025-12-15T16:48:57.966114,True,False,False,73.0,,,,7.44999945163727
313.82,22.73,336.55,108.59,139.58,84.37,977.31,58.0,59.0,22.33333333333333,47.0,True,2025-12-15T16:50:40.946584,True,False,False,117.0,,,,6.3000001013279
310.5,22.8,333.3,105.4388888888889,132.74,84.68,948.95,57.0,58.0,21.22222222222222,46.0,True,2025-12-15T16:52:23.869152,True,False,False,56.0,,,,6.92000016570091
313.14,22.73,335.87,107.00444444444445,137.73,84.81,963.04,56.888888888888886,58.0,22.77777777777778,47.0,True,2025-12-15T16:54:06.753854,True,False,False,124.0,,,,10.67999973893166
315.12,23.25,338.37,105.51666666666664,130.63,84.22,949.65,56.66666666666666,58.0,21.33333333333333,46.0,True,2025-12-15T16:55:49.790868,True,False,False,33.0,,,,6.05999976396561
640.6,45.36,685.96,180.9705555555555,318.73,84.31,3257.47,61.11111111111112,69.0,47.16666666666666,100.0,True,2025-12-15T16:57:41.790880,True,False,False,,,,44.0,91.6700005531311
627.18,44.34,671.52,181.67666666666665,318.44,84.72,3270.18,62.27777777777778,70.0,46.44444444444444,100.0,True,2025-12-15T16:59:33.434096,True,False,False,,,,2251.0,91.839998960495
633.86,44.58,678.44,182.94055555555556,319.48,85.07,3292.93,62.72222222222222,71.0,46.66666666666666,100.0,True,2025-12-15T17:01:25.222600,True,False,False,,,,486.0,92.03999638557434
634.4,44.86,679.26,182.39666666666665,318.89,84.75,3283.14,63.05555555555556,71.0,46.55555555555556,100.0,True,2025-12-15T17:03:17.033951,True,False,False,,,,3122.0,92.26999878883362
632.07,45.8,677.87,181.96944444444443,318.66,84.55,3275.45,63.16666666666666,71.0,46.27777777777778,100.0,True,2025-12-15T17:05:08.805400,True,False,False,,,,2980.0,91.61999821662904
4835.65,404.41,5240.06,86.94424528301886,91.0,69.0,9216.089999999998,51.31132075471698,55.0,8.18867924528302,11.0,False,2025-12-30T20:44:40.055138,False,False,False,58.0,0.0081047201583389,7.0,3332.0,94.0
8813.31,738.34,9551.65,90.85825000000004,93.62,72.13,18171.65000000001,57.835,61.0,8.06,10.0,False,2025-12-30T20:48:10.662475,False,False,False,102.0,0.0146837003973589,15.0,7436.0,96.0
3932.0,326.78,4258.78,92.14068965517238,94.63,74.57,8016.239999999997,60.63218390804597,62.0,8.804597701149426,11.0,False,2025-12-30T20:49:46.089836,False,False,False,51.0,0.0111049630737647,6.0,6938.0,95.0
3752.98,313.53,4066.51,92.48380952380953,94.93,75.34,7768.639999999999,61.535714285714285,62.0,8.44047619047619,11.0,False,2025-12-30T20:51:18.040708,False,False,False,85.0,0.0132001184643702,6.0,6305.0,95.0
7562.57,629.84,8192.41,92.61267441860468,94.35,75.86,15929.380000000005,62.63953488372093,63.0,7.360465116279069,9.0,False,2025-12-30T20:54:19.769737,False,False,False,125.0,0.0106055378329052,13.0,6077.0,95.0
5009.92,386.34,5396.26,181.5903846153846,187.71,165.14,18885.4,70.5673076923077,72.0,55.38461538461539,62.0,True,2025-12-30T20:57:40.466394,False,False,False,62.0,0.0148943935928297,7.0,3829.0,97.0
8383.55,633.93,9017.48,186.9377647058824,195.08,163.61,31779.42000000001,73.00588235294117,75.0,69.15294117647059,79.0,True,2025-12-30T21:02:08.239759,False,False,False,21.0,0.0181445629856669,10.0,7415.0,98.0
3540.58,276.02,3816.6,181.92567567567568,187.02,164.18,13462.5,72.78378378378379,74.0,52.729729729729726,59.0,True,2025-12-30T21:04:57.808572,False,False,False,89.0,0.0087200852516585,5.0,214.0,94.0
4253.9,328.07,4581.97,182.1076404494382,188.09,165.14,16207.58,72.96629213483146,74.0,52.93258426966292,59.0,True,2025-12-30T21:08:02.604090,False,False,False,85.0,0.0079889968683699,6.0,5161.0,94.0
4360.89,326.97,4687.86,187.4255681818182,195.57,167.22,16493.45,73.68181818181819,75.0,68.23863636363636,78.0,True,2025-12-30T21:11:06.867158,False,False,False,21.0,0.0140514836827774,5.0,710.0,97.0
337.4,28.37,365.77,81.75833333333334,85.19,78.33,490.55,62.5,63.0,0.0,0.0,False,2025-12-30T21:12:19.175916,True,False,False,19.0,0.0066123924246972,11.0,8898.0,9.07000005245209
306.33,25.62,331.95,81.19666666666666,87.89,75.56,487.18,62.5,63.0,0.0,0.0,False,2025-12-30T21:12:30.729953,True,False,False,102.0,0.0059593217089678,6.0,2224.0,8.54000002145767
304.75,25.5,330.25,81.79833333333333,87.93,75.98,490.79,62.333333333333336,63.0,0.0,0.0,False,2025-12-30T21:12:42.128791,True,False,False,34.0,0.0084472569865486,6.0,3167.0,9.65999960899353
314.24,26.29,340.53,81.24,87.71,75.92,487.44,62.0,62.0,0.0,0.0,False,2025-12-30T21:12:53.730471,True,False,False,71.0,0.0067961846324972,14.0,5514.0,9.52999964356422
308.42,26.0,334.42,81.11500000000001,87.62,75.75,486.69000000000005,61.833333333333336,62.0,0.0,0.0,False,2025-12-30T21:13:05.287949,True,False,False,43.0,0.0106813371857222,10.0,5351.0,8.9199997484684
303.03,23.59,326.62,165.16285714285712,170.83,160.63,1156.14,68.28571428571429,69.0,42.85714285714285,45.0,True,2025-12-30T21:14:46.010464,True,False,False,51.0,0.0118733948146031,9.0,3574.0,10.30000001192093
307.54,23.94,331.48,166.22857142857143,171.27,161.07,1163.6,68.57142857142857,69.0,44.142857142857146,53.0,True,2025-12-30T21:16:26.798870,True,False,False,123.0,0.0126487055111699,13.0,4703.0,10.27999967336655
304.71,24.09,328.8,165.82285714285717,170.65,163.5,1160.7600000000002,68.57142857142857,69.0,41.285714285714285,44.0,True,2025-12-30T21:18:07.573551,True,False,False,77.0,0.0090842240515643,14.0,6554.0,10.30000001192093
298.63,23.7,322.33,165.49,171.76,162.32,1158.43,68.28571428571429,69.0,41.85714285714285,46.0,True,2025-12-30T21:19:48.356930,True,False,False,111.0,0.0181418674923598,8.0,1625.0,10.20999997854233
298.14,23.39,321.53,164.8442857142857,170.14,160.04,1153.91,68.14285714285714,69.0,42.71428571428572,45.0,True,2025-12-30T21:21:29.058245,True,False,False,66.0,0.0155760445288444,11.0,1779.0,9.82000008225441
7153.05,569.89,7722.94,11.979605263157891,84.62,4.09,1820.9,51.7828947368421,60.0,0.0,0.0,False,2025-12-30T21:25:11.573051,False,True,False,71.0,0.0150240158216353,8.0,4595.0,58.0
6654.48,542.52,7197.0,11.834755244755248,81.0,3.8,1692.3700000000006,45.23076923076923,51.0,0.0,0.0,False,2025-12-30T21:27:44.569587,False,True,False,96.0,0.0063327758895018,8.0,7945.0,44.0
6325.26,520.32,6845.58,11.492481751824815,78.5,3.79,1574.47,42.4014598540146,47.0,0.0,0.0,False,2025-12-30T21:30:10.886713,False,True,False,120.0,0.0082983355414993,8.0,9711.0,40.0
5707.57,464.53,6172.1,12.533089430894314,78.59,3.92,1541.5700000000006,40.99186991869919,45.0,0.0,0.0,False,2025-12-30T21:32:22.767672,False,True,False,106.0,0.0109726122303626,7.0,4858.0,48.0
13190.08,1040.15,14230.23,8.103956834532372,77.63,4.23,2252.9,38.66546762589928,44.0,0.0,0.0,False,2025-12-30T21:37:14.535105,False,True,False,61.0,0.0054216059177484,14.0,3011.0,43.0
5710.15,435.8,6145.95,145.2402586206897,164.14,106.21,16847.870000000006,61.32758620689656,67.0,38.48275862068966,46.0,True,2025-12-30T21:40:47.034658,False,True,False,86.0,0.0080880160875094,6.0,2856.0,48.0
7512.84,540.85,8053.69,147.73142857142855,168.26,116.35,21716.52,67.35374149659864,69.0,37.87755102040816,46.0,True,2025-12-30T21:44:52.283377,False,True,False,38.0,0.005191400584484,6.0,6309.0,45.0
14117.64,1066.26,15183.9,159.03296819787985,170.54,121.79,45006.33,70.58303886925795,73.0,38.41696113074205,45.0,True,2025-12-30T21:51:17.134783,False,True,False,88.0,0.005782357933004,15.0,5587.0,42.0
13430.94,1000.69,14431.63,158.06828996282516,170.72,128.99,42520.369999999966,71.60594795539033,73.0,38.27509293680298,45.0,True,2025-12-30T21:57:27.231778,False,True,False,79.0,0.0090017383995899,14.0,3256.0,49.0
10579.77,755.96,11335.73,149.09239024390237,172.35,117.65,30563.939999999984,70.85365853658537,72.0,37.71219512195122,45.0,True,2025-12-30T22:02:32.124171,False,True,False,33.0,0.0186750398326939,8.0,2418.0,70.0
7814.36,626.51,8440.87,189.9507100591715,199.98,75.96,32101.669999999984,74.30177514792899,77.0,50.83431952662722,56.0,False,2025-12-30T22:06:31.113578,False,False,True,103.0,0.0133474401275682,15.0,7113.0,98.0
13139.05,1070.46,14209.51,188.8399324324324,198.98,80.25,55896.62,76.85810810810811,78.0,47.645270270270274,55.0,False,2025-12-30T22:11:40.355526,False,False,True,52.0,0.0147065856568735,14.0,4240.0,99.0
22800.82,1891.75,24692.57,171.37721611721585,174.88,82.25,93571.95999999986,75.62820512820512,76.0,41.73076923076923,44.0,False,2025-12-30T22:21:06.685599,False,False,True,21.0,0.0077676602556573,11.0,2611.0,98.0
7335.72,608.89,7944.61,181.97777142857143,187.51,80.95,31846.110000000004,76.8,78.0,45.25142857142857,49.0,False,2025-12-30T22:24:11.743610,False,False,True,37.0,0.017561600010809,6.0,2123.0,99.0
12031.31,997.48,13028.79,175.13010489510484,179.16,81.58,50087.20999999999,76.58391608391608,77.0,42.38111888111888,46.0,False,2025-12-30T22:29:11.351357,False,False,True,22.0,0.0171912398911418,6.0,8508.0,99.0
5017.74,383.63,5401.37,198.3323364485982,211.31,88.65,21221.56000000001,76.11214953271028,79.0,66.59813084112149,78.0,True,2025-12-30T22:32:35.308281,False,False,True,89.0,0.0076704526504136,8.0,2380.0,95.0
33534.17,2530.26,36064.43,186.0159388038944,193.73,89.27,133745.46000000005,76.99304589707927,78.0,61.31432545201669,71.0,True,2025-12-30T22:46:27.978269,False,False,True,20.0,0.0133891961166934,13.0,9568.0,99.0
11557.43,872.49,12429.92,198.5710526315789,212.03,89.39,49047.05,77.68016194331983,80.0,66.46963562753037,76.0,True,2025-12-30T22:52:15.188591,False,False,True,71.0,0.011137495057817,15.0,685.0,98.0
6909.45,515.59,7425.04,210.59000000000003,227.24,88.87,30746.140000000007,77.89041095890411,81.0,70.91780821917808,81.0,True,2025-12-30T22:56:18.914878,False,False,True,125.0,0.0112978908905308,15.0,9862.0,96.0
13185.47,989.96,14175.43,200.85467857142868,213.8,89.17,56239.31000000003,77.89642857142857,80.0,67.275,78.0,True,2025-12-30T23:02:40.228132,False,False,True,53.0,0.0137204897279509,13.0,6659.0,98.0
3753.4,288.02,4041.42,96.148275862069,98.28,76.52,11153.200000000004,67.43103448275862,68.0,9.5,11.0,False,2026-01-07T11:12:23.625811,False,False,False,63.0,0.0182649914040473,9.0,6665.0,97.0
5013.8,388.72,5402.52,95.72100628930824,97.52,77.58,15219.640000000009,66.94339622641509,68.0,8.654088050314465,10.0,False,2026-01-07T11:15:11.908213,False,False,False,114.0,0.0185476970496167,13.0,4386.0,96.0
4275.21,327.24,4602.45,95.40644444444445,97.17,77.3,12879.87,65.97037037037038,66.0,8.666666666666666,11.0,False,2026-01-07T11:17:35.817359,False,False,False,104.0,0.0050460643271961,11.0,2488.0,92.0
4387.08,333.78,4720.86,95.65773722627748,97.52,76.75,13105.110000000011,65.91970802919708,66.0,9.394160583941606,11.0,False,2026-01-07T11:20:02.307821,False,False,False,81.0,0.0086850919881261,11.0,6434.0,94.0
2640.31,197.61,2837.92,95.0441975308642,97.24,76.61,7698.58,65.4320987654321,66.0,10.17283950617284,12.0,False,2026-01-07T11:21:30.489533,False,False,False,45.0,0.0100772386219171,6.0,4509.0,95.0
4277.68,331.79,4609.47,94.79474074074068,96.6,78.58,12797.289999999992,64.97777777777777,65.0,8.71111111111111,11.0,False,2026-01-07T11:23:54.886042,False,False,False,101.0,0.012317666072963,11.0,4770.0,95.0
4097.71,288.73,4386.44,14.760450450450453,84.57,4.24,1638.4100000000003,54.810810810810814,62.0,0.0,0.0,False,2026-01-07T11:26:54.704045,False,True,False,93.0,0.0195628817819678,7.0,7654.0,57.0
9764.14,633.19,10397.33,8.740119521912353,80.98,3.71,2193.770000000001,45.85258964143426,54.0,0.0159362549800796,3.0,False,2026-01-07T11:31:18.100364,False,True,False,56.0,0.0056912702167631,14.0,4083.0,42.0
4877.74,309.92,5187.66,12.581176470588236,77.93,3.74,1497.16,42.294117647058826,47.0,0.0252100840336134,3.0,False,2026-01-07T11:33:26.285895,False,True,False,42.0,0.0165201753917031,6.0,4613.0,62.0
2884.18,212.1,3096.28,17.125316455696208,78.14,3.91,1352.9000000000003,41.734177215189874,45.0,0.0253164556962025,2.0,False,2026-01-07T11:34:52.716700,False,True,False,105.0,0.0143365473854982,5.0,5408.0,49.0
9028.47,629.03,9657.5,8.635500000000002,78.2,3.99,2072.5200000000004,39.375,45.0,0.0125,3.0,False,2026-01-07T11:39:05.217394,False,True,False,80.0,0.0068361620171062,15.0,1734.0,42.0
12173.17,767.03,12940.2,177.62448398576538,186.76,168.67,49912.48000000007,77.56583629893238,78.0,43.619217081850536,51.0,True,2026-01-10T02:51:24.169939,False,True,False,47.0,0.0143463636993081,14.0,724.0,65.0
9460.67,594.11,10054.78,174.1316894977169,182.16,163.96,38134.84,76.31963470319634,77.0,43.58904109589041,51.0,True,2026-01-10T02:56:42.804688,False,True,False,48.0,0.0124189475434319,11.0,9540.0,56.0
10419.86,719.21,11139.07,173.77389763779524,182.29,166.15,44138.56999999999,75.68503937007874,77.0,43.78346456692913,51.0,True,2026-01-10T03:02:37.590996,False,True,False,91.0,0.0165840232582377,15.0,4287.0,58.0
8168.07,539.35,8707.42,177.0291191709844,184.45,168.69,34166.61999999999,75.60103626943005,77.0,44.71502590673576,51.0,True,2026-01-10T03:07:29.725373,False,True,False,57.0,0.0131115782533023,10.0,6511.0,54.0
11195.8,715.22,11911.02,175.50276923076945,184.3,166.14,45630.72000000006,75.4076923076923,76.0,43.35769230769231,51.0,True,2026-01-10T03:13:31.204718,False,True,False,48.0,0.0091910038349654,13.0,6089.0,49.0
7460.86,428.41,7889.27,166.0180124223603,182.07,135.89,26728.90000000001,74.12422360248448,75.0,40.31055900621118,51.0,True,2026-01-10T03:17:51.040774,False,True,False,22.0,0.0051220232489826,6.0,5942.0,47.0
10192.32,682.26,10874.58,173.3235772357723,184.32,157.35,42637.599999999984,74.630081300813,76.0,42.59756097560975,52.0,True,2026-01-10T03:23:37.507262,False,True,False,78.0,0.0063434602864761,14.0,7181.0,42.0
4699.18,329.39,5028.57,174.81940170940177,182.09,164.45,20453.870000000006,74.33333333333333,75.0,44.282051282051285,51.0,True,2026-01-10T03:27:11.569068,False,True,False,117.0,0.0054208670787346,7.0,3009.0,30.0
3597.85,242.93,3840.78,172.89522727272717,180.17,167.46,15214.779999999992,73.5340909090909,75.0,43.85227272727273,50.0,True,2026-01-10T03:30:15.937932,False,True,False,89.0,0.0064126880543393,5.0,1056.0,42.0
11142.0,719.07,11861.07,174.47757575757566,182.59,163.98,46062.07999999997,74.34848484848484,76.0,44.90151515151515,51.0,True,2026-01-10T03:36:21.135740,False,True,False,59.0,0.0181739573182491,14.0,1519.0,66.0
11680.84,678.58,12359.42,171.0992913385826,182.68,140.66,43459.21999999998,74.18110236220473,75.0,42.153543307086615,51.0,True,2026-01-10T03:42:16.537013,False,True,False,25.0,0.0197118100411448,10.0,9004.0,78.0
9777.33,564.75,10342.08,169.7871698113207,182.61,132.99,35994.87999999999,73.99528301886792,75.0,41.514150943396224,50.0,True,2026-01-10T03:47:28.145699,False,True,False,23.0,0.0059084733234337,8.0,5256.0,50.0
6703.38,438.04,7141.42,173.6172049689441,181.19,166.07,27952.37,74.07453416149069,75.0,43.77018633540373,51.0,True,2026-01-10T03:51:47.313587,False,True,False,70.0,0.0079437593075395,9.0,7730.0,46.0
1798.68,139.6,1938.28,174.05981481481487,193.34,68.63,9399.230000000003,55.92592592592592,63.0,54.24074074074074,64.0,False,2026-01-07T11:41:05.519760,False,False,True,124.0,0.0121099457201402,6.0,7138.0,97.0
2501.05,195.62,2696.67,195.7991891891892,210.84,73.69,14489.14,67.89189189189189,72.0,60.58108108108108,68.0,False,2026-01-07T11:42:26.647191,False,False,True,128.0,0.0119025341009507,9.0,1965.0,96.0
7383.53,569.63,7953.16,182.6532142857143,187.12,77.01,40914.32000000001,71.46875,73.0,53.035714285714285,60.0,False,2026-01-07T11:46:21.538486,False,False,True,57.0,0.0144352209553192,13.0,9815.0,99.0
3728.93,288.79,4017.72,201.06936363636365,210.08,78.54,22117.63,74.62727272727273,76.0,60.42727272727273,66.0,False,2026-01-07T11:48:19.909679,False,False,True,122.0,0.0100744676342189,13.0,274.0,97.0
5169.13,396.33,5565.46,188.45936305732485,193.62,79.69,29588.120000000003,74.828025477707,76.0,52.71337579617835,55.0,False,2026-01-07T11:51:06.485312,False,False,True,43.0,0.0102279982515972,7.0,9059.0,98.0
4663.46,313.9,4977.36,208.60558333333336,220.74,89.23,25032.67,75.91666666666667,79.0,72.45,81.0,True,2026-01-10T03:55:23.990773,False,False,True,99.0,0.0150740196319391,11.0,3384.0,98.0
4568.82,311.4,4880.22,206.18355932203383,218.66,89.85,24329.659999999996,75.77118644067797,78.0,71.41525423728814,79.0,True,2026-01-10T03:58:58.956038,False,False,True,81.0,0.010020652273089,9.0,9457.0,97.0
7574.1,521.64,8095.74,197.09469696969688,206.44,88.78,39024.74999999999,75.78787878787878,78.0,67.8989898989899,76.0,True,2026-01-10T04:03:55.291100,False,False,True,36.0,0.006972031197517,7.0,1862.0,97.0
5745.64,392.35,6137.99,204.7787837837838,219.82,88.76,30307.26000000001,76.08783783783784,79.0,71.93243243243244,80.0,True,2026-01-10T04:08:01.297765,False,False,True,85.0,0.0077545507450884,12.0,2504.0,96.0
4207.37,288.76,4496.13,202.53633027522932,215.28,89.83,22076.46,75.59633027522936,78.0,69.88073394495413,78.0,True,2026-01-10T04:11:26.721422,False,False,True,68.0,0.0053520904894644,7.0,2833.0,93.0
2395.58,164.64,2560.22,207.14580645161297,225.36,89.03,12843.040000000005,74.53225806451613,78.0,70.01612903225806,80.0,True,2026-01-10T04:14:04.128587,False,False,True,110.0,0.0068942184636721,6.0,7618.0,93.0
6604.22,452.16,7056.38,208.6059064327484,218.8,88.19,35671.60999999998,76.26315789473684,79.0,71.85380116959064,81.0,True,2026-01-10T04:18:32.949589,False,False,True,93.0,0.005463609488881,15.0,8085.0,93.0
12042.93,826.35,12869.28,197.0115873015873,204.38,88.37,62058.65,76.4984126984127,78.0,66.34285714285714,73.0,True,2026-01-10T04:25:30.194729,False,False,True,25.0,0.009027214215265,8.0,8391.0,98.0
5496.61,376.48,5873.09,206.9329577464788,216.72,89.7,29384.479999999992,76.71830985915493,79.0,71.97887323943662,80.0,True,2026-01-10T04:29:29.894054,False,False,True,74.0,0.0120371253823902,10.0,7505.0,98.0
3923.57,272.51,4196.08,198.44833333333332,211.3,89.59,20241.730000000003,75.23529411764706,78.0,71.06862745098039,79.0,True,2026-01-10T04:32:48.396178,False,False,True,63.0,0.0153839421213085,6.0,1991.0,98.0
5962.82,411.15,6373.97,205.36012903225813,216.56,88.16,31830.82000000001,76.21935483870968,79.0,71.43870967741935,79.0,True,2026-01-10T04:37:01.201217,False,False,True,54.0,0.0145273919242824,8.0,8630.0,98.0
6128.94,421.85,6550.79,214.04350318471333,225.05,89.34,33604.829999999994,77.10191082802548,80.0,72.15286624203821,80.0,True,2026-01-10T04:41:16.423823,False,False,True,102.0,0.0146940946823735,15.0,9855.0,98.0
9226.15,640.22,9866.37,199.8576666666667,209.34,89.82,47965.84,76.60833333333333,78.0,68.20416666666667,75.0,True,2026-01-10T04:46:56.932324,False,False,True,38.0,0.0090787381518358,9.0,460.0,98.0
8243.8,573.25,8817.05,194.9464186046513,203.98,89.22,41913.48000000004,76.11162790697675,78.0,68.15348837209302,76.0,True,2026-01-10T04:52:11.138714,False,False,True,38.0,0.0166373475397997,8.0,5154.0,99.0
1849.63,128.68,1978.31,201.9983333333333,221.4,88.76,9695.92,74.0625,77.0,69.70833333333333,83.0,True,2026-01-10T04:54:33.770957,False,False,True,128.0,0.0160449958088866,5.0,197.0,97.0
2038.37,141.04,2179.41,204.6062264150943,224.26,88.27,10844.13,73.64150943396227,77.0,68.71698113207547,80.0,True,2026-01-10T04:57:01.683213,False,False,True,109.0,0.0085112621247973,5.0,8795.0,93.0
