timestamp,gpu_util_percent,memory_util_percent
1763692970,2,1
1763692971,14,7
1763692972,13,7
1763692974,11,5
1763692975,12,6
1763692976,10,5
1763692977,12,6
1763692978,12,6
1763692979,11,6
1763692980,12,6
1763692981,11,5
1763692982,11,6
1763692983,11,6
1763692984,11,6
1763692985,11,5
1763692986,2,1
1763692987,2,1
1763692988,11,6
1763692989,10,5
1763692990,11,5
1763692991,11,6
1763692992,11,6
1763692993,11,6
1763692994,11,6
1763692995,11,6
1763692996,11,6
1763692997,12,6
1763692998,11,5
1763692999,11,6
1763693000,12,6
1763693001,11,6
1763693002,12,6
1763693003,2,1
1763693004,0,0
1763693005,14,7
1763693006,10,5
1763693007,11,6
1763693008,11,6
1763693009,12,6
1763693010,14,7
1763693012,14,7
1763693013,13,7
1763693014,13,7
1763693015,29,7
1763693016,24,7
1763693017,32,8
1763693018,20,7
1763693019,94,78
1763693020,96,73
1763693021,96,73
1763693022,94,70
1763693023,97,72
1763693024,96,73
1763693025,94,71
1763693026,97,73
1763693027,97,72
1763693028,96,71
1763693029,93,71
1763693030,97,71
1763693031,96,72
1763693032,88,74
1763693033,91,76
1763693034,96,72
1763693035,94,70
1763693036,93,70
1763693037,96,72
1763693038,97,72
1763693039,94,70
1763693040,96,71
1763693041,96,71
1763693042,93,71
1763693043,92,68
1763693044,96,71
1763693045,93,68
1763693046,90,75
1763693047,92,75
1763693048,97,72
1763693049,94,71
1763693051,96,71
1763693052,96,71
1763693053,92,69
1763693054,96,71
1763693055,93,71
1763693056,96,71
1763693057,92,68
1763693058,94,71
1763693059,92,70
1763693060,93,71
1763693061,90,75
1763693062,89,74
1763693063,93,71
1763693064,94,70
1763693065,97,72
1763693066,96,73
1763693067,96,73
1763693068,95,70
1763693069,96,72
1763693070,93,71
1763693071,97,72
1763693072,97,72
1763693073,94,71
1763693074,93,70
1763693075,93,76
1763693076,91,73
1763693077,95,71
1763693078,97,72
1763693079,93,70
1763693080,97,71
1763693081,96,72
1763693082,96,73
1763693083,95,70
1763693084,96,72
1763693085,93,70
1763693086,97,72
1763693087,93,70
1763693088,90,76
1763693090,89,74
1763693091,88,74
1763693092,90,75
1763693093,90,75
1763693094,91,74
1763693095,94,76
1763693096,94,75
1763693097,96,73
1763693098,95,72
1763693099,97,71
1763693100,96,72
1763693101,93,70
1763693102,96,71
1763693103,96,72
1763693104,96,71
1763693105,96,71
1763693106,97,71
1763693107,93,68
1763693108,94,76
1763693109,92,76
1763693110,96,71
1763693111,97,71
1763693112,93,69
1763693113,95,70
1763693114,96,71
1763693115,93,70
1763693116,96,71
1763693117,92,69
1763693118,96,71
1763693119,92,70
1763693120,93,70
1763693121,97,71
1763693122,90,75
1763693123,92,75
1763693124,96,71
1763693125,93,70
1763693126,97,72
1763693127,97,72
1763693129,96,72
1763693130,94,70
1763693131,97,72
1763693132,94,71
1763693133,97,71
1763693134,96,72
1763693135,94,69
1763693136,96,73
1763693137,92,75
1763693138,93,70
1763693139,96,71
1763693140,95,72
1763693141,97,71
1763693142,94,70
1763693143,95,71
1763693144,96,71
1763693145,91,68
1763693146,95,70
1763693147,92,69
1763693148,95,70
1763693149,92,68
1763693150,89,74
1763693151,90,73
1763693152,95,70
1763693153,94,70
1763693154,95,70
1763693155,94,70
1763693156,95,70
1763693157,94,72
1763693158,96,71
1763693159,95,70
1763693160,92,69
1763693161,95,70
1763693162,92,69
1763693163,95,71
1763693164,90,75
1763693165,94,69
1763693166,94,69
1763693167,93,70
1763693169,97,71
1763693170,96,71
1763693171,95,70
1763693172,95,71
1763693173,93,69
1763693174,95,70
1763693175,94,68
1763693176,95,70
1763693177,93,70
1763693178,95,70
1763693179,89,74
1763693180,96,73
1763693181,96,71
1763693182,93,70
1763693183,96,71
1763693184,97,71
1763693185,94,70
1763693186,96,71
1763693187,94,70
1763693188,97,72
1763693189,95,71
1763693190,96,71
1763693191,96,72
1763693192,93,77
1763693193,89,73
1763693194,93,69
1763693195,96,70
1763693196,93,67
1763693197,96,69
1763693198,92,68
1763693199,96,70
1763693200,93,68
1763693201,94,69
1763693202,96,70
1763693203,93,69
1763693204,95,69
1763693205,92,68
1763693206,94,76
1763693208,89,73
1763693209,97,71
1763693210,96,70
1763693211,96,71
1763693212,96,70
1763693213,95,70
1763693214,97,70
1763693215,96,71
1763693216,97,71
1763693217,96,70
1763693218,94,68
1763693219,97,71
1763693220,93,67
1763693221,93,75
1763693222,96,72
1763693223,97,70
1763693224,93,69
1763693225,96,70
1763693226,92,68
1763693227,95,70
1763693228,96,69
1763693229,96,69
1763693230,94,70
1763693231,97,71
1763693232,92,68
1763693233,96,70
1763693234,91,74
1763693235,90,74
1763693236,93,75
1763693237,90,74
1763693238,87,72
1763693239,89,74
1763693240,88,72
1763693241,97,70
1763693242,93,70
1763693243,96,70
1763693244,97,71
1763693245,93,68
1763693247,97,70
1763693248,94,69
1763693249,97,70
1763693250,93,69
1763693251,96,70
1763693252,93,69
1763693253,97,71
1763693254,94,74
1763693255,90,74
1763693256,96,69
1763693257,97,71
1763693258,96,70
1763693259,97,70
1763693260,97,70
1763693261,94,71
1763693262,96,70
1763693263,93,70
1763693264,97,70
1763693265,94,70
1763693266,97,71
1763693267,92,67
1763693268,92,73
1763693269,93,68
1763693270,94,68
1763693271,94,67
1763693272,94,68
1763693273,93,67
1763693274,94,71
1763693275,93,68
1763693276,96,70
1763693277,95,70
1763693278,94,70
1763693279,95,69
1763693280,91,67
1763693281,91,73
1763693282,94,75
1763693283,96,71
1763693284,96,70
1763693286,93,68
1763693287,97,71
1763693288,93,69
1763693289,96,71
1763693290,96,72
1763693291,93,70
1763693292,97,70
1763693293,93,70
1763693294,96,70
1763693295,94,70
1763693296,88,73
1763693297,92,74
1763693298,96,71
1763693299,94,70
1763693300,95,70
1763693301,96,70
1763693302,94,69
1763693303,96,71
1763693304,95,70
1763693305,94,69
1763693306,96,70
1763693307,96,70
1763693308,93,69
1763693309,96,70
1763693310,91,74
1763693311,97,73
1763693312,93,70
1763693313,95,69
1763693314,94,71
1763693315,96,70
1763693316,92,68
1763693317,95,70
1763693318,95,69
1763693319,95,70
1763693320,95,70
1763693321,96,71
1763693322,96,72
1763693323,91,75
1763693324,94,75
1763693326,93,70
1763693327,96,70
1763693328,93,69
1763693329,95,69
1763693330,97,71
1763693331,93,69
1763693332,95,70
1763693333,96,70
1763693334,97,71
1763693335,94,68
1763693336,96,70
1763693337,96,70
1763693338,90,74
1763693339,94,76
1763693340,96,71
1763693341,96,72
1763693342,97,71
1763693343,96,71
1763693344,96,70
1763693345,97,70
1763693346,93,70
1763693347,96,71
1763693348,93,70
1763693349,96,70
1763693350,93,69
1763693351,96,70
1763693352,95,76
1763693353,92,72
1763693354,96,71
1763693355,95,70
1763693356,97,71
1763693357,95,69
1763693358,96,71
1763693359,95,69
1763693360,96,70
1763693361,96,71
1763693362,97,71
1763693364,96,72
1763693365,100,70
1763693366,100,72
1763693367,100,77
1763693368,100,70
1763693369,100,69
1763693370,100,70
1763693371,100,70
1763693372,100,70
1763693373,100,70
1763693374,100,70
1763693375,100,69
1763693376,100,70
1763693377,18,7
1763693378,13,7
1763693379,13,7
1763693380,12,3
1763693381,2,1
1763693382,0,0
1763693383,0,0
1763693384,0,0
1763693385,80,67
1763693386,88,74
1763693387,87,73
1763693388,93,70
1763693389,96,71
1763693390,96,73
1763693391,92,70
1763693392,96,72
1763693393,94,71
1763693394,96,72
1763693395,94,70
1763693396,95,70
1763693397,95,71
1763693398,91,68
1763693399,95,71
1763693400,90,75
1763693401,96,72
1763693403,95,70
1763693404,96,70
1763693405,94,70
1763693406,96,71
1763693407,95,70
1763693408,95,71
1763693409,96,71
1763693410,96,71
1763693411,96,71
1763693412,95,70
1763693413,96,71
1763693414,88,74
1763693415,90,74
1763693416,95,70
1763693417,95,72
1763693418,95,70
1763693419,94,71
1763693420,96,71
1763693421,93,70
1763693422,93,70
1763693423,96,71
1763693424,92,67
1763693425,95,70
1763693426,92,67
1763693427,96,71
1763693428,89,72
1763693429,96,66
1763693430,96,66
1763693431,95,66
1763693432,94,66
1763693433,96,68
1763693434,97,67
1763693435,97,67
1763693436,96,66
1763693437,94,65
1763693438,94,67
1763693439,97,68
1763693440,97,67
1763693442,90,69
1763693443,90,71
1763693444,97,67
1763693445,96,68
1763693446,96,67
1763693447,97,67
1763693448,97,66
1763693449,96,67
1763693450,94,65
1763693451,93,66
1763693452,96,68
1763693453,96,66
1763693454,96,67
1763693455,94,65
1763693456,88,70
1763693457,96,67
1763693458,96,67
1763693459,97,67
1763693460,96,67
1763693461,96,69
1763693462,96,67
1763693463,96,67
1763693464,97,67
1763693465,95,67
1763693466,93,67
1763693467,96,68
1763693468,93,65
1763693469,95,73
1763693470,90,69
1763693471,96,67
1763693472,94,66
1763693473,95,67
1763693474,96,67
1763693475,96,67
1763693476,93,65
1763693477,96,69
1763693478,96,67
1763693479,96,67
1763693481,97,68
1763693482,93,66
1763693483,96,68
1763693484,90,71
1763693485,94,72
1763693486,93,66
1763693487,95,68
1763693488,96,67
1763693489,97,67
1763693490,97,67
1763693491,93,67
1763693492,97,69
1763693493,95,69
1763693494,96,68
1763693495,93,67
1763693496,96,69
1763693497,95,68
1763693498,94,73
1763693499,94,73
1763693500,96,69
1763693501,96,68
1763693502,96,69
1763693503,93,68
1763693504,96,69
1763693505,95,68
1763693506,93,67
1763693507,95,69
1763693508,94,69
1763693509,95,70
1763693510,95,70
1763693511,91,68
1763693512,95,76
1763693513,93,76
1763693514,93,68
1763693515,94,68
1763693516,95,71
1763693517,96,71
1763693518,96,72
1763693520,93,70
1763693521,96,71
1763693522,96,71
1763693523,97,72
1763693524,93,70
1763693525,96,71
1763693526,96,71
1763693527,88,73
1763693528,90,75
1763693529,93,75
1763693530,93,75
1763693531,90,75
1763693532,93,76
1763693533,91,76
1763693534,85,69
1763693535,96,71
1763693536,96,71
1763693537,96,71
1763693538,96,71
1763693539,96,72
1763693540,94,68
1763693541,96,71
1763693542,95,70
1763693543,93,69
1763693544,96,71
1763693545,93,68
1763693546,89,73
1763693547,94,76
1763693548,97,71
1763693549,92,69
1763693550,95,70
1763693551,92,69
1763693552,96,71
1763693553,96,71
1763693554,93,69
1763693555,96,71
1763693556,93,70
1763693557,95,70
1763693558,91,67
1763693560,97,71
1763693561,93,74
1763693562,94,76
1763693563,93,70
1763693564,96,70
1763693565,91,67
1763693566,95,71
1763693567,95,70
1763693568,94,70
1763693569,91,68
1763693570,95,70
1763693571,96,71
1763693572,94,70
1763693573,95,70
1763693574,92,74
1763693575,90,74
1763693576,93,70
1763693577,92,68
1763693578,97,71
1763693579,93,68
1763693580,96,71
1763693581,93,68
1763693582,96,71
1763693583,92,68
1763693584,95,70
1763693585,94,71
1763693586,96,70
1763693587,93,70
1763693588,94,75
1763693589,90,74
1763693590,96,71
1763693591,96,71
1763693592,93,69
1763693593,96,71
1763693594,92,69
1763693595,96,70
1763693596,92,69
1763693597,96,71
1763693599,93,68
1763693600,96,71
1763693601,96,72
1763693602,89,74
1763693603,92,74
1763693604,96,71
1763693605,96,69
1763693606,96,70
1763693607,96,70
1763693608,93,70
1763693609,96,70
1763693610,94,71
1763693611,96,71
1763693612,95,71
1763693613,96,71
1763693614,92,69
1763693615,95,70
1763693616,93,75
1763693617,91,72
1763693618,96,70
1763693619,92,69
1763693620,96,70
1763693621,93,69
1763693622,97,71
1763693623,96,71
1763693624,93,70
1763693625,96,70
1763693626,93,69
1763693627,96,71
1763693628,95,71
1763693629,93,71
1763693630,94,76
1763693631,93,69
1763693632,96,71
1763693633,94,71
1763693634,96,70
1763693635,93,70
1763693636,97,70
1763693638,93,69
1763693639,94,69
1763693640,96,71
1763693641,94,69
1763693642,96,71
1763693643,94,69
1763693644,89,74
1763693645,91,72
1763693646,95,70
1763693647,91,68
1763693648,96,70
1763693649,92,68
1763693650,95,70
1763693651,94,70
1763693652,94,70
1763693653,96,70
1763693654,95,70
1763693655,94,69
1763693656,95,70
1763693657,89,74
1763693658,92,72
1763693659,96,64
1763693660,96,64
1763693661,97,65
1763693662,97,65
1763693663,97,65
1763693664,97,65
1763693665,97,65
1763693666,95,65
1763693667,96,66
1763693668,94,65
1763693669,96,65
1763693670,96,65
1763693671,90,70
1763693672,92,71
1763693673,95,70
1763693674,90,70
1763693675,88,69
1763693677,94,70
1763693678,88,68
1763693679,97,65
1763693680,96,65
1763693681,95,65
1763693682,96,64
1763693683,95,65
1763693684,96,64
1763693685,97,66
1763693686,97,65
1763693687,97,65
1763693688,96,65
1763693689,97,65
1763693690,97,65
1763693691,95,71
1763693692,95,71
1763693693,97,66
1763693694,97,65
1763693695,96,66
1763693696,97,66
1763693697,93,66
1763693698,95,67
1763693699,96,67
1763693700,97,68
1763693701,97,68
1763693702,93,68
1763693703,97,69
1763693704,94,72
1763693705,94,74
1763693706,96,69
1763693707,94,68
1763693708,96,69
1763693709,96,68
1763693710,93,67
1763693711,95,68
1763693713,97,69
1763693714,96,70
1763693715,96,69
1763693716,92,68
1763693717,96,70
1763693718,92,69
1763693719,88,72
1763693720,89,71
1763693721,96,70
1763693722,93,69
1763693723,96,69
1763693724,94,70
1763693725,96,69
1763693726,94,69
1763693727,96,69
1763693728,93,69
1763693729,96,70
1763693730,95,69
1763693731,97,70
1763693732,93,71
1763693733,92,75
1763693734,97,70
1763693735,96,70
1763693736,97,70
1763693737,92,68
1763693738,97,69
1763693739,100,68
1763693740,100,68
1763693741,100,69
1763693742,100,68
1763693743,100,69
1763693744,100,69
1763693745,100,69
1763693746,100,75
1763693747,100,74
1763693748,100,69
1763693749,100,68
1763693751,100,69
1763693752,57,38
1763693753,13,7
1763693754,13,7
1763693755,14,7
1763693756,19,7
1763693757,19,7
1763693758,14,7
1763693759,14,7
1763693760,6,3
1763693761,92,77
1763693762,93,70
1763693763,96,71
1763693764,93,69
1763693765,96,71
1763693766,96,71
1763693767,96,73
1763693768,95,71
1763693769,97,72
1763693770,92,69
1763693771,96,71
1763693772,96,72
1763693773,96,72
1763693774,89,74
1763693775,88,74
1763693776,93,70
1763693777,96,71
1763693778,93,69
1763693779,96,71
1763693780,96,72
1763693781,95,72
1763693782,93,69
1763693783,96,72
1763693784,95,72
1763693785,93,69
1763693786,96,72
1763693787,91,68
1763693788,88,74
1763693789,94,76
1763693791,93,70
1763693792,96,71
1763693793,91,68
1763693794,96,71
1763693795,95,72
1763693796,96,71
1763693797,96,72
1763693798,93,70
1763693799,96,71
1763693800,95,71
1763693801,96,72
1763693802,93,72
1763693803,88,73
1763693804,95,70
1763693805,92,69
1763693806,95,70
1763693807,91,68
1763693808,95,70
1763693809,93,69
1763693810,96,72
1763693811,93,69
1763693812,96,71
1763693813,96,70
1763693814,95,70
1763693815,96,71
1763693816,92,75
1763693817,94,76
1763693818,87,72
1763693819,90,75
1763693820,87,72
1763693821,88,72
1763693822,89,72
1763693823,95,71
1763693824,96,71
1763693825,95,71
1763693826,96,71
1763693827,95,71
1763693828,94,68
1763693830,94,72
1763693831,95,70
1763693832,96,72
1763693833,96,70
1763693834,96,71
1763693835,96,71
1763693836,93,75
1763693837,90,74
1763693838,96,70
1763693839,94,70
1763693840,95,69
1763693841,91,68
1763693842,96,71
1763693843,93,70
1763693844,97,71
1763693845,96,70
1763693846,94,68
1763693847,96,71
1763693848,93,69
1763693849,96,71
1763693850,94,76
1763693851,95,73
1763693852,93,68
1763693853,97,71
1763693854,93,70
1763693855,96,71
1763693856,93,69
1763693857,96,70
1763693858,93,69
1763693859,96,70
1763693860,96,71
1763693861,93,68
1763693862,96,71
1763693863,91,74
1763693864,90,69
1763693865,96,65
1763693866,95,66
1763693867,94,65
1763693868,97,66
1763693870,95,66
1763693871,96,66
1763693872,96,67
1763693873,96,66
1763693874,96,67
1763693875,95,66
1763693876,97,66
1763693877,96,65
1763693878,89,70
1763693879,95,69
1763693880,97,66
1763693881,96,67
1763693882,96,67
1763693883,95,66
1763693884,97,65
1763693885,96,65
1763693886,96,65
1763693887,97,66
1763693888,96,66
1763693889,96,67
1763693890,95,65
1763693891,89,69
1763693892,92,69
1763693893,96,67
1763693894,97,65
1763693895,96,65
1763693896,97,65
1763693897,97,65
1763693898,97,66
1763693899,97,65
1763693900,97,65
1763693901,97,66
1763693902,96,66
1763693903,94,65
1763693904,93,64
1763693905,94,72
1763693906,90,70
1763693907,97,67
1763693908,96,66
1763693910,93,68
1763693911,96,68
1763693912,96,68
1763693913,93,66
1763693914,93,67
1763693915,96,70
1763693916,92,68
1763693917,96,70
1763693918,93,68
1763693919,96,70
1763693920,90,71
1763693921,93,74
1763693922,96,70
1763693923,92,67
1763693924,97,70
1763693925,93,67
1763693926,96,70
1763693927,96,69
1763693928,95,70
1763693929,96,70
1763693930,93,69
1763693931,97,70
1763693932,96,71
1763693933,96,70
1763693934,91,75
1763693935,95,73
1763693936,93,67
1763693937,96,69
1763693938,96,70
1763693939,96,70
1763693940,93,68
1763693941,97,70
1763693942,96,70
1763693943,96,70
1763693944,96,69
1763693945,94,70
1763693946,94,68
1763693947,94,75
1763693948,88,72
1763693950,94,70
1763693951,96,70
1763693952,91,68
1763693953,95,69
1763693954,94,69
1763693955,94,68
1763693956,95,69
1763693957,92,68
1763693958,95,70
1763693959,95,69
1763693960,93,69
1763693961,96,70
1763693962,94,75
1763693963,94,75
1763693964,88,73
1763693965,89,73
1763693966,89,72
1763693967,88,72
1763693968,93,74
1763693969,93,67
1763693970,95,69
1763693971,95,70
1763693972,96,69
1763693973,96,72
1763693974,96,70
1763693975,95,71
1763693976,96,70
1763693977,93,69
1763693978,93,68
1763693979,96,70
1763693980,95,69
1763693981,93,73
1763693982,88,73
1763693983,96,71
1763693984,96,70
1763693985,93,69
1763693986,96,70
1763693987,96,71
1763693988,96,70
1763693990,92,68
1763693991,96,70
1763693992,93,68
1763693993,96,70
1763693994,93,69
1763693995,96,70
1763693996,88,72
1763693997,96,71
1763693998,94,69
1763693999,96,70
1763694000,96,70
1763694001,95,71
1763694002,94,68
1763694003,97,70
1763694004,96,70
1763694005,96,70
1763694006,97,70
1763694007,94,70
1763694008,96,69
1763694009,94,75
1763694010,94,75
1763694011,96,70
1763694012,96,70
1763694013,95,70
1763694014,97,70
1763694015,93,69
1763694016,96,70
1763694017,96,71
1763694018,97,70
1763694019,94,70
1763694020,96,69
1763694021,93,69
1763694022,94,74
1763694023,90,74
1763694024,97,70
1763694025,96,71
1763694026,97,70
1763694027,93,69
1763694028,97,70
1763694030,93,69
1763694031,96,70
1763694032,95,69
1763694033,96,70
1763694034,94,70
1763694035,96,69
1763694036,93,68
1763694037,94,75
1763694038,93,68
1763694039,95,70
1763694040,97,71
1763694041,97,70
1763694042,93,69
1763694043,96,70
1763694044,95,69
1763694045,96,70
1763694046,97,70
1763694047,96,70
1763694048,96,70
1763694049,96,69
1763694050,93,74
1763694051,89,73
1763694052,93,68
1763694053,97,70
1763694054,95,69
1763694055,96,70
1763694056,97,71
1763694057,96,70
1763694058,93,69
1763694059,97,70
1763694060,93,69
1763694061,97,70
1763694062,94,69
1763694063,96,70
1763694064,93,75
1763694065,96,70
1763694066,93,69
1763694067,96,70
1763694069,94,70
1763694070,97,70
1763694071,94,70
1763694072,96,70
1763694073,96,70
1763694074,96,70
1763694075,96,70
1763694076,96,70
1763694077,96,70
1763694078,90,74
1763694079,92,74
1763694080,96,70
1763694081,97,70
1763694082,94,69
1763694083,96,70
1763694084,95,69
1763694085,96,70
1763694086,94,69
1763694087,97,70
1763694088,96,71
1763694089,94,70
1763694090,96,69
1763694091,97,70
1763694092,89,73
1763694093,94,75
1763694094,93,69
1763694095,96,70
1763694096,96,70
1763694097,96,70
1763694098,96,70
1763694099,96,70
1763694100,96,72
1763694101,96,70
1763694102,93,69
1763694103,96,70
1763694104,96,70
1763694105,88,72
1763694106,95,75
1763694107,87,71
1763694109,90,73
1763694110,91,75
1763694111,82,66
1763694112,100,75
1763694113,100,73
1763694114,100,69
1763694115,100,69
1763694116,100,70
1763694117,100,69
1763694118,100,69
1763694119,100,69
1763694120,100,69
1763694121,100,69
1763694122,100,69
1763694123,100,70
1763694124,100,70
1763694125,15,6
1763694126,2,1
1763694127,18,7
1763694128,14,7
1763694129,13,7
1763694130,14,7
1763694131,95,72
1763694132,96,72
1763694133,95,70
1763694134,93,69
1763694135,95,70
1763694136,96,71
1763694137,93,70
1763694138,96,71
1763694139,93,76
1763694140,92,75
1763694141,96,72
1763694142,92,70
1763694143,93,71
1763694144,96,72
1763694145,95,72
1763694146,97,71
1763694147,96,71
1763694149,93,70
1763694150,96,71
1763694151,96,71
1763694152,93,69
1763694153,96,71
1763694154,87,73
1763694155,96,71
1763694156,95,71
1763694157,96,71
1763694158,96,71
1763694159,94,71
1763694160,96,71
1763694161,96,71
1763694162,97,71
1763694163,96,71
1763694164,93,69
1763694165,96,71
1763694166,96,71
1763694167,91,75
1763694168,88,73
1763694169,93,70
1763694170,96,71
1763694171,92,70
1763694172,96,71
1763694173,93,69
1763694174,93,69
1763694175,96,71
1763694176,93,70
1763694177,96,71
1763694178,96,72
1763694179,96,71
1763694180,94,71
1763694181,95,77
1763694182,96,70
1763694183,91,69
1763694184,95,70
1763694185,95,69
1763694186,96,71
1763694188,93,69
1763694189,96,71
1763694190,94,72
1763694191,97,71
1763694192,96,72
1763694193,96,70
1763694194,95,71
1763694195,88,73
1763694196,92,75
1763694197,93,70
1763694198,96,71
1763694199,96,71
1763694200,96,71
1763694201,96,70
1763694202,96,70
1763694203,95,70
1763694204,97,70
1763694205,96,70
1763694206,96,70
1763694207,95,70
1763694208,96,70
1763694209,90,73
1763694210,96,70
1763694211,93,69
1763694212,96,70
1763694213,96,70
1763694214,93,70
1763694215,96,71
1763694216,92,69
1763694217,95,69
1763694218,94,68
1763694219,94,70
1763694220,95,70
1763694221,96,70
1763694222,88,73
1763694223,90,72
1763694224,95,65
1763694225,95,65
1763694227,95,65
1763694228,95,66
1763694229,97,66
1763694230,97,66
1763694231,97,66
1763694232,97,66
1763694233,97,66
1763694234,97,66
1763694235,96,66
1763694236,94,66
1763694237,93,72
1763694238,96,67
1763694239,96,66
1763694240,97,66
1763694241,97,67
1763694242,96,66
1763694243,94,65
1763694244,96,66
1763694245,96,66
1763694246,96,66
1763694247,97,66
1763694248,96,66
1763694249,97,66
1763694250,89,68
1763694251,91,72
1763694252,87,69
1763694253,94,71
1763694254,90,71
1763694255,88,69
1763694256,94,72
1763694257,88,66
1763694258,96,67
1763694259,96,67
1763694260,97,67
1763694261,97,67
1763694262,96,66
1763694263,94,64
1763694264,94,66
1763694265,95,67
1763694267,96,67
1763694268,97,66
1763694269,96,67
1763694270,90,71
1763694271,91,72
1763694272,96,68
1763694273,96,67
1763694274,97,67
1763694275,97,67
1763694276,93,66
1763694277,95,68
1763694278,96,68
1763694279,96,68
1763694280,93,67
1763694281,96,70
1763694282,96,69
1763694283,93,69
1763694284,94,75
1763694285,92,68
1763694286,96,69
1763694287,94,68
1763694288,95,69
1763694289,96,70
1763694290,96,71
1763694291,93,69
1763694292,96,70
1763694293,93,69
1763694294,96,70
1763694295,93,69
1763694296,97,70
1763694297,93,70
1763694298,94,75
1763694299,96,71
1763694300,96,70
1763694301,95,70
1763694302,97,70
1763694303,94,70
1763694304,96,70
1763694306,92,68
1763694307,95,69
1763694308,95,69
1763694309,96,70
1763694310,96,71
1763694311,96,69
1763694312,92,75
1763694313,90,74
1763694314,94,68
1763694315,96,70
1763694316,93,68
1763694317,95,69
1763694318,94,69
1763694319,94,70
1763694320,97,69
1763694321,93,69
1763694322,96,70
1763694323,94,70
1763694324,96,69
1763694325,93,69
1763694326,91,74
1763694327,93,71
1763694328,96,71
1763694329,96,70
1763694330,95,69
1763694331,95,69
1763694332,95,69
1763694333,94,69
1763694334,96,70
1763694335,94,68
1763694336,95,69
1763694337,97,70
1763694338,97,70
1763694339,93,67
1763694340,89,73
1763694341,91,72
1763694342,95,69
1763694343,96,70
1763694344,96,72
1763694346,93,69
1763694347,96,70
1763694348,94,68
1763694349,96,70
1763694350,96,70
1763694351,95,70
1763694352,96,70
1763694353,95,71
1763694354,92,68
1763694355,93,73
1763694356,95,69
1763694357,95,71
1763694358,96,70
1763694359,91,68
1763694360,96,69
1763694361,92,68
1763694362,96,70
1763694363,92,67
1763694364,97,70
1763694365,95,69
1763694366,91,67
1763694367,96,70
1763694368,92,72
1763694369,89,72
1763694370,92,69
1763694371,96,70
1763694372,94,69
1763694373,96,69
1763694374,97,70
1763694375,96,71
1763694376,96,70
1763694377,97,70
1763694378,94,68
1763694379,96,69
1763694380,96,70
1763694381,95,70
1763694382,89,73
1763694383,91,73
1763694385,96,70
1763694386,96,71
1763694387,97,70
1763694388,93,68
1763694389,96,69
1763694390,93,67
1763694391,97,70
1763694392,96,70
1763694393,96,70
1763694394,93,69
1763694395,96,70
1763694396,92,71
1763694397,93,74
1763694398,86,71
1763694399,91,74
1763694400,94,75
1763694401,94,75
1763694402,89,73
1763694403,89,71
1763694404,97,69
1763694405,94,70
1763694406,96,69
1763694407,93,67
1763694408,96,69
1763694409,93,69
1763694410,96,70
1763694411,95,69
1763694412,96,70
1763694413,96,69
1763694414,93,69
1763694415,97,70
1763694416,92,74
1763694417,96,70
1763694418,94,69
1763694419,96,69
1763694420,92,68
1763694421,97,70
1763694422,95,69
1763694423,94,67
1763694425,95,69
1763694426,94,68
1763694427,90,65
1763694428,90,66
1763694429,91,65
1763694430,88,72
1763694431,94,75
1763694432,95,69
1763694433,96,69
1763694434,95,71
1763694435,96,70
1763694436,93,69
1763694437,96,70
1763694438,94,68
1763694439,96,69
1763694440,93,68
1763694441,95,69
1763694442,95,69
1763694443,92,75
1763694444,92,74
1763694445,93,69
1763694446,97,70
1763694447,93,68
1763694448,96,69
1763694449,94,68
1763694450,96,69
1763694451,96,70
1763694452,93,69
1763694453,96,69
1763694454,93,69
1763694455,96,69
1763694456,96,70
1763694457,93,74
1763694458,90,70
1763694459,97,69
1763694460,94,68
1763694461,96,69
1763694462,96,70
1763694463,96,70
1763694465,96,72
1763694466,97,70
1763694467,95,69
1763694468,96,70
1763694469,96,71
1763694470,95,70
1763694471,97,70
1763694472,91,74
1763694473,96,71
1763694474,95,69
1763694475,93,67
1763694476,96,70
1763694477,96,69
1763694478,94,70
1763694479,94,68
1763694480,94,70
1763694481,95,69
1763694482,92,66
1763694483,91,65
1763694484,100,69
1763694485,99,73
1763694486,100,74
1763694487,100,69
1763694488,100,68
1763694489,100,69
1763694490,100,70
1763694491,100,68
1763694492,100,70
1763694493,100,68
1763694494,100,68
1763694495,100,69
1763694496,18,6
1763694497,13,7
1763694498,13,7
1763694499,5,2
1763694500,2,1
1763694501,14,7
1763694502,14,7
1763694503,13,7
1763694505,96,72
1763694506,93,70
1763694507,96,71
1763694508,96,72
1763694509,94,70
1763694510,97,72
1763694511,96,72
1763694512,92,69
1763694513,93,75
1763694514,94,77
1763694515,96,71
1763694516,96,71
1763694517,96,72
1763694518,93,69
1763694519,96,71
1763694520,92,70
1763694521,97,71
1763694522,96,71
1763694523,94,69
1763694524,96,72
1763694525,97,72
1763694526,92,71
1763694527,91,76
1763694528,89,74
1763694529,96,72
1763694530,96,71
1763694531,93,70
1763694532,95,71
1763694533,97,71
1763694534,93,69
1763694535,94,69
1763694536,96,71
1763694537,94,70
1763694538,95,70
1763694539,94,70
1763694540,92,76
1763694541,89,74
1763694543,90,74
1763694544,93,76
1763694545,93,76
1763694546,92,76
1763694547,87,73
1763694548,95,73
1763694549,90,67
1763694550,95,70
1763694551,92,68
1763694552,95,71
1763694553,93,69
1763694554,96,70
1763694555,93,69
1763694556,94,68
1763694557,92,69
1763694558,97,71
1763694559,93,70
1763694560,95,73
1763694561,92,75
1763694562,96,70
1763694563,96,72
1763694564,92,69
1763694565,96,70
1763694566,94,71
1763694567,96,71
1763694568,96,72
1763694569,92,69
1763694570,96,70
1763694571,93,69
1763694572,96,71
1763694573,95,71
1763694574,92,74
1763694575,88,73
1763694576,96,69
1763694577,97,70
1763694578,94,68
1763694580,94,68
1763694581,95,69
1763694582,92,66
1763694583,96,69
1763694584,96,69
1763694585,96,68
1763694586,96,69
1763694587,97,69
1763694588,93,68
1763694589,92,73
1763694590,92,70
1763694591,96,70
1763694592,96,69
1763694593,96,69
1763694594,96,69
1763694595,93,68
1763694596,95,68
1763694597,95,68
1763694598,93,67
1763694599,94,69
1763694600,96,69
1763694601,96,70
1763694602,91,74
1763694603,92,72
1763694604,96,70
1763694605,96,69
1763694606,93,68
1763694607,95,69
1763694608,93,69
1763694609,97,69
1763694610,93,67
1763694611,95,68
1763694612,96,69
1763694613,93,68
1763694614,96,69
1763694615,94,69
1763694616,93,75
1763694617,91,71
1763694619,96,69
1763694620,97,69
1763694621,94,69
1763694622,96,69
1763694623,94,67
1763694624,96,70
1763694625,96,69
1763694626,93,68
1763694627,96,69
1763694628,96,69
1763694629,96,71
1763694630,96,71
1763694631,94,74
1763694632,94,68
1763694633,95,69
1763694634,97,69
1763694635,93,69
1763694636,96,70
1763694637,96,69
1763694638,96,71
1763694639,95,68
1763694640,96,70
1763694641,97,70
1763694642,93,68
1763694643,97,69
1763694644,89,72
1763694645,91,72
1763694646,96,70
1763694647,96,70
1763694648,96,69
1763694649,94,69
1763694650,97,69
1763694651,93,68
1763694652,97,70
1763694653,97,69
1763694654,96,69
1763694655,94,68
1763694656,96,69
1763694657,96,69
1763694659,88,72
1763694660,96,71
1763694661,95,68
1763694662,95,69
1763694663,93,69
1763694664,97,70
1763694665,96,69
1763694666,96,70
1763694667,96,69
1763694668,92,68
1763694669,96,70
1763694670,95,69
1763694671,97,69
1763694672,89,73
1763694673,92,73
1763694674,96,69
1763694675,93,69
1763694676,95,69
1763694677,97,69
1763694678,95,69
1763694679,96,69
1763694680,95,68
1763694681,95,70
1763694682,96,69
1763694683,93,69
1763694684,94,68
1763694685,95,68
1763694686,88,72
1763694687,95,75
1763694688,90,73
1763694689,89,73
1763694690,93,73
1763694691,88,72
1763694692,89,71
1763694693,97,70
1763694694,96,69
1763694695,96,71
1763694697,97,69
1763694698,93,69
1763694699,96,70
1763694700,97,69
1763694701,96,69
1763694702,96,69
1763694703,95,70
1763694704,96,69
1763694705,94,68
1763694706,91,74
1763694707,92,73
1763694708,95,70
1763694709,96,69
1763694710,96,71
1763694711,96,69
1763694712,93,67
1763694713,96,69
1763694714,96,70
1763694715,94,69
1763694716,96,69
1763694717,95,71
1763694718,96,69
1763694719,87,71
1763694720,94,74
1763694721,97,69
1763694722,93,68
1763694723,96,69
1763694724,92,68
1763694725,96,70
1763694726,94,67
1763694727,96,69
1763694728,97,69
1763694729,93,68
1763694730,97,69
1763694731,95,69
1763694732,96,71
1763694733,90,73
1763694734,92,73
1763694735,93,68
1763694737,96,69
1763694738,94,68
1763694739,96,70
1763694740,92,68
1763694741,96,69
1763694742,94,68
1763694743,96,69
1763694744,96,69
1763694745,93,69
1763694746,97,69
1763694747,92,73
1763694748,92,73
1763694749,93,68
1763694750,96,70
1763694751,97,69
1763694752,96,70
1763694753,93,67
1763694754,96,69
1763694755,96,69
1763694756,94,69
1763694757,96,69
1763694758,93,67
1763694759,96,69
1763694760,96,69
1763694761,89,73
1763694762,94,74
1763694763,95,71
1763694764,97,69
1763694765,93,68
1763694766,97,69
1763694767,97,70
1763694768,96,70
1763694769,96,69
1763694770,94,69
1763694771,96,69
1763694772,93,67
1763694774,96,70
1763694775,90,70
1763694776,92,73
1763694777,93,69
1763694778,96,70
1763694779,96,69
1763694780,94,70
1763694781,96,69
1763694782,92,68
1763694783,96,70
1763694784,96,69
1763694785,96,69
1763694786,93,67
1763694787,96,70
1763694788,97,70
1763694789,94,74
1763694790,92,74
1763694791,93,68
1763694792,96,70
1763694793,95,70
1763694794,96,70
1763694795,96,69
1763694796,94,69
1763694797,96,70
1763694798,94,70
1763694799,97,70
1763694800,93,68
1763694801,95,68
1763694802,95,69
1763694803,93,73
1763694804,88,72
1763694805,93,69
1763694806,97,70
1763694807,95,71
1763694808,96,69
1763694809,92,68
1763694810,96,70
1763694811,94,68
1763694812,96,70
1763694814,95,68
1763694815,94,69
1763694816,95,68
1763694817,95,70
1763694818,89,72
1763694819,96,76
1763694820,94,68
1763694821,95,68
1763694822,95,69
1763694823,94,70
1763694824,95,68
1763694825,91,67
1763694826,94,67
1763694827,95,68
1763694828,93,68
1763694829,97,70
1763694830,97,70
1763694831,93,70
1763694832,89,71
1763694833,92,74
1763694834,90,73
1763694835,91,75
1763694836,93,73
1763694837,87,71
1763694838,92,73
1763694839,93,68
1763694840,95,69
1763694841,95,68
1763694842,93,68
1763694843,96,69
1763694844,97,70
1763694845,96,71
1763694846,94,68
1763694847,96,69
1763694848,96,70
1763694849,93,68
1763694850,96,70
1763694851,93,74
1763694853,90,73
1763694854,96,69
1763694855,100,69
1763694856,100,69
1763694857,100,69
1763694858,100,69
1763694859,100,69
1763694860,100,69
1763694861,100,68
1763694862,100,68
1763694863,100,68
1763694864,100,69
1763694865,100,75
1763694866,100,74
1763694867,100,68
1763694868,20,7
1763694869,13,7
1763694870,14,7
1763694871,14,7
1763694872,14,7
1763694873,14,7
1763694874,14,7
1763694875,41,27
1763694876,93,70
1763694877,96,72
1763694878,72,58
1763694879,94,77
1763694880,94,71
1763694881,96,71
1763694882,96,71
1763694883,93,70
1763694884,96,72
1763694885,97,72
1763694886,93,71
1763694887,96,72
1763694888,95,71
1763694889,96,71
1763694890,96,71
1763694891,94,69
1763694893,87,73
1763694894,87,66
1763694895,93,69
1763694896,96,71
1763694897,93,70
1763694898,96,71
1763694899,96,73
1763694900,96,71
1763694901,96,71
1763694902,96,71
1763694903,95,70
1763694904,96,71
1763694905,93,70
1763694906,91,74
1763694907,94,76
1763694908,96,71
1763694909,95,71
1763694910,92,69
1763694911,96,71
1763694912,96,72
1763694913,96,70
1763694914,95,70
1763694915,94,70
1763694916,96,71
1763694917,96,71
1763694918,96,71
1763694919,96,71
1763694920,90,73
1763694921,94,76
1763694922,95,71
1763694923,97,71
1763694924,96,71
1763694925,94,71
1763694926,96,71
1763694927,96,72
1763694928,97,71
1763694929,96,70
1763694931,94,70
1763694932,96,71
1763694933,96,72
1763694934,90,75
1763694935,92,74
1763694936,96,71
1763694937,96,70
1763694938,95,70
1763694939,96,71
1763694940,94,71
1763694941,97,71
1763694942,96,72
1763694943,97,71
1763694944,95,70
1763694945,95,70
1763694946,96,71
1763694947,95,71
1763694948,92,74
1763694949,96,71
1763694950,96,71
1763694951,95,72
1763694952,96,71
1763694953,96,72
1763694954,96,71
1763694955,96,71
1763694956,92,69
1763694957,96,70
1763694958,94,70
1763694959,96,69
1763694960,94,70
1763694961,89,74
1763694962,92,74
1763694963,93,69
1763694964,96,71
1763694965,93,69
1763694966,96,68
1763694967,96,67
1763694968,94,66
1763694969,95,68
1763694971,96,68
1763694972,96,67
1763694973,93,66
1763694974,94,67
1763694975,96,68
1763694976,95,73
1763694977,87,69
1763694978,95,73
1763694979,91,71
1763694980,81,64
1763694981,91,71
1763694982,89,72
1763694983,93,67
1763694984,97,68
1763694985,97,68
1763694986,93,67
1763694987,96,68
1763694988,97,68
1763694989,96,68
1763694990,93,67
1763694991,97,68
1763694992,96,68
1763694993,96,68
1763694994,96,69
1763694995,92,72
1763694996,95,71
1763694997,93,67
1763694998,96,67
1763694999,96,68
1763695000,97,68
1763695001,93,68
1763695002,97,68
1763695003,93,66
1763695004,97,69
1763695005,96,68
1763695006,96,68
1763695007,93,67
1763695008,97,68
1763695010,89,71
1763695011,96,70
1763695012,96,68
1763695013,97,68
1763695014,93,68
1763695015,96,68
1763695016,96,68
1763695017,97,68
1763695018,96,68
1763695019,97,68
1763695020,94,66
1763695021,96,69
1763695022,95,68
1763695023,89,72
1763695024,94,74
1763695025,97,68
1763695026,96,68
1763695027,93,65
1763695028,95,69
1763695029,97,68
1763695030,96,68
1763695031,93,66
1763695032,96,69
1763695033,97,68
1763695034,93,66
1763695035,96,70
1763695036,96,68
1763695037,94,73
1763695038,93,67
1763695039,90,63
1763695040,97,68
1763695041,97,68
1763695042,93,66
1763695043,96,69
1763695044,96,68
1763695045,96,67
1763695046,93,66
1763695047,96,69
1763695049,96,68
1763695050,93,66
1763695051,94,74
1763695052,90,73
1763695053,95,68
1763695054,96,70
1763695055,96,68
1763695056,96,68
1763695057,95,69
1763695058,95,69
1763695059,91,67
1763695060,95,69
1763695061,97,69
1763695062,93,69
1763695063,96,70
1763695064,93,74
1763695065,90,73
1763695066,96,69
1763695067,96,69
1763695068,95,70
1763695069,96,70
1763695070,94,69
1763695071,96,70
1763695072,93,68
1763695073,95,69
1763695074,94,70
1763695075,96,70
1763695076,91,67
1763695077,93,68
1763695078,90,74
1763695079,88,72
1763695080,93,68
1763695081,94,68
1763695082,96,70
1763695083,92,68
1763695084,96,70
1763695085,96,70
1763695087,97,70
1763695088,96,70
1763695089,97,70
1763695090,94,70
1763695091,96,70
1763695092,93,69
1763695093,90,74
1763695094,95,71
1763695095,97,70
1763695096,96,71
1763695097,96,70
1763695098,94,70
1763695099,96,70
1763695100,93,69
1763695101,94,69
1763695102,96,69
1763695103,96,70
1763695104,96,71
1763695105,96,70
1763695106,92,75
1763695107,88,72
1763695108,92,68
1763695109,95,69
1763695110,96,70
1763695111,96,70
1763695112,96,72
1763695113,96,70
1763695114,93,69
1763695115,96,70
1763695116,93,69
1763695117,95,70
1763695118,96,70
1763695119,96,70
1763695120,88,72
1763695121,94,75
1763695122,90,74
1763695123,89,73
1763695124,92,74
1763695125,90,72
1763695127,93,75
1763695128,94,68
1763695129,96,70
1763695130,96,70
1763695131,95,70
1763695132,96,70
1763695133,96,70
1763695134,93,68
1763695135,96,71
1763695136,95,69
1763695137,96,69
1763695138,96,70
1763695139,93,69
1763695140,94,75
1763695141,88,72
1763695142,96,70
1763695143,96,71
1763695144,96,70
1763695145,93,68
1763695146,96,70
1763695147,93,69
1763695148,96,70
1763695149,95,71
1763695150,96,69
1763695151,93,69
1763695152,96,70
1763695153,83,62
1763695154,92,75
1763695155,92,67
1763695156,93,67
1763695157,93,67
1763695158,90,64
1763695159,93,69
1763695160,96,69
1763695161,93,68
1763695162,96,71
1763695163,93,69
1763695164,96,70
1763695166,92,69
1763695167,96,70
1763695168,94,75
1763695169,88,72
1763695170,96,70
1763695171,96,72
1763695172,94,68
1763695173,96,70
1763695174,96,69
1763695175,96,71
1763695176,96,70
1763695177,92,68
1763695178,96,70
1763695179,93,69
1763695180,96,70
1763695181,93,74
1763695182,89,73
1763695183,92,68
1763695184,96,70
1763695185,93,70
1763695186,96,70
1763695187,96,70
1763695188,96,70
1763695189,96,70
1763695190,96,70
1763695191,94,70
1763695192,96,70
1763695193,92,69
1763695194,96,70
1763695195,88,73
1763695196,95,74
1763695197,95,71
1763695198,96,70
1763695199,95,71
1763695200,96,70
1763695201,95,70
1763695202,94,69
1763695203,97,70
1763695204,96,72
1763695206,96,70
1763695207,96,70
1763695208,96,70
1763695209,96,69
1763695210,90,74
1763695211,92,74
1763695212,93,69
1763695213,96,70
1763695214,93,68
1763695215,96,70
1763695216,97,70
1763695217,96,71
1763695218,93,68
1763695219,96,70
1763695220,95,69
1763695221,95,69
1763695222,96,70
1763695223,94,70
1763695224,94,75
1763695225,93,69
1763695226,95,70
1763695227,100,70
1763695228,100,70
1763695229,100,70
1763695230,100,70
1763695231,100,70
1763695232,100,70
1763695233,100,69
1763695234,100,70
1763695235,100,70
1763695236,100,70
1763695237,100,75
1763695238,100,75
1763695239,50,33
1763695240,14,7
1763695241,13,7
1763695242,17,7
1763695243,14,7
1763695245,13,7
1763695246,13,7
1763695247,13,7
1763695248,97,71
1763695249,96,71
1763695250,96,72
1763695251,93,70
1763695252,94,77
1763695253,93,70
1763695254,97,71
1763695255,94,71
1763695256,96,71
1763695257,96,71
1763695258,96,72
1763695259,93,70
1763695260,97,72
1763695261,93,70
1763695262,96,72
1763695263,96,72
1763695264,95,71
1763695265,92,75
1763695266,88,74
1763695267,93,74
1763695268,91,76
1763695269,90,76
1763695270,94,76
1763695271,92,76
1763695272,96,72
1763695273,93,70
1763695274,96,72
1763695275,92,70
1763695276,96,71
1763695277,96,72
1763695278,96,71
1763695279,96,71
1763695280,96,72
1763695281,96,71
1763695282,96,71
1763695284,94,69
1763695285,93,75
1763695286,94,76
1763695287,96,71
1763695288,92,69
1763695289,93,68
1763695290,96,71
1763695291,93,70
1763695292,96,71
1763695293,93,69
1763695294,96,71
1763695295,94,70
1763695296,92,69
1763695297,96,70
1763695298,96,71
1763695299,94,76
1763695300,89,73
1763695301,96,71
1763695302,95,70
1763695303,94,70
1763695304,96,71
1763695305,94,71
1763695306,96,71
1763695307,94,71
1763695308,95,70
1763695309,92,68
1763695310,96,71
1763695311,95,70
1763695312,92,76
1763695313,92,72
1763695314,97,67
1763695315,96,67
1763695316,93,66
1763695317,95,69
1763695318,96,68
1763695319,93,66
1763695320,96,69
1763695321,96,68
1763695322,96,68
1763695324,93,66
1763695325,96,69
1763695326,95,67
1763695327,95,74
1763695328,96,68
1763695329,95,67
1763695330,95,67
1763695331,92,67
1763695332,96,68
1763695333,96,68
1763695334,93,68
1763695335,96,68
1763695336,94,67
1763695337,96,70
1763695338,96,68
1763695339,96,68
1763695340,94,68
1763695341,92,74
1763695342,95,70
1763695343,96,69
1763695344,96,68
1763695345,96,68
1763695346,93,67
1763695347,96,68
1763695348,96,68
1763695349,96,69
1763695350,96,67
1763695351,96,68
1763695352,96,68
1763695353,92,66
1763695354,94,73
1763695355,90,72
1763695356,92,67
1763695357,96,69
1763695358,93,66
1763695359,90,66
1763695360,96,68
1763695361,97,69
1763695363,93,68
1763695364,96,69
1763695365,97,69
1763695366,93,66
1763695367,96,68
1763695368,95,67
1763695369,95,74
1763695370,88,71
1763695371,96,68
1763695372,95,68
1763695373,96,70
1763695374,96,68
1763695375,93,68
1763695376,96,68
1763695377,96,68
1763695378,94,67
1763695379,95,69
1763695380,96,68
1763695381,96,68
1763695382,93,73
1763695383,90,73
1763695384,93,66
1763695385,93,68
1763695386,95,68
1763695387,95,67
1763695388,94,67
1763695389,92,67
1763695390,96,68
1763695391,93,68
1763695392,96,69
1763695393,96,68
1763695394,93,67
1763695395,96,68
1763695396,71,56
1763695397,92,74
1763695398,95,70
1763695399,95,69
1763695400,95,70
1763695401,97,69
1763695403,92,68
1763695404,96,69
1763695405,96,69
1763695406,96,69
1763695407,97,69
1763695408,96,70
1763695409,96,69
1763695410,95,68
1763695411,94,75
1763695412,90,73
1763695413,93,74
1763695414,92,72
1763695415,95,75
1763695416,87,71
1763695417,92,73
1763695418,93,73
1763695419,93,68
1763695420,96,69
1763695421,93,66
1763695422,95,68
1763695423,96,69
1763695424,93,68
1763695425,95,68
1763695426,95,68
1763695427,93,68
1763695428,95,69
1763695429,96,69
1763695430,90,73
1763695431,92,74
1763695432,93,67
1763695433,95,70
1763695434,95,68
1763695435,96,70
1763695436,94,69
1763695437,94,69
1763695438,95,69
1763695439,92,69
1763695441,96,70
1763695442,93,69
1763695443,95,69
1763695444,96,70
1763695445,93,70
1763695446,93,75
1763695447,97,70
1763695448,95,71
1763695449,96,70
1763695450,95,70
1763695451,93,68
1763695452,96,70
1763695453,93,69
1763695454,95,69
1763695455,96,70
1763695456,94,69
1763695457,96,70
1763695458,96,71
1763695459,91,72
1763695460,94,75
1763695461,93,69
1763695462,96,70
1763695463,93,69
1763695464,97,70
1763695465,95,70
1763695466,97,71
1763695467,97,70
1763695468,95,70
1763695469,97,70
1763695470,94,70
1763695471,97,70
1763695472,95,70
1763695473,96,70
1763695474,95,75
1763695475,95,69
1763695476,96,70
1763695477,96,70
1763695478,96,70
1763695480,96,70
1763695481,96,71
1763695482,93,67
1763695483,96,70
1763695484,96,70
1763695485,96,70
1763695486,97,70
1763695487,96,71
1763695488,90,73
1763695489,93,74
1763695490,95,70
1763695491,96,70
1763695492,95,69
1763695493,96,70
1763695494,95,69
1763695495,97,70
1763695496,95,69
1763695497,96,70
1763695498,93,69
1763695499,97,70
1763695500,95,69
1763695501,96,70
1763695502,92,74
1763695503,90,73
1763695504,96,69
1763695505,97,70
1763695506,95,69
1763695507,97,70
1763695508,96,69
1763695509,94,70
1763695510,96,70
1763695511,93,68
1763695512,97,70
1763695513,93,69
1763695514,96,69
1763695515,89,73
1763695516,93,74
1763695517,97,70
1763695518,94,70
1763695520,96,69
1763695521,93,67
1763695522,96,69
1763695523,93,68
1763695524,96,70
1763695525,95,69
1763695526,97,70
1763695527,96,69
1763695528,93,68
1763695529,90,72
1763695530,93,74
1763695531,96,70
1763695532,92,69
1763695533,97,70
1763695534,95,69
1763695535,97,70
1763695536,96,70
1763695537,96,70
1763695538,96,70
1763695539,94,70
1763695540,97,70
1763695541,93,68
1763695542,96,70
1763695543,95,76
1763695544,89,71
1763695545,93,68
1763695546,97,70
1763695547,96,70
1763695548,93,69
1763695549,96,70
1763695550,93,69
1763695551,96,70
1763695552,96,70
1763695553,96,69
1763695554,96,70
1763695555,96,70
1763695556,92,74
1763695557,88,72
1763695558,93,74
1763695560,93,75
1763695561,91,74
1763695562,91,74
1763695563,87,72
1763695564,91,70
1763695565,96,70
1763695566,95,69
1763695567,97,69
1763695568,96,70
1763695569,96,69
1763695570,94,68
1763695571,95,69
1763695572,95,69
1763695573,93,69
1763695574,97,70
1763695575,93,70
1763695576,91,70
1763695577,94,76
1763695578,97,70
1763695579,95,69
1763695580,96,70
1763695581,97,70
1763695582,96,71
1763695583,96,70
1763695584,97,70
1763695585,96,70
1763695586,96,69
1763695587,97,70
1763695588,96,71
1763695589,96,70
1763695590,93,74
1763695591,95,76
1763695592,95,71
1763695593,96,70
1763695594,93,69
1763695595,96,69
1763695596,93,68
1763695597,93,67
1763695599,100,69
1763695600,100,68
1763695601,100,70
1763695602,100,68
1763695603,100,69
1763695604,100,74
1763695605,100,76
1763695606,100,70
1763695607,100,70
1763695608,100,69
1763695609,100,70
1763695610,100,70
1763695611,14,7
1763695612,13,7
1763695613,13,7
1763695614,17,7
1763695615,13,7
1763695616,13,7
1763695617,13,7
1763695618,2,1
1763695619,90,75
1763695620,96,72
1763695621,96,71
1763695622,93,69
1763695623,96,71
1763695624,97,72
1763695625,92,69
1763695626,96,72
1763695627,96,72
1763695628,93,70
1763695629,96,72
1763695630,96,72
1763695631,96,71
1763695632,89,75
1763695633,96,71
1763695634,93,70
1763695635,96,71
1763695636,96,71
1763695637,93,69
1763695639,94,70
1763695640,96,72
1763695641,93,71
1763695642,95,71
1763695643,96,71
1763695644,93,70
1763695645,96,71
1763695646,93,75
1763695647,94,76
1763695648,93,69
1763695649,96,71
1763695650,93,70
1763695651,95,71
1763695652,92,70
1763695653,94,70
1763695654,95,72
1763695655,90,68
1763695656,96,71
1763695657,95,72
1763695658,96,71
1763695659,95,70
1763695660,92,76
1763695661,88,73
1763695662,93,69
1763695663,97,71
1763695664,95,72
1763695665,96,71
1763695666,96,71
1763695667,95,70
1763695668,96,71
1763695669,93,69
1763695670,97,71
1763695671,96,72
1763695672,96,71
1763695673,93,74
1763695674,88,74
1763695675,97,71
1763695676,93,69
1763695677,96,71
1763695679,96,70
1763695680,94,69
1763695681,96,70
1763695682,94,68
1763695683,96,71
1763695684,93,68
1763695685,96,71
1763695686,93,69
1763695687,96,71
1763695688,88,73
1763695689,93,73
1763695690,96,71
1763695691,94,69
1763695692,97,71
1763695693,94,67
1763695694,96,69
1763695695,90,66
1763695696,95,70
1763695697,94,68
1763695698,90,64
1763695699,90,67
1763695700,96,71
1763695701,91,73
1763695702,91,76
1763695703,86,71
1763695704,90,72
1763695705,95,75
1763695706,87,71
1763695707,89,70
1763695708,91,70
1763695709,93,68
1763695710,97,69
1763695711,93,67
1763695712,97,69
1763695713,96,68
1763695714,95,68
1763695715,91,67
1763695716,95,68
1763695717,95,68
1763695719,91,67
1763695720,95,68
1763695721,93,69
1763695722,93,75
1763695723,96,70
1763695724,96,69
1763695725,96,71
1763695726,94,67
1763695727,96,69
1763695728,96,69
1763695729,95,70
1763695730,96,69
1763695731,93,67
1763695732,96,69
1763695733,96,69
1763695734,97,69
1763695735,89,72
1763695736,95,75
1763695737,96,69
1763695738,93,68
1763695739,97,70
1763695740,96,69
1763695741,96,70
1763695742,95,68
1763695743,96,71
1763695744,96,69
1763695745,91,65
1763695746,96,70
1763695747,95,68
1763695748,96,70
1763695749,94,74
1763695750,89,73
1763695751,96,69
1763695752,94,69
1763695753,96,68
1763695754,95,69
1763695755,92,68
1763695756,97,69
1763695757,92,68
1763695759,96,69
1763695760,96,69
1763695761,93,68
1763695762,96,69
1763695763,93,69
1763695764,94,75
1763695765,96,69
1763695766,96,70
1763695767,96,69
1763695768,93,67
1763695769,96,69
1763695770,96,69
1763695771,93,67
1763695772,96,69
1763695773,93,68
1763695774,96,69
1763695775,96,69
1763695776,92,68
1763695777,89,73
1763695778,95,72
1763695779,95,70
1763695780,97,68
1763695781,95,69
1763695782,96,69
1763695783,96,69
1763695784,95,70
1763695785,96,69
1763695786,95,68
1763695787,93,69
1763695788,96,68
1763695789,92,66
1763695790,90,71
1763695791,92,74
1763695792,94,68
1763695793,96,68
1763695794,96,69
1763695795,95,69
1763695796,96,69
1763695798,93,67
1763695799,95,69
1763695800,96,69
1763695801,94,69
1763695802,96,69
1763695803,96,69
1763695804,94,72
1763695805,89,72
1763695806,96,70
1763695807,95,68
1763695808,93,67
1763695809,95,69
1763695810,96,69
1763695811,93,68
1763695812,96,68
1763695813,93,67
1763695814,96,69
1763695815,96,69
1763695816,93,68
1763695817,96,69
1763695818,88,72
1763695819,91,73
1763695820,96,68
1763695821,93,68
1763695822,96,69
1763695823,97,69
1763695824,92,67
1763695825,97,69
1763695826,96,68
1763695827,97,69
1763695828,96,69
1763695829,93,69
1763695830,96,69
1763695831,89,73
1763695832,93,73
1763695833,96,69
1763695834,94,69
1763695835,96,69
1763695836,95,68
1763695838,96,71
1763695839,96,69
1763695840,93,67
1763695841,96,69
1763695842,96,69
1763695843,96,69
1763695844,96,69
1763695845,93,69
1763695846,93,73
1763695847,86,70
1763695848,95,75
1763695849,94,74
1763695850,88,72
1763695851,88,72
1763695852,89,72
1763695853,97,69
1763695854,95,69
1763695855,96,69
1763695856,92,66
1763695857,96,69
1763695858,93,69
1763695859,96,69
1763695860,96,70
1763695861,96,69
1763695862,96,70
1763695863,96,70
1763695864,96,70
1763695865,92,72
1763695866,94,74
1763695867,97,70
1763695868,97,69
1763695869,93,68
1763695870,96,69
1763695871,96,69
1763695872,96,70
1763695873,95,68
1763695874,92,68
1763695875,96,69
1763695876,96,69
1763695878,91,67
1763695879,97,70
1763695880,94,74
1763695881,91,69
1763695882,95,68
1763695883,94,69
1763695884,96,70
1763695885,97,69
1763695886,93,68
1763695887,96,69
1763695888,96,69
1763695889,94,70
1763695890,97,69
1763695891,95,70
1763695892,96,70
1763695893,94,74
1763695894,88,72
1763695895,93,68
1763695896,97,70
1763695897,93,68
1763695898,96,69
1763695899,93,68
1763695900,96,69
1763695901,93,67
1763695902,96,69
1763695903,96,69
1763695904,93,68
1763695905,96,69
1763695906,92,67
1763695907,90,73
1763695908,91,72
1763695909,95,69
1763695910,96,68
1763695911,93,68
1763695912,96,69
1763695913,93,68
1763695914,96,69
1763695915,96,69
1763695917,95,71
1763695918,96,69
1763695919,93,67
1763695920,96,69
1763695921,95,71
1763695922,90,72
1763695923,96,69
1763695924,93,69
1763695925,96,69
1763695926,96,70
1763695927,96,71
1763695928,96,69
1763695929,96,70
1763695930,96,69
1763695931,93,69
1763695932,96,70
1763695933,96,69
1763695934,93,68
1763695935,94,75
1763695936,90,73
1763695937,96,70
1763695938,95,69
1763695939,92,66
1763695940,94,68
1763695941,95,69
1763695942,93,68
1763695943,96,70
1763695944,96,70
1763695945,96,70
1763695946,93,67
1763695947,95,70
1763695948,96,70
1763695949,89,73
1763695950,96,71
1763695951,95,71
1763695952,93,67
1763695953,94,69
1763695954,95,69
1763695955,93,67
1763695957,96,69
1763695958,96,70
1763695959,91,68
1763695960,95,70
1763695961,96,70
1763695962,97,70
1763695963,94,75
1763695964,92,75
1763695965,94,70
1763695966,95,69
1763695967,93,68
1763695968,95,70
1763695969,95,69
1763695970,94,70
1763695971,100,69
1763695972,100,69
1763695973,100,69
1763695974,100,70
1763695975,100,70
1763695976,100,73
1763695977,100,75
1763695978,100,69
1763695979,100,69
1763695980,100,70
1763695981,100,70
1763695982,100,70
1763695983,97,67
1763695984,13,7
1763695985,13,7
1763695986,18,6
1763695987,14,7
1763695988,14,7
1763695989,13,7
1763695990,2,1
1763695991,90,74
1763695992,87,73
1763695993,90,75
1763695994,90,75
1763695995,89,73
1763695997,93,76
1763695998,92,72
1763695999,96,71
1763696000,96,73
1763696001,95,70
1763696002,96,72
1763696003,93,70
1763696004,96,72
1763696005,94,72
1763696006,96,72
1763696007,95,71
1763696008,96,72
1763696009,95,71
1763696010,94,77
1763696011,91,76
1763696012,97,71
1763696013,96,73
1763696014,95,71
1763696015,96,72
1763696016,96,71
1763696017,93,69
1763696018,96,71
1763696019,92,69
1763696020,95,71
1763696021,93,70
1763696022,96,71
1763696023,97,71
1763696024,90,74
1763696025,95,72
1763696026,96,71
1763696027,93,70
1763696028,96,71
1763696029,93,69
1763696030,93,69
1763696031,97,72
1763696032,93,69
1763696033,97,71
1763696034,94,71
1763696036,96,71
1763696037,96,72
1763696038,88,74
1763696039,91,76
1763696040,94,70
1763696041,97,71
1763696042,95,72
1763696043,96,71
1763696044,96,72
1763696045,96,70
1763696046,95,70
1763696047,93,70
1763696048,96,71
1763696049,96,72
1763696050,96,71
1763696051,95,71
1763696052,89,74
1763696053,96,71
1763696054,96,72
1763696055,97,71
1763696056,96,70
1763696057,95,70
1763696058,96,71
1763696059,93,70
1763696060,96,70
1763696061,93,70
1763696062,93,68
1763696063,96,71
1763696064,93,69
1763696065,89,74
1763696066,94,76
1763696067,96,71
1763696068,93,69
1763696069,96,70
1763696070,95,69
1763696071,93,69
1763696072,97,71
1763696073,93,69
1763696075,97,69
1763696076,93,69
1763696077,96,71
1763696078,96,72
1763696079,94,69
1763696080,89,73
1763696081,96,69
1763696082,97,69
1763696083,95,69
1763696084,97,68
1763696085,96,68
1763696086,96,69
1763696087,96,68
1763696088,93,67
1763696089,97,69
1763696090,96,68
1763696091,94,67
1763696092,96,70
1763696093,92,73
1763696094,91,72
1763696095,96,69
1763696096,93,68
1763696097,96,69
1763696098,96,68
1763696099,93,68
1763696100,96,69
1763696101,96,69
1763696102,93,69
1763696103,96,69
1763696104,97,69
1763696105,92,67
1763696106,96,68
1763696107,94,73
1763696108,96,69
1763696109,97,69
1763696110,95,68
1763696111,96,70
1763696112,97,68
1763696113,96,68
1763696115,96,70
1763696116,96,68
1763696117,93,67
1763696118,96,68
1763696119,97,68
1763696120,93,68
1763696121,91,72
1763696122,93,74
1763696123,93,68
1763696124,96,69
1763696125,93,68
1763696126,96,69
1763696127,96,69
1763696128,96,70
1763696129,97,68
1763696130,95,68
1763696131,96,70
1763696132,97,69
1763696133,95,70
1763696134,96,69
1763696135,90,71
1763696136,92,73
1763696137,91,73
1763696138,92,73
1763696139,76,60
1763696140,90,72
1763696141,89,72
1763696142,93,68
1763696143,97,69
1763696144,97,69
1763696145,92,67
1763696146,96,69
1763696147,93,69
1763696148,96,69
1763696149,96,69
1763696150,93,68
1763696151,97,69
1763696153,96,70
1763696154,97,69
1763696155,94,74
1763696156,90,72
1763696157,96,69
1763696158,96,71
1763696159,96,69
1763696160,93,68
1763696161,97,70
1763696162,93,68
1763696163,96,69
1763696164,93,68
1763696165,97,69
1763696166,97,69
1763696167,95,70
1763696168,94,68
1763696169,95,75
1763696170,88,72
1763696171,93,69
1763696172,97,70
1763696173,95,69
1763696174,95,69
1763696175,97,69
1763696176,96,68
1763696177,96,69
1763696178,93,68
1763696179,96,69
1763696180,96,69
1763696181,92,67
1763696182,96,69
1763696183,94,74
1763696184,97,72
1763696185,96,69
1763696186,96,70
1763696187,96,69
1763696188,94,67
1763696189,96,69
1763696191,96,69
1763696192,95,67
1763696193,96,69
1763696194,93,68
1763696195,96,69
1763696196,96,69
1763696197,94,74
1763696198,92,74
1763696199,93,67
1763696200,96,69
1763696201,93,67
1763696202,96,69
1763696203,96,69
1763696204,93,69
1763696205,96,69
1763696206,97,69
1763696207,93,67
1763696208,96,69
1763696209,95,70
1763696210,96,69
1763696211,96,75
1763696212,89,72
1763696213,94,68
1763696214,96,70
1763696215,92,68
1763696216,97,69
1763696217,94,68
1763696218,96,69
1763696219,97,69
1763696220,94,68
1763696221,96,69
1763696222,93,69
1763696223,96,70
1763696224,96,69
1763696225,89,72
1763696226,94,71
1763696227,94,69
1763696228,97,69
1763696230,96,69
1763696231,96,68
1763696232,97,69
1763696233,95,70
1763696234,97,69
1763696235,94,67
1763696236,96,69
1763696237,97,69
1763696238,96,69
1763696239,88,71
1763696240,94,74
1763696241,97,69
1763696242,97,69
1763696243,96,70
1763696244,97,69
1763696245,94,69
1763696246,97,69
1763696247,93,68
1763696248,97,69
1763696249,95,68
1763696250,96,69
1763696251,97,69
1763696252,95,71
1763696253,92,75
1763696254,95,71
1763696255,96,69
1763696256,96,70
1763696257,96,70
1763696258,96,70
1763696259,97,69
1763696260,94,69
1763696261,97,70
1763696262,96,71
1763696263,97,70
1763696264,93,69
1763696265,97,69
1763696266,94,70
1763696267,93,74
1763696269,96,71
1763696270,96,70
1763696271,96,70
1763696272,96,69
1763696273,93,69
1763696274,96,69
1763696275,93,68
1763696276,96,70
1763696277,93,68
1763696278,97,70
1763696279,93,68
1763696280,97,70
1763696281,89,73
1763696282,90,71
1763696283,91,72
1763696284,92,74
1763696285,95,75
1763696286,92,75
1763696287,88,72
1763696288,94,71
1763696289,96,71
1763696290,96,70
1763696291,93,69
1763696292,95,68
1763696293,96,70
1763696294,97,70
1763696295,96,70
1763696296,97,70
1763696297,93,69
1763696298,97,69
1763696299,96,71
1763696300,91,72
1763696301,93,75
1763696302,96,70
1763696303,94,69
1763696304,97,70
1763696305,96,69
1763696306,96,70
1763696308,93,70
1763696309,96,70
1763696310,94,68
1763696311,96,70
1763696312,97,70
1763696313,96,71
1763696314,96,70
1763696315,93,74
1763696316,93,72
1763696317,96,69
1763696318,96,69
1763696319,96,71
1763696320,97,69
1763696321,93,69
1763696322,96,69
1763696323,95,71
1763696324,96,70
1763696325,93,68
1763696326,96,70
1763696327,94,69
1763696328,95,75
1763696329,90,74
1763696330,96,70
1763696331,94,70
1763696332,97,70
1763696333,93,67
1763696334,97,70
1763696335,96,70
1763696336,96,71
1763696337,97,69
1763696338,93,69
1763696339,95,69
1763696340,94,66
1763696341,100,69
1763696342,100,75
1763696343,100,72
1763696344,100,69
1763696345,100,70
1763696346,100,70
1763696348,100,69
1763696349,100,68
1763696350,100,69
1763696351,100,69
1763696352,100,69
1763696353,100,69
1763696354,17,7
1763696355,13,7
1763696356,2,1
1763696357,11,2
1763696358,13,7
1763696359,14,7
1763696360,13,7
1763696361,14,7
1763696362,37,23
1763696363,93,70
1763696364,96,71
1763696365,92,70
1763696366,95,71
1763696367,91,69
1763696368,96,71
1763696369,95,71
1763696370,92,77
1763696371,93,69
1763696372,96,71
1763696373,92,69
1763696374,95,71
1763696375,95,72
1763696376,93,69
1763696377,95,71
1763696378,95,70
1763696379,92,69
1763696380,95,71
1763696381,92,69
1763696382,96,71
1763696383,94,76
1763696384,89,74
1763696385,96,72
1763696387,97,72
1763696388,93,71
1763696389,96,71
1763696390,96,72
1763696391,93,70
1763696392,96,72
1763696393,93,70
1763696394,93,70
1763696395,96,71
1763696396,96,73
1763696397,94,70
1763696398,88,74
1763696399,90,76
1763696400,97,71
1763696401,96,71
1763696402,93,69
1763696403,97,71
1763696404,95,72
1763696405,96,70
1763696406,96,71
1763696407,95,71
1763696408,96,71
1763696409,95,72
1763696410,96,71
1763696411,94,76
1763696412,93,76
1763696413,96,71
1763696414,93,70
1763696415,97,71
1763696416,93,70
1763696417,94,69
1763696418,97,71
1763696419,93,68
1763696420,97,71
1763696421,93,70
1763696422,96,71
1763696423,93,69
1763696424,91,73
1763696425,94,76
1763696427,91,74
1763696428,91,75
1763696429,92,76
1763696430,77,64
1763696431,89,74
1763696432,91,74
1763696433,93,69
1763696434,96,71
1763696435,92,70
1763696436,96,72
1763696437,96,71
1763696438,93,70
1763696439,96,70
1763696440,96,72
1763696441,93,69
1763696442,97,71
1763696443,96,71
1763696444,96,71
1763696445,93,75
1763696446,92,73
1763696447,96,68
1763696448,93,66
1763696449,97,69
1763696450,97,68
1763696451,95,67
1763696452,96,70
1763696453,97,69
1763696454,97,68
1763696455,93,67
1763696456,96,68
1763696457,93,68
1763696458,96,69
1763696459,93,72
1763696460,94,67
1763696461,96,68
1763696462,97,68
1763696463,93,66
1763696464,97,68
1763696465,96,68
1763696467,93,67
1763696468,96,68
1763696469,96,68
1763696470,93,66
1763696471,96,69
1763696472,96,69
1763696473,90,73
1763696474,94,73
1763696475,95,68
1763696476,96,70
1763696477,96,68
1763696478,96,68
1763696479,96,70
1763696480,96,68
1763696481,95,69
1763696482,97,69
1763696483,97,69
1763696484,95,69
1763696485,97,69
1763696486,90,73
1763696487,94,74
1763696488,97,69
1763696489,94,69
1763696490,97,69
1763696491,96,68
1763696492,96,70
1763696493,97,69
1763696494,95,67
1763696495,96,68
1763696496,96,69
1763696497,94,69
1763696498,94,66
1763696499,96,69
1763696500,91,74
1763696501,96,70
1763696502,97,69
1763696503,96,68
1763696504,96,68
1763696506,93,68
1763696507,97,69
1763696508,96,69
1763696509,94,69
1763696510,96,68
1763696511,93,67
1763696512,96,69
1763696513,96,69
1763696514,94,73
1763696515,89,72
1763696516,93,68
1763696517,96,69
1763696518,97,68
1763696519,96,70
1763696520,96,68
1763696521,96,69
1763696522,94,69
1763696523,97,69
1763696524,96,69
1763696525,93,68
1763696526,96,69
1763696527,91,71
1763696528,94,74
1763696529,96,69
1763696530,93,68
1763696531,96,69
1763696532,97,69
1763696533,91,64
1763696534,96,69
1763696535,96,68
1763696536,93,68
1763696537,96,69
1763696538,97,69
1763696539,93,67
1763696540,95,68
1763696541,94,73
1763696542,94,73
1763696543,93,68
1763696544,97,69
1763696546,95,68
1763696547,95,70
1763696548,97,68
1763696549,96,69
1763696550,96,69
1763696551,96,69
1763696552,93,67
1763696553,96,68
1763696554,96,68
1763696555,93,71
1763696556,92,72
1763696557,96,69
1763696558,96,69
1763696559,96,68
1763696560,93,67
1763696561,96,68
1763696562,97,68
1763696563,93,67
1763696564,96,69
1763696565,95,68
1763696566,93,67
1763696567,97,69
1763696568,95,68
1763696569,92,73
1763696570,93,74
1763696571,89,72
1763696572,92,73
1763696573,87,70
1763696574,93,74
1763696575,87,72
1763696576,97,69
1763696577,93,67
1763696578,96,69
1763696579,97,69
1763696580,95,70
1763696581,94,67
1763696582,96,69
1763696583,96,69
1763696585,95,69
1763696586,97,69
1763696587,93,68
1763696588,96,70
1763696589,88,71
1763696590,89,73
1763696591,94,67
1763696592,96,69
1763696593,97,69
1763696594,96,71
1763696595,96,69
1763696596,93,68
1763696597,95,69
1763696598,92,68
1763696599,97,69
1763696600,95,68
1763696601,91,66
1763696602,95,69
1763696603,94,74
1763696604,92,72
1763696605,94,67
1763696606,94,69
1763696607,96,69
1763696608,92,66
1763696609,96,69
1763696610,97,70
1763696611,96,72
1763696612,97,70
1763696613,97,70
1763696614,93,69
1763696615,96,70
1763696616,90,74
1763696617,90,72
1763696618,92,68
1763696619,96,70
1763696620,96,70
1763696621,96,70
1763696622,95,71
1763696623,96,70
1763696625,94,70
1763696626,96,69
1763696627,93,69
1763696628,96,70
1763696629,96,70
1763696630,94,68
1763696631,90,72
1763696632,94,75
1763696633,96,70
1763696634,94,68
1763696635,95,69
1763696636,93,69
1763696637,96,69
1763696638,93,69
1763696639,96,70
1763696640,93,68
1763696641,96,70
1763696642,95,69
1763696643,96,70
1763696644,93,68
1763696645,94,75
1763696646,94,69
1763696647,96,70
1763696648,94,70
1763696649,97,70
1763696650,94,70
1763696651,94,69
1763696652,96,70
1763696653,94,68
1763696654,97,70
1763696655,94,69
1763696656,96,70
1763696657,96,70
1763696658,93,72
1763696659,93,74
1763696660,96,69
1763696661,93,68
1763696662,97,70
1763696664,94,69
1763696665,97,70
1763696666,93,68
1763696667,96,71
1763696668,96,70
1763696669,95,69
1763696670,92,68
1763696671,97,70
1763696672,93,67
1763696673,94,75
1763696674,92,74
1763696675,96,70
1763696676,94,67
1763696677,92,68
1763696678,95,69
1763696679,94,67
1763696680,97,70
1763696681,96,70
1763696682,94,68
1763696683,94,69
1763696684,96,70
1763696685,93,69
1763696686,94,72
1763696687,89,73
1763696688,97,70
1763696689,96,69
1763696690,97,69
1763696691,94,68
1763696692,96,69
1763696693,96,70
1763696694,95,70
1763696695,96,70
1763696696,93,70
1763696697,96,69
1763696698,96,71
1763696699,96,70
1763696700,89,73
1763696701,95,74
1763696703,93,69
1763696704,97,70
1763696705,93,69
1763696706,95,69
1763696707,95,70
1763696708,96,70
1763696709,96,70
1763696710,96,69
1763696711,94,70
1763696712,96,69
1763696713,96,71
1763696714,100,76
1763696715,100,75
1763696716,99,74
1763696717,100,74
1763696718,100,74
1763696719,99,74
1763696720,99,74
1763696721,100,74
1763696722,100,68
1763696723,100,69
1763696724,100,69
1763696725,19,7
1763696726,12,7
1763696727,13,7
1763696728,16,7
1763696729,13,7
1763696730,13,7
1763696731,14,7
1763696732,13,7
1763696733,14,7
1763696734,2,1
1763696735,2,1
1763696736,17,7
1763696737,13,7
1763696738,100,73
1763696739,100,73
1763696740,100,73
1763696742,100,73
1763696743,100,72
1763696744,100,72
1763696745,100,73
1763696746,100,73
1763696747,100,72
1763696748,100,76
1763696749,100,80
1763696750,100,72
