energy_cpu_pkg_joules,energy_cpu_ram_joules,energy_cpu_total_joules,energy_gpu_avg_watts,energy_gpu_max_watts,energy_gpu_min_watts,energy_gpu_total_joules,energy_gpu_temp_avg_celsius,energy_gpu_temp_max_celsius,energy_gpu_util_avg_percent,energy_gpu_util_max_percent,is_parallel,model_mnist_ff,model_mnist_rnn,model_siamese,hyperparam_batch_size,hyperparam_learning_rate,hyperparam_epochs,hyperparam_seed,perf_test_accuracy,hyperparam_l2_regularization,perf_eval_loss,perf_final_training_loss,perf_eval_samples_per_second,model_hrnet18,model_pcb,hyperparam_dropout,perf_map,perf_rank1,perf_rank5,hyperparam_alpha,hyperparam_kfold,hyperparam_max_iter,perf_top1_accuracy,perf_top5_accuracy,perf_top10_accuracy,perf_top20_accuracy,perf_accuracy,perf_precision,perf_recall,perf_best_val_accuracy,hyperparam_batch_size_x_is_parallel,hyperparam_learning_rate_x_is_parallel,hyperparam_epochs_x_is_parallel,hyperparam_l2_regularization_x_is_parallel,hyperparam_dropout_x_is_parallel,hyperparam_alpha_x_is_parallel,hyperparam_kfold_x_is_parallel,hyperparam_max_iter_x_is_parallel
-0.3690049103189322,-0.3870536271570846,-0.370491456309413,0.5642278757096271,0.0959870122473704,-0.2068762793565158,-0.3309640203842286,0.3444498650361649,0.2732305444899269,-0.0682314439096665,0.0179917238225518,False,0.0,0.0,0.0,0.0,2.4279246208386933,2.6562380438653435,-0.3433277257881738,0.4121332666023917,-0.3656825951445135,-999.0,-999.0,-999.0,0.0,0.0,0.0,-999.0,-999.0,-999.0,0.0,0.0,0.0,-999.0,-999.0,-999.0,-999.0,-999.0,-999.0,-999.0,0.1554120724241817,0.0,0.0,0.0,-0.0,0.0,0.0,0.0,0.0
-0.3264646843912068,-0.3693805095428839,-0.3296025623156116,0.6239879788903664,0.1471812775350421,-0.1093119306637929,-0.31898425289726,0.5645328996661898,0.4486642849865992,-0.05445705637734,0.2414031862414861,True,0.0,0.0,0.0,0.0,2.4279246208386933,2.6562380438653435,-0.3433277257881738,0.4121332666023917,-0.3656825951445135,-999.0,-999.0,-999.0,0.0,0.0,0.0,-999.0,-999.0,-999.0,0.0,0.0,0.0,-999.0,-999.0,-999.0,-999.0,-999.0,-999.0,-999.0,0.1554120724241817,0.0,2.4279246208386933,2.6562380438653435,-0.3656825951445135,0.0,0.0,0.0,0.0
-0.4683810452061547,-0.4856303119992078,-0.4698850893600025,0.6261657331027851,0.1289521894688564,-0.0992804387584051,-0.4135025165002572,0.5692562945107796,0.5363811552349353,-0.22110237256456,-0.1216404401892821,False,0.0,0.0,0.0,0.0,2.0606732518200936,2.107354017249904,-0.7698310860544334,0.4219174496729604,-0.04346122820259197,-999.0,-999.0,-999.0,0.0,0.0,0.0,-999.0,-999.0,-999.0,0.0,0.0,0.0,-999.0,-999.0,-999.0,-999.0,-999.0,-999.0,-999.0,0.6293335020693376,0.0,1.1665342552120495,0.0,-0.010673302472121182,0.0,0.0,0.0,0.0
-0.3782669038813274,-0.4037439586433562,-0.3802625608577473,0.6390887375599902,0.1077758835716105,-0.0999276317845593,-0.3271567991934678,0.5636329919185795,0.4486642849865992,-0.2153645886265898,-0.1495668729916489,False,0.0,0.0,0.0,0.0,1.0541725478563686,2.564961570689338,-0.7698310860544334,0.3994138286106529,-0.04346122820259197,-999.0,-999.0,-999.0,0.0,0.0,0.0,-999.0,-999.0,-999.0,0.0,0.0,0.0,-999.0,-999.0,-999.0,-999.0,-999.0,-999.0,-999.0,-0.4606857861144985,0.0,0.0,1.5116379815526777,-0.010673302472121182,0.0,0.0,0.0,0.0
-0.3817357528999968,-0.4122773355947002,-0.384076464412262,0.638037704402187,0.1118146635623224,-0.0976624561930201,-0.3308934481309137,0.5498382230653661,0.4486642849865992,-0.2031309296761707,-0.1216404401892821,False,0.0,0.0,0.0,0.0,2.0606732518200936,2.564961570689338,-0.7698310860544334,0.4339846087933277,1.616456102102224,-999.0,-999.0,-999.0,0.0,0.0,0.0,-999.0,-999.0,-999.0,0.0,0.0,0.0,-999.0,-999.0,-999.0,-999.0,-999.0,-999.0,-999.0,1.213836598631659,0.0,1.1665342552120495,1.5116379815526777,0.0,0.0,0.0,0.0,0.0
-0.3703163932972667,-0.3994380949840752,-0.3725528420910451,0.6898031323726872,0.1613715856105163,-0.0991186405018667,-0.3131548694810607,0.607774994186911,0.4486642849865992,-0.0573512739901758,0.0179917238225518,False,0.0,0.0,0.0,0.0,2.0606732518200936,2.564961570689338,2.092373861230525,0.4222435891086457,-0.04346122820259197,-999.0,-999.0,-999.0,0.0,0.0,0.0,-999.0,-999.0,-999.0,0.0,0.0,0.0,-999.0,-999.0,-999.0,-999.0,-999.0,-999.0,-999.0,0.6451308830574944,0.0,1.1665342552120495,1.5116379815526777,-0.010673302472121182,0.0,0.0,0.0,0.0
-0.4839679623734398,-0.4992820118525057,-0.4853523374952835,0.5807705896389919,0.0892193268575289,-0.0983096492191742,-0.4583426806670878,0.5187375114930137,0.4486642849865992,-0.219993377300716,0.0738445894272854,True,0.0,0.0,0.0,0.0,2.0606732518200936,1.815759378110451,-0.7698310860544334,0.414742382087877,-0.04346122820259197,-999.0,-999.0,-999.0,0.0,0.0,0.0,-999.0,-999.0,-999.0,0.0,0.0,0.0,-999.0,-999.0,-999.0,-999.0,-999.0,-999.0,-999.0,0.2817911203295715,0.0,1.1665342552120495,1.815759378110451,-0.010673302472121182,0.0,0.0,0.0,0.0
-0.3289180045549712,-0.370707355979031,-0.3319814565762119,0.5910678455409805,0.1062476965480978,-0.0949118858318653,-0.3219758468550068,0.5195865332366362,0.4486642849865992,-0.2279428441784773,0.129697455032019,True,0.0,0.0,0.0,0.0,2.660057080582782,2.564961570689338,-0.7698310860544334,0.4209390313659035,-0.04346122820259197,-999.0,-999.0,-999.0,0.0,0.0,0.0,-999.0,-999.0,-999.0,0.0,0.0,0.0,-999.0,-999.0,-999.0,-999.0,-999.0,-999.0,-999.0,0.581941359104822,0.0,2.660057080582782,1.5116379815526777,-0.010673302472121182,0.0,0.0,0.0,0.0
-0.3281674392164949,-0.3679531702444355,-0.3310948291255082,0.575588848685469,0.0955503873835098,-0.0952354823449423,-0.3230754038008553,0.5028134076913912,0.3609474147382631,-0.2224409520097406,0.0179917238225518,True,0.0,0.0,0.0,0.0,2.0606732518200936,2.564961570689338,-0.7698310860544334,0.4232220074157026,0.1749125572817639,-999.0,-999.0,-999.0,0.0,0.0,0.0,-999.0,-999.0,-999.0,0.0,0.0,0.0,-999.0,-999.0,-999.0,-999.0,-999.0,-999.0,-999.0,0.6925230260220101,0.0,1.1665342552120495,1.5116379815526777,0.1749125572817639,0.0,0.0,0.0,0.0
-0.3242254586997104,-0.3693225984018967,-0.3275092643973052,0.6727684798325756,0.177199236925468,-0.0591544711368542,-0.30517255564902,0.5938035445942087,0.4486642849865992,-0.0612419288049982,0.2134767534391194,True,0.0,0.0,0.0,0.0,2.0606732518200936,2.564961570689338,-0.2139390659321176,0.4105025694239638,-0.04346122820259197,-999.0,-999.0,-999.0,0.0,0.0,0.0,-999.0,-999.0,-999.0,0.0,0.0,0.0,-999.0,-999.0,-999.0,-999.0,-999.0,-999.0,-999.0,0.0606277864951729,0.0,1.1665342552120495,1.5116379815526777,-0.010673302472121182,0.0,0.0,0.0,0.0
1.642012741994363,1.8034540166398187,1.6541149541711626,0.0877999105595435,0.8908625769058475,1.3381352723297373,0.4136539124248142,-0.274001214492421,0.0100799337449185,1.0655324351316626,0.7720054094864554,False,0.0,0.0,0.0,0.0,2.0606732518200936,3.5824798387788976,-0.7698310860544334,0.4183299158804187,-0.04346122820259197,-999.0,-999.0,-999.0,0.0,0.0,0.0,-999.0,-999.0,-999.0,0.0,0.0,0.0,-999.0,-999.0,-999.0,-999.0,-999.0,-999.0,-999.0,0.4555623111994545,0.0,1.1665342552120495,0.0,-0.010673302472121182,0.0,0.0,0.0,0.0
0.2664602025396101,0.3669698677220375,0.2734504161252526,0.081798928730202,0.8880245152907528,0.965675685778082,-0.2698061677421988,-0.2802336888177422,0.0100799337449185,1.062273161112871,0.7720054094864554,False,0.0,0.0,0.0,0.0,2.0606732518200936,1.2668753514950115,-0.7698310860544334,0.420286752494532,-0.04346122820259197,-999.0,-999.0,-999.0,0.0,0.0,0.0,-999.0,-999.0,-999.0,0.0,0.0,0.0,-999.0,-999.0,-999.0,-999.0,-999.0,-999.0,-999.0,0.5503465971284633,0.0,1.1665342552120495,0.0,-0.010673302472121182,0.0,0.0,0.0,0.0
1.0869830705292192,1.2228011484565964,1.096952434711736,0.0803356665483692,0.8943555758167333,0.4890180220156251,0.1358756257281802,-0.2813936372164553,0.0100799337449185,1.062745818990875,0.7720054094864554,False,0.0,0.0,0.0,0.0,4.078511252158863,2.564961570689338,-0.7698310860544334,0.4258311229011874,-0.04346122820259197,-999.0,-999.0,-999.0,0.0,0.0,0.0,-999.0,-999.0,-999.0,0.0,0.0,0.0,-999.0,-999.0,-999.0,-999.0,-999.0,-999.0,-999.0,0.8189020739273775,0.0,0.0,1.5116379815526777,-0.010673302472121182,0.0,0.0,0.0,0.0
1.0919912020079616,1.239459117834669,1.102752148735037,0.1050717558873411,0.8919541390654989,1.0218196807969455,0.1469682625209478,-0.2503873405668929,0.0100799337449185,1.0629559084125184,0.7720054094864554,False,0.0,0.0,0.0,0.0,1.5210066089579706,2.564961570689338,-0.7698310860544334,0.4049581990173083,-0.04346122820259197,-999.0,-999.0,-999.0,0.0,0.0,0.0,-999.0,-999.0,-999.0,0.0,0.0,0.0,-999.0,-999.0,-999.0,-999.0,-999.0,-999.0,-999.0,-0.1921303093155843,0.0,0.0,1.5116379815526777,-0.010673302472121182,0.0,0.0,0.0,0.0
1.082427945174324,1.2221130278401604,1.092655586475133,0.096884465300802,0.8855139223235533,0.4744561789271589,0.1405820389721668,-0.2793810956627388,0.0977968039932546,1.057931796423248,0.7720054094864554,False,0.0,0.0,0.0,0.0,2.0606732518200936,2.564961570689338,-0.7698310860544334,0.4414858158140969,0.5494328439527043,-999.0,-999.0,-999.0,0.0,0.0,0.0,-999.0,-999.0,-999.0,0.0,0.0,0.0,-999.0,-999.0,-999.0,-999.0,-999.0,-999.0,-999.0,1.5771763613596044,0.0,1.1665342552120495,1.5116379815526777,0.0,0.0,0.0,0.0,0.0
1.0840513097195266,1.215361270108598,1.0937136408549748,0.115738601429252,0.8918449828495338,1.1792493844089178,0.1473956204168457,-0.2562383026699953,0.0100799337449185,1.0657760672688044,0.7720054094864554,False,0.0,0.0,0.0,0.0,2.0606732518200936,2.564961570689338,-0.7698310860544334,0.382128438519316,-0.7246184857777833,-999.0,-999.0,-999.0,0.0,0.0,0.0,-999.0,-999.0,-999.0,0.0,0.0,0.0,-999.0,-999.0,-999.0,-999.0,-999.0,-999.0,-999.0,-1.2979469784875548,0.0,1.1665342552120495,1.5116379815526777,-0.0,0.0,0.0,0.0,0.0
1.154545927441804,1.2987635327432314,1.1651320810817571,0.1106858463423077,0.8928273887932209,1.2928317604989537,0.1790538055693817,-0.2637544261813219,0.0977968039932546,1.0657500528837058,0.7720054094864554,False,0.0,0.0,0.0,0.0,2.0606732518200936,2.564961570689338,0.955031567187166,0.4121332666023917,-0.04346122820259197,-999.0,-999.0,-999.0,0.0,0.0,0.0,-999.0,-999.0,-999.0,0.0,0.0,0.0,-999.0,-999.0,-999.0,-999.0,-999.0,-999.0,-999.0,0.171209453412361,0.0,1.1665342552120495,1.5116379815526777,-0.010673302472121182,0.0,0.0,0.0,0.0
1.155278589839981,1.2966685120545782,1.1656740113738713,0.0969288603502894,0.8876970466428569,0.9350958152923032,0.1743468602066107,-0.2644230060574975,0.0977968039932546,1.063060845153292,0.7720054094864554,False,0.0,0.0,0.0,0.0,2.0606732518200936,2.564961570689338,-0.2158559349670221,0.4150685215235623,-0.04346122820259197,-999.0,-999.0,-999.0,0.0,0.0,0.0,-999.0,-999.0,-999.0,0.0,0.0,0.0,-999.0,-999.0,-999.0,-999.0,-999.0,-999.0,-999.0,0.3133858823059078,0.0,1.1665342552120495,1.5116379815526777,-0.010673302472121182,0.0,0.0,0.0,0.0
0.9695849716569072,1.1110411626956302,0.9798511372013028,0.0932630310868609,0.8830033293563538,1.0435006471731063,0.0727168069254815,-0.2496050877166616,0.0100799337449185,1.0644601147720054,0.7720054094864554,True,0.0,0.0,0.0,0.0,2.0606732518200936,2.364643404725891,-0.7698310860544334,0.4062627567600509,-0.04346122820259197,-999.0,-999.0,-999.0,0.0,0.0,0.0,-999.0,-999.0,-999.0,0.0,0.0,0.0,-999.0,-999.0,-999.0,-999.0,-999.0,-999.0,-999.0,-0.1289407853628894,0.0,1.1665342552120495,2.364643404725891,-0.010673302472121182,0.0,0.0,0.0,0.0
1.2000976748649688,1.3398037957457536,1.2104114860093316,0.0710202445366685,0.8999225428309576,1.2353933794277816,0.1803349037059737,-0.2730717633826345,0.0100799337449185,1.0648791983170705,0.7720054094864554,True,0.0,0.0,0.0,0.0,2.0606732518200936,2.7591537988557384,-0.7698310860544334,0.4026752229675093,-0.04346122820259197,-999.0,-999.0,-999.0,0.0,0.0,0.0,-999.0,-999.0,-999.0,0.0,0.0,0.0,-999.0,-999.0,-999.0,-999.0,-999.0,-999.0,-999.0,-0.3027119762327724,0.0,1.1665342552120495,2.7591537988557384,-0.010673302472121182,0.0,0.0,0.0,0.0
1.148262983145202,1.2842891540341452,1.1582905567626258,0.0610329876332967,0.8908625769058475,1.2722833819185624,0.15250976967669,-0.2487913678199999,0.0100799337449185,1.0654417433015808,0.7720054094864554,True,0.0,0.0,0.0,0.0,1.869231140480984,2.564961570689338,-0.7698310860544334,0.4098502905525927,-0.04346122820259197,-999.0,-999.0,-999.0,0.0,0.0,0.0,-999.0,-999.0,-999.0,0.0,0.0,0.0,-999.0,-999.0,-999.0,-999.0,-999.0,-999.0,-999.0,0.0448304055069936,0.0,1.869231140480984,1.5116379815526777,-0.010673302472121182,0.0,0.0,0.0,0.0
1.1677985481311763,1.3083427167700497,1.1781457812937488,0.060476150380158,0.884094891516006,1.2624136882697137,0.159472056149007,-0.2314227563212139,0.0100799337449185,1.0662397807124948,0.7720054094864554,True,0.0,0.0,0.0,0.0,1.1369332791168127,2.564961570689338,-0.7698310860544334,0.4075673145027931,-0.04346122820259197,-999.0,-999.0,-999.0,0.0,0.0,0.0,-999.0,-999.0,-999.0,0.0,0.0,0.0,-999.0,-999.0,-999.0,-999.0,-999.0,-999.0,-999.0,-0.0657512614102169,0.0,1.1369332791168127,1.5116379815526777,-0.010673302472121182,0.0,0.0,0.0,0.0
1.1661601204224117,1.2970074625562384,1.175850296372326,0.0588791747179227,0.892063295281464,1.2925081639858764,0.1559265043687462,-0.211855050935742,0.0100799337449185,1.0674922957418094,0.7720054094864554,True,0.0,0.0,0.0,0.0,2.0606732518200936,2.564961570689338,-0.7698310860544334,0.4447472101709528,1.2580865444838671,-999.0,-999.0,-999.0,0.0,0.0,0.0,-999.0,-999.0,-999.0,0.0,0.0,0.0,-999.0,-999.0,-999.0,-999.0,-999.0,-999.0,-999.0,1.7351501712413082,0.0,1.1665342552120495,1.5116379815526777,1.2580865444838671,0.0,0.0,0.0,0.0
1.1567895980012368,1.2898469203000604,1.1666225045913408,0.0582084575744592,0.8843132039479361,1.055959112926572,0.1497784483176464,-0.2028371580904013,0.0100799337449185,1.063594489037558,0.7720054094864554,True,0.0,0.0,0.0,0.0,2.0606732518200936,2.564961570689338,-0.7698310860544334,0.384411414569115,-0.7802601081036307,-999.0,-999.0,-999.0,0.0,0.0,0.0,-999.0,-999.0,-999.0,0.0,0.0,0.0,-999.0,-999.0,-999.0,-999.0,-999.0,-999.0,-999.0,-1.1873653115703668,0.0,1.1665342552120495,1.5116379815526777,-0.7802601081036307,0.0,0.0,0.0,0.0
1.2159260965234628,1.340388016962183,1.2252202151076816,0.0482050938537331,0.8988309806713055,1.1087053445581267,0.175047394581639,-0.2098414775104699,0.0977968039932546,1.0666549416594937,0.7720054094864554,True,0.0,0.0,0.0,0.0,2.0606732518200936,2.564961570689338,1.6169903405741997,0.4082195933741647,-0.04346122820259197,-999.0,-999.0,-999.0,0.0,0.0,0.0,-999.0,-999.0,-999.0,0.0,0.0,0.0,-999.0,-999.0,-999.0,-999.0,-999.0,-999.0,-999.0,-0.0499538804220375,0.0,1.1665342552120495,1.5116379815526777,-0.010673302472121182,0.0,0.0,0.0,0.0
1.2216234294694492,1.3372897709193694,1.2303267330069072,0.0620605277039181,0.8939189509528723,0.7653694441834039,0.1820025196220356,-0.1796034485103607,0.0977968039932546,1.0648596017215477,0.7720054094864554,True,0.0,0.0,0.0,0.0,2.0606732518200936,2.564961570689338,-0.6902810211058951,0.4124594060380775,-0.04346122820259197,-999.0,-999.0,-999.0,0.0,0.0,0.0,-999.0,-999.0,-999.0,0.0,0.0,0.0,-999.0,-999.0,-999.0,-999.0,-999.0,-999.0,-999.0,0.171209453412361,0.0,1.1665342552120495,1.5116379815526777,-0.010673302472121182,0.0,0.0,0.0,0.0
-0.6418164584320638,-0.6280780926768138,-0.6413494605357483,0.3742605655075752,-0.0117501729102671,-0.2272628596803684,-0.598147689123772,0.0833767554960748,0.1855136742415908,-0.2769749679958737,-0.1216404401892821,False,0.0,0.0,0.0,0.0,2.4279246208386933,1.0438912156824889,-0.7698310860544334,0.3958262948181112,-0.3656825951445135,-999.0,-999.0,-999.0,0.0,0.0,0.0,-999.0,-999.0,-999.0,0.0,0.0,0.0,-999.0,-999.0,-999.0,-999.0,-999.0,-999.0,-999.0,-0.6344569769843815,0.0,0.0,0.0,-0.0,0.0,0.0,0.0,0.0
-0.3510875241989015,-0.3743642742054852,-0.3529147813780842,0.5604910534433697,0.0585464301713119,-0.1093119306637929,-0.3161656418865334,0.4973178670921152,0.3609474147382631,-0.2375916580226942,-0.2054197385963825,False,0.0,0.0,0.0,0.0,2.4279246208386933,2.7591537988557384,-0.7698310860544334,0.4140901032165054,-0.3656825951445135,-999.0,-999.0,-999.0,0.0,0.0,0.0,-999.0,-999.0,-999.0,0.0,0.0,0.0,-999.0,-999.0,-999.0,-999.0,-999.0,-999.0,-999.0,0.2501963583532128,0.0,0.0,0.0,-0.0,0.0,0.0,0.0,0.0
-0.373004921055997,-0.4011788357513953,-0.3751791994187078,0.636352284849037,0.1224028165109453,-0.0929703067534033,-0.3250607611439496,0.5790352586897957,0.4486642849865992,-0.2153598647744562,-0.1774933057940157,False,0.0,0.0,0.0,0.0,3.465693378283942,2.6562380438653435,-0.7698310860544334,0.4193083341874756,-0.3656825951445135,-999.0,-999.0,-999.0,0.0,0.0,0.0,-999.0,-999.0,-999.0,0.0,0.0,0.0,-999.0,-999.0,-999.0,-999.0,-999.0,-999.0,-999.0,0.5029544541639701,0.0,0.0,0.0,-0.0,0.0,0.0,0.0,0.0
-0.3723410306422797,-0.3988657966496137,-0.3744032851930724,0.6343461069161318,0.1202196921916415,-0.0978242544495587,-0.3243739288275239,0.5920949449004488,0.5363811552349353,-0.2202567767593317,-0.0937140073869153,False,0.0,0.0,0.0,0.0,3.7259747294800474,2.6562380438653435,-0.7698310860544334,0.403001362403195,-0.3656825951445135,-999.0,-999.0,-999.0,0.0,0.0,0.0,-999.0,-999.0,-999.0,0.0,0.0,0.0,-999.0,-999.0,-999.0,-999.0,-999.0,-999.0,-999.0,-0.286914595244593,0.0,0.0,0.0,-0.0,0.0,0.0,0.0,0.0
-0.3637681150785745,-0.391100593950776,-0.3658788276878858,0.684356812179234,0.1568961807559437,-0.096368070140712,-0.3099271921575286,0.6170531123946487,0.5363811552349353,-0.0756593865135658,0.0459181566249186,False,0.0,0.0,0.0,0.0,2.4279246208386933,2.6562380438653435,1.8508483628325527,0.4091980116812216,-0.3656825951445135,-999.0,-999.0,-999.0,0.0,0.0,0.0,-999.0,-999.0,-999.0,0.0,0.0,0.0,-999.0,-999.0,-999.0,-999.0,-999.0,-999.0,-999.0,0.0132356435306573,0.0,0.0,0.0,-0.0,0.0,0.0,0.0,0.0
-0.3663719434094064,-0.3973277448757488,-0.3687296068286943,0.7013500748226827,0.1758893623338857,-0.0936174997795573,-0.3086485994135284,0.639171632045166,0.5363811552349353,-0.0645460496565828,0.0459181566249186,False,0.0,0.0,0.0,0.0,2.4279246208386933,2.6562380438653435,1.642868072545411,0.418656055316104,-0.3656825951445135,-999.0,-999.0,-999.0,0.0,0.0,0.0,-999.0,-999.0,-999.0,0.0,0.0,0.0,-999.0,-999.0,-999.0,-999.0,-999.0,-999.0,-999.0,0.4713596921876115,0.0,0.0,0.0,-0.0,0.0,0.0,0.0,0.0
-0.3726474795927811,-0.4051150900696699,-0.3751119189572718,0.639062752786225,0.1194555986798852,-0.1008984213237904,-0.3235956385956327,0.5934891822755107,0.5363811552349353,-0.2184346978188727,-0.1774933057940157,False,0.0,0.0,0.0,0.0,2.4279246208386933,2.6562380438653435,-0.7698310860544334,0.3870205300545998,-0.6901293736130827,-999.0,-999.0,-999.0,0.0,0.0,0.0,-999.0,-999.0,-999.0,0.0,0.0,0.0,-999.0,-999.0,-999.0,-999.0,-999.0,-999.0,-999.0,-1.0609862636649994,0.0,0.0,0.0,-0.0,0.0,0.0,0.0,0.0
-0.3681364325115884,-0.3973720298659154,-0.3703790149903009,0.6076578794011095,0.0975151992708832,-0.0986332457322512,-0.3237318610035392,0.5798011338995306,0.4486642849865992,-0.2410435402735212,-0.1216404401892821,False,0.0,0.0,0.0,0.0,2.4279246208386933,2.6562380438653435,-0.7698310860544334,0.4362675848431272,1.4043245715595902,-999.0,-999.0,-999.0,0.0,0.0,0.0,-999.0,-999.0,-999.0,0.0,0.0,0.0,-999.0,-999.0,-999.0,-999.0,-999.0,-999.0,-999.0,1.3244182655488697,0.0,0.0,0.0,0.0,0.0,0.0,0.0,0.0
-0.0263558441267819,-0.138648897699197,-0.0339701410532681,0.7455037098435469,0.2597213361951482,0.0869493545174222,-0.0448712447065812,0.7046830000202233,0.6240980254832715,0.1372821322213201,0.3251824846485865,True,0.0,0.0,0.0,0.0,2.4279246208386933,3.8912271037500825,-0.7698310860544334,0.4297447961294149,-0.3656825951445135,-999.0,-999.0,-999.0,0.0,0.0,0.0,-999.0,-999.0,-999.0,0.0,0.0,0.0,-999.0,-999.0,-999.0,-999.0,-999.0,-999.0,-999.0,1.0084706457854398,0.0,2.4279246208386933,3.8912271037500825,-0.3656825951445135,0.0,0.0,0.0,0.0
-0.2688247482094431,-0.3395188000197374,-0.2737999863118711,0.7376346894563887,0.2552459313405753,0.1204415936208943,-0.2622421214435488,0.8477686940580985,0.6240980254832715,0.1398589714918003,0.3251824846485865,True,0.0,0.0,0.0,0.0,1.6430451088750495,2.6562380438653435,-0.7698310860544334,0.4232220074157026,-0.3656825951445135,-999.0,-999.0,-999.0,0.0,0.0,0.0,-999.0,-999.0,-999.0,0.0,0.0,0.0,-999.0,-999.0,-999.0,-999.0,-999.0,-999.0,-999.0,0.6925230260220101,0.0,1.6430451088750495,2.6562380438653435,-0.3656825951445135,0.0,0.0,0.0,0.0
-0.2738970833361553,-0.3468309332037932,-0.2790274707941578,0.7399206555846903,0.2581931491716351,0.1155876459247388,-0.2670814091814506,0.8519010303926279,0.6240980254832715,0.1494201609362643,0.3531089174509533,True,0.0,0.0,0.0,0.0,2.4279246208386933,2.6562380438653435,-0.7698310860544334,0.3935433187683121,-0.7179970155962584,-999.0,-999.0,-999.0,0.0,0.0,0.0,-999.0,-999.0,-999.0,0.0,0.0,0.0,-999.0,-999.0,-999.0,-999.0,-999.0,-999.0,-999.0,-0.7450386439015696,0.0,2.4279246208386933,2.6562380438653435,-0.7179970155962584,0.0,0.0,0.0,0.0
-0.2614078687148535,-0.3388323826721542,-0.2668330023651645,0.7186024513807681,0.2417105605608923,0.117852821516278,-0.262502238840939,0.8793541636494431,0.7118148957316076,0.3013785925584427,0.4648146486604205,True,0.0,0.0,0.0,0.0,2.4279246208386933,2.6562380438653435,1.6080449517446451,0.4242004257227594,-0.3656825951445135,-999.0,-999.0,-999.0,0.0,0.0,0.0,-999.0,-999.0,-999.0,0.0,0.0,0.0,-999.0,-999.0,-999.0,-999.0,-999.0,-999.0,-999.0,0.7241177879983463,0.0,2.4279246208386933,2.6562380438653435,-0.3656825951445135,0.0,0.0,0.0,0.0
-0.579962540509521,-0.5840996909036196,-0.5806600649888751,0.6104843194239894,0.1731604569347561,-0.163676144860733,-0.5207222558584111,0.4777407213523593,0.4486642849865992,-0.0813660521394566,0.0738445894272854,False,0.0,0.0,0.0,0.0,3.288479771448616,1.4040963581488717,1.6796080623810812,0.3958262948181112,-0.5899658352525777,-999.0,-999.0,-999.0,0.0,0.0,0.0,-999.0,-999.0,-999.0,0.0,0.0,0.0,-999.0,-999.0,-999.0,-999.0,-999.0,-999.0,-999.0,-0.6344569769843815,0.0,0.0,0.0,-0.0,0.0,0.0,0.0,0.0
0.1953929376648646,0.2143893406405302,0.1968185465810726,0.5837637545139307,0.1564595558920828,-0.0971770614234045,0.028476517997634,0.7388023832622138,0.6240980254832715,-0.2272109344607058,-0.0099347089798149,False,0.0,0.0,0.0,0.0,2.389603504464005,4.320042749543395,-0.3008371288477899,0.3837591356977439,-0.7341461027064092,-999.0,-999.0,-999.0,0.0,0.0,0.0,-999.0,-999.0,-999.0,0.0,0.0,0.0,-999.0,-999.0,-999.0,-999.0,-999.0,-999.0,-999.0,-1.218960073546703,0.0,0.0,0.0,-0.0,0.0,0.0,0.0,0.0
-0.2852177915644091,-0.257080587555655,-0.2835200544827805,0.5576405526906498,0.0909658263129718,-0.0028486778614519,-0.3559173758679305,0.7996182861791186,0.6240980254832715,-0.1983601034561158,-0.0378611417821817,False,0.0,0.0,0.0,0.0,0.9939170257350398,2.210269772240298,-0.6177594759520068,0.4369198637144983,1.6246020749936765,-999.0,-999.0,-999.0,0.0,0.0,0.0,-999.0,-999.0,-999.0,0.0,0.0,0.0,-999.0,-999.0,-999.0,-999.0,-999.0,-999.0,-999.0,1.3876077895015422,0.0,0.0,0.0,0.0,0.0,0.0,0.0,0.0
0.048364855254546,0.0635205987558494,0.0494247973404582,0.5529797382080521,0.1185823489521636,0.0112277704573986,-0.1065233026663584,0.864925970505214,0.7118148957316076,-0.2014131493830683,-0.0099347089798149,False,0.0,0.0,0.0,0.0,1.487362263259703,3.651090342105828,1.476100466508716,0.3729965343201188,-0.6134696702665744,-999.0,-999.0,-999.0,0.0,0.0,0.0,-999.0,-999.0,-999.0,0.0,0.0,0.0,-999.0,-999.0,-999.0,-999.0,-999.0,-999.0,-999.0,-1.6928815031918365,0.0,0.0,0.0,-0.0,0.0,0.0,0.0,0.0
-0.0255176161151162,-0.0201797359279825,-0.0251749488145635,0.4296395665583965,0.0610570231385113,0.0201266745670167,-0.1981519617446097,0.9024816266803168,0.7118148957316076,-0.2130914988521125,0.0459181566249186,False,0.0,0.0,0.0,0.0,1.827298567061283,3.205122070480783,2.1192100277191885,0.3814761596479444,-0.7256256116270251,-999.0,-999.0,-999.0,0.0,0.0,0.0,-999.0,-999.0,-999.0,0.0,0.0,0.0,-999.0,-999.0,-999.0,-999.0,-999.0,-999.0,-999.0,-1.3295417404639136,0.0,0.0,0.0,-0.0,0.0,0.0,0.0,0.0
0.1718469905833073,0.1730220500183161,0.1720502354773521,0.4074040933866302,0.043810341016012,0.0235244379543254,-0.0687386344449613,0.9080122988855616,0.7118148957316076,-0.2311959751222528,-0.0099347089798149,False,0.0,0.0,0.0,0.0,0.7656913911129153,3.94268498124528,1.0812254453183814,0.4215913102372746,0.0942209838049087,-999.0,-999.0,-999.0,0.0,0.0,0.0,-999.0,-999.0,-999.0,0.0,0.0,0.0,-999.0,-999.0,-999.0,-999.0,-999.0,-999.0,-999.0,0.6293335020693376,0.0,0.0,0.0,0.0,0.0,0.0,0.0,0.0
0.0707146389870065,0.0527900049846982,0.0695531759367605,0.4355584805894282,0.070881082575378,0.1617001490382149,-0.1676857226612556,0.906049863776432,0.7118148957316076,0.061910367960156,0.4368882158580537,True,0.0,0.0,0.0,0.0,1.2194909373898362,2.879222179677866,0.7345916281731443,0.4307232144364717,2.2335720416149853,-999.0,-999.0,-999.0,0.0,0.0,0.0,-999.0,-999.0,-999.0,0.0,0.0,0.0,-999.0,-999.0,-999.0,-999.0,-999.0,-999.0,-999.0,1.0716601697381347,0.0,1.2194909373898362,2.879222179677866,2.2335720416149853,0.0,0.0,0.0,0.0
-0.2121352729547382,-0.2121773107955187,-0.2122908981569215,0.4507236813747538,0.0807051420122444,0.1524776484155196,-0.3642894888785836,0.910627357926345,0.7118148957316076,0.0507126105322819,0.408961783055687,True,0.0,0.0,0.0,0.0,3.3937763363142373,1.850064629773916,2.4227142915790734,0.4317016327435286,1.357551215259082,-999.0,-999.0,-999.0,0.0,0.0,0.0,-999.0,-999.0,-999.0,0.0,0.0,0.0,-999.0,-999.0,-999.0,-999.0,-999.0,-999.0,-999.0,1.119052312702628,0.0,3.3937763363142373,1.850064629773916,1.357551215259082,0.0,0.0,0.0,0.0
-0.1834025353971075,-0.1748961621506048,-0.1829592667150549,0.4215991570925307,0.0951137625196491,0.1587877804205216,-0.3537624056634292,0.8984586632575094,0.7118148957316076,0.0336838614983856,0.3810353502533202,True,0.0,0.0,0.0,0.0,0.7313158050006316,1.901522507269113,0.0946768486875129,0.3831068568263723,-0.6129287292901541,-999.0,-999.0,-999.0,0.0,0.0,0.0,-999.0,-999.0,-999.0,0.0,0.0,0.0,-999.0,-999.0,-999.0,-999.0,-999.0,-999.0,-999.0,-1.2505548355230618,0.0,0.7313158050006316,1.901522507269113,-0.6129287292901541,0.0,0.0,0.0,0.0
0.1329176025111075,0.1268481346941672,0.1326028023285617,0.4287277829485221,0.0776487679652193,0.1549046222635974,-0.1482138114259044,0.9151691871248482,0.7118148957316076,0.0012280606628134,0.3810353502533202,True,0.0,0.0,0.0,0.0,2.285135913738124,2.8963748055095984,0.4512144891797569,0.426483401772559,-0.0251331646287279,-999.0,-999.0,-999.0,0.0,0.0,0.0,-999.0,-999.0,-999.0,0.0,0.0,0.0,-999.0,-999.0,-999.0,-999.0,-999.0,-999.0,-999.0,0.8346994549155569,0.0,2.285135913738124,2.8963748055095984,-0.0251331646287279,0.0,0.0,0.0,0.0
0.5395875832133311,0.4973772408808709,0.5371211620174405,0.3763361673774384,0.0214333167431493,0.1608911577555224,0.0852157227980515,0.9033623956968247,0.7118148957316076,-0.0291498080687003,0.4648146486604205,True,0.0,0.0,0.0,0.0,2.8258667158279307,4.062753362067408,1.84669514659026,0.4352891665360703,0.2317311944067354,-999.0,-999.0,-999.0,0.0,0.0,0.0,-999.0,-999.0,-999.0,0.0,0.0,0.0,-999.0,-999.0,-999.0,-999.0,-999.0,-999.0,-999.0,1.2612287415961747,0.0,2.8258667158279307,4.062753362067408,0.2317311944067354,0.0,0.0,0.0,0.0
-0.5059725280295096,-0.5150713141157711,-0.5069523609792272,0.6129947743906969,0.1341916878351851,-0.1151366678991794,-0.4522244897825628,0.5214047458812923,0.3609474147382631,-0.0835274913789018,0.0459181566249186,False,0.0,0.0,0.0,0.0,1.4214760884911215,1.832912003942184,2.345720052010408,0.4251788440298163,0.2675374994989942,-999.0,-999.0,-999.0,0.0,0.0,0.0,-999.0,-999.0,-999.0,0.0,0.0,0.0,-999.0,-999.0,-999.0,-999.0,-999.0,-999.0,-999.0,0.8031046929392206,0.0,0.0,0.0,0.0,0.0,0.0,0.0,0.0
-0.1812951741210566,-0.2395539510627747,-0.1853662713054334,0.752483708895875,0.2231540038468109,-0.0206464860806882,-0.1232266663996152,0.8150974308854642,0.6240980254832715,-0.0472128071108352,0.0738445894272854,False,0.0,0.0,0.0,0.0,3.6132903714849136,3.73685347126449,1.5137988908618387,0.4222435891086457,-0.1403883335445817,-999.0,-999.0,-999.0,0.0,0.0,0.0,-999.0,-999.0,-999.0,0.0,0.0,0.0,-999.0,-999.0,-999.0,-999.0,-999.0,-999.0,-999.0,0.6451308830574944,0.0,0.0,0.0,-0.0,0.0,0.0,0.0,0.0
-0.4628717548675873,-0.4795939271857221,-0.4643361793855817,0.6694936480536184,0.1587518364273518,0.0497357555135644,-0.4095446170080415,0.8912624584361689,0.6240980254832715,-0.0373656887347653,0.0738445894272854,False,0.0,0.0,0.0,0.0,2.5077456710125543,2.090201391418171,1.5990995629150906,0.428766377822358,0.1351966213018987,-999.0,-999.0,-999.0,0.0,0.0,0.0,-999.0,-999.0,-999.0,0.0,0.0,0.0,-999.0,-999.0,-999.0,-999.0,-999.0,-999.0,-999.0,0.9768758838091036,0.0,0.0,0.0,0.0,0.0,0.0,0.0,0.0
-0.2621675707263101,-0.3092551190473858,-0.2655413096706103,0.6169073322860092,0.1222936602949799,0.023362639697787,-0.2295956586852176,0.8887153319447284,0.6240980254832715,-0.0414780011686888,0.0738445894272854,False,0.0,0.0,0.0,0.0,0.936088293372278,3.239427322144248,0.6106340972493176,0.3632123512495501,-0.7497729593207323,-999.0,-999.0,-999.0,0.0,0.0,0.0,-999.0,-999.0,-999.0,0.0,0.0,0.0,-999.0,-999.0,-999.0,-999.0,-999.0,-999.0,-999.0,-2.1826003138251493,0.0,0.0,0.0,-0.0,0.0,0.0,0.0,0.0
-0.5152037779220116,-0.5384197235467141,-0.517145120474232,0.7627424245907491,0.2683446772563974,0.1089539174066598,-0.4795681450016117,0.6399101717463749,0.6240980254832715,0.2859847059293613,0.4368882158580537,True,0.0,0.0,0.0,0.0,1.0721404405738275,1.421248983980604,1.461084992401964,0.4173514975733619,-0.1123773813043654,-999.0,-999.0,-999.0,0.0,0.0,0.0,-999.0,-999.0,-999.0,0.0,0.0,0.0,-999.0,-999.0,-999.0,-999.0,-999.0,-999.0,-999.0,0.3923727872467596,0.0,1.0721404405738275,1.421248983980604,-0.1123773813043654,0.0,0.0,0.0,0.0
-0.021262889751587,-0.1268282118624051,-0.0284184661283774,0.734715070664299,0.284063172355384,0.1141314616158924,-0.0490354510844685,0.8482648078436938,0.7118148957316076,0.3395567113643023,0.4927410814627873,True,0.0,0.0,0.0,0.0,0.9996115801022476,3.87407447791835,1.9054791303273328,0.3818022990836301,-0.6838999761703085,-999.0,-999.0,-999.0,0.0,0.0,0.0,-999.0,-999.0,-999.0,0.0,0.0,0.0,-999.0,-999.0,-999.0,-999.0,-999.0,-999.0,-999.0,-1.313744359475734,0.0,0.9996115801022476,3.87407447791835,-0.6838999761703085,0.0,0.0,0.0,0.0
-0.3360802918916503,-0.3903273098917121,-0.3399915180877146,0.7307336487576889,0.2747848939983436,0.1173674267466624,-0.3273055929075714,0.8762340729766617,0.7118148957316076,0.3162531436404981,0.5206675142651541,True,0.0,0.0,0.0,0.0,2.715162074247654,2.296032901398961,0.0464356446424154,0.4326800510505855,-0.2406868129923838,-999.0,-999.0,-999.0,0.0,0.0,0.0,-999.0,-999.0,-999.0,0.0,0.0,0.0,-999.0,-999.0,-999.0,-999.0,-999.0,-999.0,-999.0,1.1664444556671434,0.0,2.715162074247654,2.296032901398961,-0.2406868129923838,0.0,0.0,0.0,0.0
-0.2528843405726634,-0.3242149293794527,-0.257891152545282,0.7130112080362558,0.2726017696790394,0.1337090506570522,-0.2582972810330811,0.8956691133684385,0.7118148957316076,0.3234431866265664,0.5206675142651541,True,0.0,0.0,0.0,0.0,2.0763235801418927,2.707695921360541,1.5818477416009498,0.382128438519316,-0.7093558176635852,-999.0,-999.0,-999.0,0.0,0.0,0.0,-999.0,-999.0,-999.0,0.0,0.0,0.0,-999.0,-999.0,-999.0,-999.0,-999.0,-999.0,-999.0,-1.2979469784875548,0.0,2.0763235801418927,2.707695921360541,-0.7093558176635852,0.0,0.0,0.0,0.0
-0.5252567110399716,-0.549542069153955,-0.5272776270902453,0.704211507297824,0.2036150411890426,0.1243247517778185,-0.4961292334758321,0.8686169451859674,0.6240980254832715,0.3149764009833394,0.4648146486604205,True,0.0,0.0,0.0,0.0,1.3847033394286985,1.3697911064854065,2.0010031039000755,0.3902819244114562,1.7864441863959082,-999.0,-999.0,-999.0,0.0,0.0,0.0,-999.0,-999.0,-999.0,0.0,0.0,0.0,-999.0,-999.0,-999.0,-999.0,-999.0,-999.0,-999.0,-0.9030124537832732,0.0,1.3847033394286985,1.3697911064854065,1.7864441863959082,0.0,0.0,0.0,0.0
-0.4477982199469522,-0.487428963907515,-0.450801286010001,0.7252645434615221,0.2578656805237398,0.1199561988512788,-0.4263908102907371,0.8735782443959261,0.7118148957316076,0.3175577329749141,0.4648146486604205,True,0.0,0.0,0.0,0.0,2.509519074925129,1.747148874783521,-0.4420464810857575,0.4020229440961382,-0.0810360737432993,-999.0,-999.0,-999.0,0.0,0.0,0.0,-999.0,-999.0,-999.0,0.0,0.0,0.0,-999.0,-999.0,-999.0,-999.0,-999.0,-999.0,-999.0,-0.3343067382091086,0.0,2.509519074925129,1.747148874783521,-0.0810360737432993,0.0,0.0,0.0,0.0
-0.4719569414609583,-0.5083502152235548,-0.474758429769594,0.7255030392520213,0.2467317464952912,0.1406663756882084,-0.447257293992707,0.8765193694128859,0.7118148957316076,0.3123545977322691,0.4648146486604205,True,0.0,0.0,0.0,0.0,2.776380865048379,1.627080493961394,1.7770489049887286,0.3932171793326264,-0.7081426917148463,-999.0,-999.0,-999.0,0.0,0.0,0.0,-999.0,-999.0,-999.0,0.0,0.0,0.0,-999.0,-999.0,-999.0,-999.0,-999.0,-999.0,-999.0,-0.7766334058779059,0.0,2.776380865048379,1.627080493961394,-0.7081426917148463,0.0,0.0,0.0,0.0
-0.4611088708566045,-0.4990299280623263,-0.4640058830106899,0.7134452488235195,0.2443303097440568,0.1070123383281979,-0.4399141213313547,0.8567255623753253,0.6240980254832715,0.3074370694420921,0.4927410814627873,True,0.0,0.0,0.0,0.0,0.826418971001594,1.6785383714565911,0.9454472220126434,0.3632123512495501,-0.6883400966559005,-999.0,-999.0,-999.0,0.0,0.0,0.0,-999.0,-999.0,-999.0,0.0,0.0,0.0,-999.0,-999.0,-999.0,-999.0,-999.0,-999.0,-999.0,-2.214195075801508,0.0,0.826418971001594,1.6785383714565911,-0.6883400966559005,0.0,0.0,0.0,0.0
-0.5830980244329633,-0.5983015465962955,-0.5845463180806874,0.7374615727816011,0.2572107432279487,0.1398573844055156,-0.5437981854250744,0.8679333558820841,0.6240980254832715,0.3122112369202638,0.4648146486604205,True,0.0,0.0,0.0,0.0,1.713409162503305,1.078196467345954,0.9093461885219412,0.3700612793989482,-0.6713580794049777,-999.0,-999.0,-999.0,0.0,0.0,0.0,-999.0,-999.0,-999.0,0.0,0.0,0.0,-999.0,-999.0,-999.0,-999.0,-999.0,-999.0,-999.0,-1.8982474560380784,0.0,1.713409162503305,1.078196467345954,-0.6713580794049777,0.0,0.0,0.0,0.0
0.0476130552305318,-0.0797106855939358,0.0390353807432769,0.7127046876349811,0.2556825562044363,0.1369450157878225,0.0045020836978333,0.8962273828079356,0.7118148957316076,0.3244334174838393,0.4648146486604205,True,0.0,0.0,0.0,0.0,1.1802408262231343,4.182821742889535,-0.6388450353359567,0.3984354103035965,-0.4776979166574661,-999.0,-999.0,-999.0,0.0,0.0,0.0,-999.0,-999.0,-999.0,0.0,0.0,0.0,-999.0,-999.0,-999.0,-999.0,-999.0,-999.0,-999.0,-0.4922805480908347,0.0,1.1802408262231343,4.182821742889535,-0.4776979166574661,0.0,0.0,0.0,0.0
-0.4273082430401979,-0.470951541027814,-0.4305679545021095,0.7533033812728259,0.2648516783455115,0.1275607169085889,-0.4048095136931141,0.870489290485047,0.7118148957316076,0.3198789956268753,0.4927410814627873,True,0.0,0.0,0.0,0.0,2.0176937732220974,1.850064629773916,0.3291738272908346,0.4310493538721576,2.203107344010395,-999.0,-999.0,-999.0,0.0,0.0,0.0,-999.0,-999.0,-999.0,0.0,0.0,0.0,-999.0,-999.0,-999.0,-999.0,-999.0,-999.0,-999.0,1.0716601697381347,0.0,2.0176937732220974,1.850064629773916,2.203107344010395,0.0,0.0,0.0,0.0
-0.4716320956959425,-0.5082446125546959,-0.4744481792856095,0.7622397562222551,0.2693270832000844,0.1311202785524361,-0.4421369366804187,0.8650349322966325,0.7118148957316076,0.2989645335107474,0.4648146486604205,True,0.0,0.0,0.0,0.0,1.2375204139945266,1.627080493961394,0.5211802089537725,0.3801716019052022,-0.4654665685679428,-999.0,-999.0,-999.0,0.0,0.0,0.0,-999.0,-999.0,-999.0,0.0,0.0,0.0,-999.0,-999.0,-999.0,-999.0,-999.0,-999.0,-999.0,-1.376933883428429,0.0,1.2375204139945266,1.627080493961394,-0.4654665685679428,0.0,0.0,0.0,0.0
-0.2326708097578401,-0.30575660482422,-0.2377817829834608,0.7500875350378919,0.2828624539797674,0.1400191826620542,-0.2331904092810949,0.8740380790992988,0.7118148957316076,0.3220325146105572,0.4927410814627873,True,0.0,0.0,0.0,0.0,1.6305162699289992,2.810611676350936,0.3128804404941461,0.4274618200796158,0.4962447620589458,-999.0,-999.0,-999.0,0.0,0.0,0.0,-999.0,-999.0,-999.0,0.0,0.0,0.0,-999.0,-999.0,-999.0,-999.0,-999.0,-999.0,-999.0,0.9136863598564088,0.0,1.6305162699289992,2.810611676350936,0.4962447620589458,0.0,0.0,0.0,0.0
-0.2902824716407864,-0.3530597873976187,-0.2947376889519875,0.752700333875162,0.2668164902328849,0.1324146646047442,-0.2827286723359666,0.8795273457250978,0.7118148957316076,0.3206688868592738,0.4648146486604205,True,0.0,0.0,0.0,0.0,1.4990492922199576,2.536169663043216,0.1515439633896808,0.3723442554487473,-0.6861402581282819,-999.0,-999.0,-999.0,0.0,0.0,0.0,-999.0,-999.0,-999.0,0.0,0.0,0.0,-999.0,-999.0,-999.0,-999.0,-999.0,-999.0,-999.0,-1.7560710271445314,0.0,1.4990492922199576,2.536169663043216,-0.6861402581282819,0.0,0.0,0.0,0.0
-0.017908989956494,-0.1340347423776019,-0.0257764407480516,0.7326649320850578,0.2796969237167768,0.1204415936208943,-0.0474330862339159,0.8795788468241444,0.7118148957316076,0.3252574202055636,0.4927410814627873,True,0.0,0.0,0.0,0.0,2.270084966224639,3.87407447791835,2.3629718733245486,0.4307232144364717,0.3458888477659927,-999.0,-999.0,-999.0,0.0,0.0,0.0,-999.0,-999.0,-999.0,0.0,0.0,0.0,-999.0,-999.0,-999.0,-999.0,-999.0,-999.0,-999.0,1.040065407761776,0.0,2.270084966224639,3.87407447791835,0.3458888477659927,0.0,0.0,0.0,0.0
-0.5036450223220549,-0.5305829835560686,-0.5058297910884195,0.7562310947989667,0.2682355210404323,0.1311202785524361,-0.4718794498785384,0.8667255618961492,0.7118148957316076,0.3123087408973006,0.4927410814627873,True,0.0,0.0,0.0,0.0,1.1301279419446113,1.4727068614758014,1.9936551059329413,0.3919126215898842,-0.6181807392554305,-999.0,-999.0,-999.0,0.0,0.0,0.0,-999.0,-999.0,-999.0,0.0,0.0,0.0,-999.0,-999.0,-999.0,-999.0,-999.0,-999.0,-999.0,-0.8240255488424214,0.0,1.1301279419446113,1.4727068614758014,-0.6181807392554305,0.0,0.0,0.0,0.0
-0.4193348907736864,-0.4647737848995655,-0.4227103108852638,0.7081095060993455,0.2521895572935504,0.1375922088139765,-0.4042083081571779,0.838771363701095,0.7118148957316076,0.3256664153496275,0.4927410814627873,True,0.0,0.0,0.0,0.0,2.6429559838671466,1.884369881437381,2.073524649053964,0.4268095412082443,-0.2081267968956248,-999.0,-999.0,-999.0,0.0,0.0,0.0,-999.0,-999.0,-999.0,0.0,0.0,0.0,-999.0,-999.0,-999.0,-999.0,-999.0,-999.0,-999.0,0.8820915978800724,0.0,2.6429559838671466,1.884369881437381,-0.2081267968956248,0.0,0.0,0.0,0.0
-0.3773040960988897,-0.4307850549466572,-0.3811931971034313,0.7306456099288442,0.2387633427298325,0.1207651901339713,-0.3644684581618885,0.8768556099587098,0.7118148957316076,0.3271525675808144,0.4648146486604205,True,0.0,0.0,0.0,0.0,2.2169231081065823,2.090201391418171,0.2646392364490486,0.4013706652247666,-0.5238691042325265,-999.0,-999.0,-999.0,0.0,0.0,0.0,-999.0,-999.0,-999.0,0.0,0.0,0.0,-999.0,-999.0,-999.0,-999.0,-999.0,-999.0,-999.0,-0.3659015001854673,0.0,2.2169231081065823,2.090201391418171,-0.5238691042325265,0.0,0.0,0.0,0.0
0.0715052081369101,-0.0582222457499924,0.0627821578546131,0.7145962712020133,0.2529536508053067,0.1230303657255105,0.0252990372124321,0.8949981789122609,0.7118148957316076,0.3291932806247551,0.4648146486604205,True,0.0,0.0,0.0,0.0,1.263418174905662,4.302890123711663,1.2278659264885785,0.420286752494532,-0.0537680880823434,-999.0,-999.0,-999.0,0.0,0.0,0.0,-999.0,-999.0,-999.0,0.0,0.0,0.0,-999.0,-999.0,-999.0,-999.0,-999.0,-999.0,-999.0,0.5345492161403064,0.0,1.263418174905662,4.302890123711663,-0.0537680880823434,0.0,0.0,0.0,0.0
-0.3027937871332163,-0.3678152054673778,-0.3074098025746681,0.7241949286632777,0.2347245627391206,0.123839357008203,-0.3001476249714364,0.867901235470914,0.6240980254832715,0.321625902532493,0.4648146486604205,True,0.0,0.0,0.0,0.0,3.150848799280197,2.467559159716286,1.959790419649628,0.3612555146354368,-0.781088864378832,-999.0,-999.0,-999.0,0.0,0.0,0.0,-999.0,-999.0,-999.0,0.0,0.0,0.0,-999.0,-999.0,-999.0,-999.0,-999.0,-999.0,-999.0,-2.356371504695032,0.0,3.150848799280197,2.467559159716286,-0.781088864378832,0.0,0.0,0.0,0.0
-0.2533579659449936,-0.3284185969075798,-0.2586174128687274,0.7332330326973778,0.2529536508053067,0.1277225151651272,-0.2551715709709387,0.88264188406691,0.7118148957316076,0.3182877679837324,0.4648146486604205,True,0.0,0.0,0.0,0.0,1.5363188533033312,2.707695921360541,1.749893260327581,0.4232220074157026,0.6233410323284784,-999.0,-999.0,-999.0,0.0,0.0,0.0,-999.0,-999.0,-999.0,0.0,0.0,0.0,-999.0,-999.0,-999.0,-999.0,-999.0,-999.0,-999.0,0.6609282640456738,0.0,1.5363188533033312,2.707695921360541,0.6233410323284784,0.0,0.0,0.0,0.0
