timestamp,gpu_temp_c,memory_temp_c
1764783643,65,N/A
1764783645,65,N/A
1764783647,65,N/A
1764783649,65,N/A
1764783650,66,N/A
1764783651,71,N/A
1764783652,73,N/A
1764783653,72,N/A
1764783654,73,N/A
1764783655,74,N/A
1764783656,74,N/A
1764783657,75,N/A
1764783658,74,N/A
1764783659,74,N/A
1764783660,75,N/A
1764783661,75,N/A
1764783662,76,N/A
1764783663,77,N/A
1764783664,77,N/A
1764783665,77,N/A
1764783666,76,N/A
1764783667,77,N/A
1764783668,77,N/A
1764783669,78,N/A
1764783670,78,N/A
1764783671,78,N/A
1764783672,78,N/A
1764783673,78,N/A
1764783674,78,N/A
1764783675,78,N/A
1764783676,79,N/A
1764783677,79,N/A
1764783678,79,N/A
1764783679,79,N/A
1764783680,79,N/A
1764783681,80,N/A
1764783682,80,N/A
1764783683,80,N/A
1764783685,80,N/A
1764783686,80,N/A
1764783687,80,N/A
1764783688,81,N/A
1764783689,81,N/A
1764783690,80,N/A
1764783691,80,N/A
1764783692,81,N/A
1764783693,81,N/A
1764783694,81,N/A
1764783695,81,N/A
1764783696,81,N/A
1764783697,81,N/A
1764783698,82,N/A
1764783699,81,N/A
1764783700,81,N/A
1764783701,81,N/A
1764783702,81,N/A
1764783703,82,N/A
1764783704,82,N/A
1764783705,81,N/A
1764783706,81,N/A
1764783707,82,N/A
1764783708,82,N/A
1764783709,82,N/A
1764783710,82,N/A
1764783711,81,N/A
1764783712,82,N/A
1764783713,82,N/A
1764783714,83,N/A
1764783715,82,N/A
1764783716,81,N/A
1764783717,82,N/A
1764783718,82,N/A
1764783719,81,N/A
1764783720,82,N/A
1764783721,83,N/A
1764783722,83,N/A
1764783724,82,N/A
1764783725,81,N/A
1764783726,82,N/A
1764783727,82,N/A
1764783728,83,N/A
1764783729,83,N/A
1764783730,82,N/A
1764783731,82,N/A
1764783732,82,N/A
1764783733,82,N/A
1764783734,82,N/A
1764783735,83,N/A
1764783736,82,N/A
1764783737,82,N/A
1764783738,82,N/A
1764783739,82,N/A
1764783740,82,N/A
1764783741,83,N/A
1764783742,82,N/A
1764783743,82,N/A
1764783744,81,N/A
1764783745,83,N/A
1764783746,82,N/A
1764783747,82,N/A
1764783748,82,N/A
1764783749,82,N/A
1764783750,83,N/A
1764783751,82,N/A
1764783752,81,N/A
1764783753,82,N/A
1764783754,82,N/A
1764783755,82,N/A
1764783756,82,N/A
1764783757,83,N/A
1764783758,82,N/A
1764783759,82,N/A
1764783760,81,N/A
1764783761,81,N/A
1764783762,82,N/A
1764783764,82,N/A
1764783765,82,N/A
1764783766,82,N/A
1764783767,82,N/A
1764783768,82,N/A
1764783769,81,N/A
1764783770,82,N/A
1764783771,82,N/A
1764783772,82,N/A
1764783773,83,N/A
1764783774,82,N/A
1764783775,82,N/A
1764783776,82,N/A
1764783777,81,N/A
1764783778,82,N/A
1764783779,82,N/A
1764783780,82,N/A
1764783781,81,N/A
1764783782,82,N/A
1764783783,82,N/A
1764783784,82,N/A
1764783785,82,N/A
1764783786,82,N/A
1764783787,82,N/A
1764783788,81,N/A
1764783789,82,N/A
1764783790,82,N/A
1764783791,82,N/A
1764783792,82,N/A
1764783793,81,N/A
1764783794,82,N/A
1764783795,82,N/A
1764783796,82,N/A
1764783797,82,N/A
1764783798,82,N/A
1764783799,82,N/A
1764783800,81,N/A
1764783801,81,N/A
1764783803,81,N/A
1764783804,82,N/A
1764783805,82,N/A
1764783806,82,N/A
1764783807,82,N/A
1764783808,82,N/A
1764783809,81,N/A
1764783810,81,N/A
1764783811,82,N/A
1764783812,82,N/A
1764783813,82,N/A
1764783814,82,N/A
1764783815,82,N/A
1764783816,82,N/A
1764783817,81,N/A
1764783818,81,N/A
1764783819,81,N/A
1764783820,82,N/A
1764783821,82,N/A
1764783822,82,N/A
1764783823,82,N/A
1764783824,81,N/A
1764783825,81,N/A
1764783826,82,N/A
1764783827,82,N/A
1764783828,82,N/A
1764783829,82,N/A
1764783830,82,N/A
1764783831,81,N/A
1764783832,81,N/A
1764783833,81,N/A
1764783834,82,N/A
1764783835,82,N/A
1764783836,82,N/A
1764783837,82,N/A
1764783838,82,N/A
1764783839,81,N/A
1764783840,82,N/A
1764783841,82,N/A
1764783843,82,N/A
1764783844,82,N/A
1764783845,82,N/A
1764783846,81,N/A
1764783847,81,N/A
1764783848,82,N/A
1764783849,82,N/A
1764783850,82,N/A
1764783851,82,N/A
1764783852,82,N/A
1764783853,81,N/A
1764783854,81,N/A
1764783855,81,N/A
1764783856,82,N/A
1764783857,81,N/A
1764783858,82,N/A
1764783859,81,N/A
1764783860,82,N/A
1764783861,82,N/A
1764783862,82,N/A
1764783863,82,N/A
1764783864,82,N/A
1764783865,82,N/A
1764783866,81,N/A
1764783867,82,N/A
1764783868,82,N/A
1764783869,81,N/A
1764783870,82,N/A
1764783871,82,N/A
1764783872,82,N/A
1764783873,81,N/A
1764783874,81,N/A
1764783875,82,N/A
1764783876,82,N/A
1764783877,82,N/A
1764783878,82,N/A
1764783879,82,N/A
1764783880,81,N/A
1764783881,81,N/A
1764783883,82,N/A
1764783884,82,N/A
1764783885,82,N/A
1764783886,82,N/A
1764783887,82,N/A
1764783888,82,N/A
1764783889,82,N/A
1764783890,82,N/A
1764783891,82,N/A
1764783892,82,N/A
1764783893,83,N/A
1764783894,82,N/A
1764783895,82,N/A
1764783896,82,N/A
1764783897,82,N/A
1764783898,82,N/A
1764783899,82,N/A
1764783900,82,N/A
1764783901,82,N/A
1764783902,82,N/A
1764783903,82,N/A
1764783904,82,N/A
1764783905,82,N/A
1764783906,83,N/A
1764783907,82,N/A
1764783908,82,N/A
1764783909,81,N/A
1764783910,82,N/A
1764783911,81,N/A
1764783912,82,N/A
1764783913,82,N/A
1764783914,82,N/A
1764783915,82,N/A
1764783916,82,N/A
1764783917,82,N/A
1764783918,81,N/A
1764783919,82,N/A
1764783920,82,N/A
1764783922,83,N/A
1764783923,82,N/A
1764783924,82,N/A
1764783925,82,N/A
1764783926,82,N/A
1764783927,81,N/A
1764783928,81,N/A
1764783929,82,N/A
1764783930,82,N/A
1764783931,82,N/A
1764783932,82,N/A
1764783933,82,N/A
1764783934,82,N/A
1764783935,82,N/A
1764783936,82,N/A
1764783937,82,N/A
1764783938,82,N/A
1764783939,83,N/A
1764783940,82,N/A
1764783941,82,N/A
1764783942,82,N/A
1764783943,81,N/A
1764783944,82,N/A
1764783945,82,N/A
1764783946,82,N/A
1764783947,83,N/A
1764783948,82,N/A
1764783949,82,N/A
1764783950,82,N/A
1764783951,82,N/A
1764783952,83,N/A
1764783953,83,N/A
1764783954,82,N/A
1764783955,81,N/A
1764783956,82,N/A
1764783957,83,N/A
1764783958,83,N/A
1764783959,82,N/A
1764783960,81,N/A
1764783962,82,N/A
1764783963,82,N/A
1764783964,83,N/A
1764783965,82,N/A
1764783966,82,N/A
1764783967,82,N/A
1764783968,82,N/A
1764783969,82,N/A
1764783970,82,N/A
1764783971,82,N/A
1764783972,82,N/A
1764783973,82,N/A
1764783974,82,N/A
1764783975,81,N/A
1764783976,82,N/A
1764783977,82,N/A
1764783978,82,N/A
1764783979,82,N/A
1764783980,81,N/A
1764783981,82,N/A
1764783982,82,N/A
1764783983,83,N/A
1764783984,82,N/A
1764783985,82,N/A
1764783986,81,N/A
1764783987,82,N/A
1764783988,83,N/A
1764783989,83,N/A
1764783990,82,N/A
1764783991,83,N/A
1764783992,82,N/A
1764783993,82,N/A
1764783994,82,N/A
1764783995,81,N/A
1764783996,82,N/A
1764783997,81,N/A
1764783998,82,N/A
1764783999,82,N/A
1764784001,81,N/A
1764784002,82,N/A
1764784003,82,N/A
1764784004,83,N/A
1764784005,83,N/A
1764784006,83,N/A
1764784007,83,N/A
1764784008,82,N/A
1764784009,82,N/A
1764784010,82,N/A
1764784011,81,N/A
1764784012,81,N/A
1764784013,81,N/A
1764784014,82,N/A
1764784015,82,N/A
1764784016,82,N/A
1764784017,82,N/A
1764784018,83,N/A
1764784019,82,N/A
1764784020,82,N/A
1764784021,82,N/A
1764784022,82,N/A
1764784023,82,N/A
1764784024,82,N/A
1764784025,83,N/A
1764784026,83,N/A
1764784027,83,N/A
1764784028,82,N/A
1764784029,82,N/A
1764784030,81,N/A
1764784031,82,N/A
1764784032,82,N/A
1764784033,81,N/A
1764784034,82,N/A
1764784035,83,N/A
1764784036,82,N/A
1764784037,82,N/A
1764784038,82,N/A
1764784040,82,N/A
1764784041,82,N/A
1764784042,82,N/A
1764784043,83,N/A
1764784044,83,N/A
1764784045,82,N/A
1764784046,81,N/A
1764784047,82,N/A
1764784048,82,N/A
1764784049,82,N/A
1764784050,83,N/A
1764784051,82,N/A
1764784052,82,N/A
1764784053,82,N/A
1764784054,82,N/A
1764784055,82,N/A
1764784056,82,N/A
1764784057,83,N/A
1764784058,82,N/A
1764784059,82,N/A
1764784060,82,N/A
1764784061,82,N/A
1764784062,82,N/A
1764784063,79,N/A
1764784064,82,N/A
1764784065,83,N/A
1764784066,82,N/A
1764784067,82,N/A
1764784068,82,N/A
1764784069,82,N/A
1764784070,82,N/A
1764784071,82,N/A
1764784072,82,N/A
1764784073,83,N/A
1764784074,82,N/A
1764784075,82,N/A
1764784076,82,N/A
1764784077,82,N/A
1764784078,82,N/A
1764784080,82,N/A
1764784081,83,N/A
1764784082,82,N/A
1764784083,82,N/A
1764784084,81,N/A
1764784085,82,N/A
1764784086,82,N/A
1764784087,82,N/A
1764784088,82,N/A
1764784089,82,N/A
1764784090,81,N/A
1764784091,82,N/A
1764784092,82,N/A
1764784093,83,N/A
1764784094,83,N/A
1764784095,82,N/A
1764784096,82,N/A
1764784097,81,N/A
1764784098,82,N/A
1764784099,81,N/A
1764784100,82,N/A
1764784101,82,N/A
1764784102,82,N/A
1764784103,81,N/A
1764784104,83,N/A
1764784105,82,N/A
1764784106,82,N/A
1764784107,82,N/A
1764784108,82,N/A
1764784109,82,N/A
1764784110,81,N/A
1764784111,82,N/A
1764784112,82,N/A
1764784113,82,N/A
1764784114,81,N/A
1764784115,82,N/A
1764784116,82,N/A
1764784117,82,N/A
1764784119,82,N/A
1764784120,82,N/A
1764784121,82,N/A
1764784122,82,N/A
1764784123,83,N/A
1764784124,82,N/A
1764784125,82,N/A
1764784126,82,N/A
1764784127,82,N/A
1764784128,82,N/A
1764784129,83,N/A
1764784130,82,N/A
1764784131,83,N/A
1764784132,83,N/A
1764784133,82,N/A
1764784134,82,N/A
1764784135,82,N/A
1764784136,82,N/A
1764784137,81,N/A
1764784138,82,N/A
1764784139,82,N/A
1764784140,81,N/A
1764784141,82,N/A
1764784142,82,N/A
1764784143,82,N/A
1764784144,83,N/A
1764784145,83,N/A
1764784146,83,N/A
1764784147,82,N/A
1764784148,82,N/A
1764784149,81,N/A
1764784150,81,N/A
1764784151,82,N/A
1764784152,80,N/A
1764784153,82,N/A
1764784154,82,N/A
1764784155,82,N/A
1764784156,82,N/A
1764784157,83,N/A
1764784159,82,N/A
1764784160,82,N/A
1764784161,82,N/A
1764784162,82,N/A
1764784163,82,N/A
1764784164,82,N/A
1764784165,82,N/A
1764784166,82,N/A
1764784167,82,N/A
1764784168,82,N/A
1764784169,83,N/A
1764784170,83,N/A
1764784171,82,N/A
1764784172,82,N/A
1764784173,82,N/A
1764784174,82,N/A
1764784175,82,N/A
1764784176,82,N/A
1764784177,82,N/A
1764784178,82,N/A
1764784179,82,N/A
1764784180,82,N/A
1764784181,81,N/A
1764784182,81,N/A
1764784183,82,N/A
1764784184,82,N/A
1764784185,82,N/A
1764784186,82,N/A
1764784187,82,N/A
1764784188,82,N/A
1764784189,82,N/A
1764784190,83,N/A
1764784191,82,N/A
1764784192,81,N/A
1764784193,82,N/A
1764784194,82,N/A
1764784195,82,N/A
1764784196,82,N/A
1764784198,82,N/A
1764784199,82,N/A
1764784200,82,N/A
1764784201,82,N/A
1764784202,82,N/A
1764784203,82,N/A
1764784204,82,N/A
1764784205,82,N/A
1764784206,82,N/A
1764784207,82,N/A
1764784208,82,N/A
1764784209,82,N/A
1764784210,83,N/A
1764784211,82,N/A
1764784212,82,N/A
1764784213,82,N/A
1764784214,82,N/A
1764784215,82,N/A
1764784216,82,N/A
1764784217,83,N/A
1764784218,82,N/A
1764784219,82,N/A
1764784220,83,N/A
1764784221,83,N/A
1764784222,82,N/A
1764784223,82,N/A
1764784224,82,N/A
1764784225,82,N/A
1764784226,82,N/A
1764784227,82,N/A
1764784228,82,N/A
1764784229,82,N/A
1764784230,83,N/A
1764784231,83,N/A
1764784232,82,N/A
1764784233,82,N/A
1764784234,81,N/A
1764784235,82,N/A
1764784236,82,N/A
1764784238,82,N/A
1764784239,82,N/A
1764784240,82,N/A
1764784241,82,N/A
1764784242,82,N/A
1764784243,82,N/A
1764784244,82,N/A
1764784245,82,N/A
1764784246,82,N/A
1764784247,81,N/A
1764784248,82,N/A
1764784249,82,N/A
1764784250,82,N/A
1764784251,82,N/A
1764784252,83,N/A
1764784253,82,N/A
1764784254,82,N/A
1764784255,82,N/A
1764784256,82,N/A
1764784257,82,N/A
1764784258,82,N/A
1764784259,82,N/A
1764784260,82,N/A
1764784261,82,N/A
1764784262,82,N/A
1764784263,82,N/A
1764784264,83,N/A
1764784265,82,N/A
1764784266,82,N/A
1764784267,82,N/A
1764784268,82,N/A
1764784269,82,N/A
1764784270,82,N/A
1764784271,82,N/A
1764784272,82,N/A
1764784273,82,N/A
1764784274,82,N/A
1764784275,82,N/A
1764784277,82,N/A
1764784278,82,N/A
1764784279,82,N/A
1764784280,83,N/A
1764784281,82,N/A
1764784282,82,N/A
1764784283,82,N/A
1764784284,82,N/A
1764784285,82,N/A
1764784286,82,N/A
1764784287,83,N/A
1764784288,83,N/A
1764784289,82,N/A
1764784290,82,N/A
1764784291,82,N/A
1764784292,82,N/A
1764784293,82,N/A
1764784294,82,N/A
1764784295,83,N/A
1764784296,83,N/A
1764784297,82,N/A
1764784298,82,N/A
1764784299,81,N/A
1764784300,82,N/A
1764784301,82,N/A
1764784302,82,N/A
1764784303,83,N/A
1764784304,83,N/A
1764784305,82,N/A
1764784306,82,N/A
1764784307,82,N/A
1764784308,81,N/A
1764784309,82,N/A
1764784310,82,N/A
1764784311,83,N/A
1764784312,83,N/A
1764784313,83,N/A
1764784314,83,N/A
1764784315,82,N/A
1764784317,82,N/A
1764784318,82,N/A
1764784319,82,N/A
1764784320,82,N/A
1764784321,83,N/A
1764784322,83,N/A
1764784323,83,N/A
1764784324,82,N/A
1764784325,82,N/A
1764784326,82,N/A
1764784327,82,N/A
1764784328,82,N/A
1764784329,83,N/A
1764784330,83,N/A
1764784331,83,N/A
1764784332,82,N/A
1764784333,82,N/A
1764784334,82,N/A
1764784335,82,N/A
1764784336,82,N/A
1764784337,82,N/A
1764784338,81,N/A
1764784339,83,N/A
1764784340,83,N/A
1764784341,82,N/A
1764784342,82,N/A
1764784343,82,N/A
1764784344,82,N/A
1764784345,82,N/A
1764784346,81,N/A
1764784347,82,N/A
1764784348,78,N/A
1764784349,83,N/A
1764784350,83,N/A
1764784351,82,N/A
1764784352,82,N/A
1764784353,82,N/A
1764784354,82,N/A
1764784356,82,N/A
1764784357,82,N/A
1764784358,82,N/A
1764784359,82,N/A
1764784360,82,N/A
1764784361,82,N/A
1764784362,82,N/A
1764784363,82,N/A
1764784364,82,N/A
1764784365,82,N/A
1764784366,82,N/A
1764784367,83,N/A
1764784368,83,N/A
1764784369,82,N/A
1764784370,82,N/A
1764784371,82,N/A
1764784372,82,N/A
1764784373,82,N/A
1764784374,83,N/A
1764784375,83,N/A
1764784376,82,N/A
1764784377,82,N/A
1764784378,82,N/A
1764784379,82,N/A
1764784380,83,N/A
1764784381,83,N/A
1764784382,82,N/A
1764784383,82,N/A
1764784384,82,N/A
1764784385,83,N/A
1764784386,82,N/A
1764784387,82,N/A
1764784388,82,N/A
1764784389,83,N/A
1764784390,82,N/A
1764784391,83,N/A
1764784392,82,N/A
1764784394,82,N/A
1764784395,81,N/A
1764784396,82,N/A
1764784397,83,N/A
1764784398,83,N/A
1764784399,83,N/A
1764784400,82,N/A
1764784401,82,N/A
1764784402,82,N/A
1764784403,82,N/A
1764784404,83,N/A
1764784405,83,N/A
1764784406,82,N/A
1764784407,82,N/A
1764784408,82,N/A
1764784409,82,N/A
1764784410,82,N/A
1764784411,83,N/A
1764784412,83,N/A
1764784413,83,N/A
1764784414,82,N/A
1764784415,82,N/A
1764784416,83,N/A
1764784417,82,N/A
1764784418,83,N/A
1764784419,82,N/A
1764784420,82,N/A
1764784421,82,N/A
1764784422,82,N/A
1764784423,82,N/A
1764784424,82,N/A
1764784425,83,N/A
1764784426,82,N/A
1764784427,82,N/A
1764784428,83,N/A
1764784429,82,N/A
1764784430,82,N/A
1764784431,82,N/A
1764784433,82,N/A
1764784434,82,N/A
1764784435,82,N/A
1764784436,83,N/A
1764784437,83,N/A
1764784438,83,N/A
1764784439,83,N/A
1764784440,82,N/A
1764784441,82,N/A
1764784442,82,N/A
1764784443,82,N/A
1764784444,82,N/A
1764784445,82,N/A
1764784446,83,N/A
1764784447,83,N/A
1764784448,83,N/A
1764784449,82,N/A
1764784450,82,N/A
1764784451,82,N/A
1764784452,82,N/A
1764784453,82,N/A
1764784454,82,N/A
1764784455,83,N/A
1764784456,82,N/A
1764784457,82,N/A
1764784458,82,N/A
1764784459,82,N/A
1764784460,82,N/A
1764784461,82,N/A
1764784462,82,N/A
1764784463,82,N/A
1764784464,82,N/A
1764784465,82,N/A
1764784466,82,N/A
1764784467,82,N/A
1764784468,82,N/A
1764784469,82,N/A
1764784470,82,N/A
1764784471,82,N/A
1764784473,81,N/A
1764784474,82,N/A
1764784475,82,N/A
1764784476,82,N/A
1764784477,82,N/A
1764784478,82,N/A
1764784479,81,N/A
1764784480,82,N/A
1764784481,82,N/A
1764784482,83,N/A
1764784483,83,N/A
1764784484,82,N/A
1764784485,82,N/A
1764784486,82,N/A
1764784487,82,N/A
1764784488,82,N/A
1764784489,82,N/A
1764784490,82,N/A
1764784491,82,N/A
1764784492,82,N/A
1764784493,82,N/A
1764784494,82,N/A
1764784495,83,N/A
1764784496,83,N/A
1764784497,83,N/A
1764784498,82,N/A
1764784499,82,N/A
1764784500,82,N/A
1764784501,81,N/A
1764784502,81,N/A
1764784503,81,N/A
1764784504,83,N/A
1764784505,83,N/A
1764784506,83,N/A
1764784507,82,N/A
1764784508,82,N/A
1764784509,82,N/A
1764784510,82,N/A
1764784512,81,N/A
1764784513,83,N/A
1764784514,83,N/A
1764784515,83,N/A
1764784516,83,N/A
1764784517,82,N/A
1764784518,82,N/A
1764784519,82,N/A
1764784520,82,N/A
1764784521,82,N/A
1764784522,82,N/A
1764784523,82,N/A
1764784524,83,N/A
1764784525,82,N/A
1764784526,82,N/A
1764784527,82,N/A
1764784528,82,N/A
1764784529,82,N/A
1764784530,82,N/A
1764784531,82,N/A
1764784532,82,N/A
1764784533,82,N/A
1764784534,82,N/A
1764784535,82,N/A
1764784536,82,N/A
1764784537,82,N/A
1764784538,82,N/A
1764784539,83,N/A
1764784540,83,N/A
1764784541,82,N/A
1764784542,81,N/A
1764784543,82,N/A
1764784544,82,N/A
1764784545,83,N/A
1764784546,83,N/A
1764784547,83,N/A
1764784548,82,N/A
1764784549,81,N/A
1764784550,82,N/A
1764784552,82,N/A
1764784553,83,N/A
1764784554,83,N/A
1764784555,82,N/A
1764784556,81,N/A
1764784557,82,N/A
1764784558,83,N/A
1764784559,82,N/A
1764784560,82,N/A
1764784561,82,N/A
1764784562,82,N/A
1764784563,82,N/A
1764784564,82,N/A
1764784565,82,N/A
1764784566,82,N/A
1764784567,82,N/A
1764784568,82,N/A
1764784569,82,N/A
1764784570,82,N/A
1764784571,82,N/A
1764784572,82,N/A
1764784573,82,N/A
1764784574,82,N/A
1764784575,82,N/A
1764784576,82,N/A
1764784577,82,N/A
1764784578,82,N/A
1764784579,82,N/A
1764784580,82,N/A
1764784581,82,N/A
1764784582,83,N/A
1764784583,83,N/A
1764784584,81,N/A
1764784585,82,N/A
1764784586,82,N/A
1764784587,82,N/A
1764784588,82,N/A
1764784589,83,N/A
1764784591,82,N/A
1764784592,81,N/A
1764784593,82,N/A
1764784594,82,N/A
1764784595,83,N/A
1764784596,83,N/A
1764784597,83,N/A
1764784598,82,N/A
1764784599,82,N/A
1764784600,82,N/A
1764784601,83,N/A
1764784602,83,N/A
1764784603,83,N/A
1764784604,82,N/A
1764784605,82,N/A
1764784606,82,N/A
1764784607,82,N/A
1764784608,83,N/A
1764784609,83,N/A
1764784610,82,N/A
1764784611,82,N/A
1764784612,82,N/A
1764784613,82,N/A
1764784614,83,N/A
1764784615,83,N/A
1764784616,82,N/A
1764784617,82,N/A
1764784618,82,N/A
1764784619,82,N/A
1764784620,81,N/A
1764784621,83,N/A
1764784622,82,N/A
1764784623,82,N/A
1764784624,82,N/A
1764784625,82,N/A
1764784626,82,N/A
1764784627,83,N/A
1764784628,82,N/A
1764784630,82,N/A
1764784631,82,N/A
1764784632,82,N/A
1764784633,82,N/A
1764784634,82,N/A
1764784635,83,N/A
1764784636,82,N/A
1764784637,82,N/A
1764784638,82,N/A
1764784639,82,N/A
1764784640,82,N/A
1764784641,82,N/A
1764784642,82,N/A
1764784643,83,N/A
1764784644,83,N/A
1764784645,82,N/A
1764784646,82,N/A
1764784647,82,N/A
1764784648,82,N/A
1764784649,82,N/A
1764784650,82,N/A
1764784651,81,N/A
1764784652,82,N/A
1764784653,82,N/A
1764784654,82,N/A
1764784655,82,N/A
1764784656,82,N/A
1764784657,82,N/A
1764784658,83,N/A
1764784659,82,N/A
1764784660,82,N/A
1764784661,82,N/A
1764784662,82,N/A
1764784663,82,N/A
1764784664,82,N/A
1764784665,82,N/A
1764784666,82,N/A
1764784667,82,N/A
1764784669,82,N/A
1764784670,82,N/A
1764784671,82,N/A
1764784672,83,N/A
1764784673,83,N/A
1764784674,83,N/A
1764784675,82,N/A
1764784676,81,N/A
1764784677,82,N/A
1764784678,82,N/A
1764784679,83,N/A
1764784680,83,N/A
1764784681,82,N/A
1764784682,82,N/A
1764784683,81,N/A
1764784684,82,N/A
1764784685,82,N/A
1764784686,83,N/A
1764784687,83,N/A
1764784688,82,N/A
1764784689,82,N/A
1764784690,81,N/A
1764784691,81,N/A
1764784692,83,N/A
1764784693,83,N/A
1764784694,83,N/A
1764784695,82,N/A
1764784696,80,N/A
1764784697,83,N/A
1764784698,83,N/A
1764784699,82,N/A
1764784700,82,N/A
1764784701,81,N/A
1764784702,83,N/A
1764784703,83,N/A
1764784704,83,N/A
1764784705,82,N/A
1764784706,82,N/A
1764784708,82,N/A
1764784709,83,N/A
1764784710,83,N/A
1764784711,82,N/A
1764784712,82,N/A
1764784713,81,N/A
1764784714,82,N/A
1764784715,81,N/A
1764784716,83,N/A
1764784717,82,N/A
1764784718,82,N/A
1764784719,82,N/A
1764784720,82,N/A
1764784721,82,N/A
1764784722,81,N/A
1764784723,82,N/A
1764784724,82,N/A
1764784725,82,N/A
1764784726,82,N/A
1764784727,82,N/A
1764784728,81,N/A
1764784729,82,N/A
1764784730,82,N/A
1764784731,82,N/A
1764784732,83,N/A
1764784733,83,N/A
1764784734,82,N/A
1764784735,82,N/A
1764784736,82,N/A
1764784737,82,N/A
1764784738,83,N/A
1764784739,83,N/A
1764784740,82,N/A
1764784741,82,N/A
1764784742,82,N/A
1764784743,82,N/A
1764784744,83,N/A
1764784745,82,N/A
1764784746,82,N/A
1764784748,82,N/A
1764784749,82,N/A
1764784750,83,N/A
1764784751,83,N/A
1764784752,82,N/A
1764784753,83,N/A
1764784754,82,N/A
1764784755,82,N/A
1764784756,82,N/A
1764784757,82,N/A
1764784758,82,N/A
1764784759,81,N/A
1764784760,82,N/A
1764784761,82,N/A
1764784762,82,N/A
1764784763,82,N/A
1764784764,81,N/A
1764784765,82,N/A
1764784766,82,N/A
1764784767,82,N/A
1764784768,82,N/A
1764784769,83,N/A
1764784770,83,N/A
1764784771,82,N/A
1764784772,82,N/A
1764784773,81,N/A
1764784774,82,N/A
1764784775,83,N/A
1764784776,83,N/A
1764784777,83,N/A
1764784778,82,N/A
1764784779,82,N/A
1764784780,83,N/A
1764784781,83,N/A
1764784782,83,N/A
1764784783,83,N/A
1764784784,82,N/A
1764784786,82,N/A
1764784787,83,N/A
1764784788,83,N/A
1764784789,83,N/A
1764784790,82,N/A
1764784791,82,N/A
1764784792,82,N/A
1764784793,82,N/A
1764784794,82,N/A
1764784795,83,N/A
1764784796,83,N/A
1764784797,82,N/A
1764784798,82,N/A
1764784799,82,N/A
1764784800,82,N/A
1764784801,82,N/A
1764784802,82,N/A
1764784803,82,N/A
1764784804,82,N/A
1764784805,83,N/A
1764784806,83,N/A
1764784807,82,N/A
1764784808,82,N/A
1764784809,82,N/A
1764784810,82,N/A
1764784811,83,N/A
1764784812,81,N/A
1764784813,82,N/A
1764784814,82,N/A
1764784815,83,N/A
1764784816,82,N/A
1764784817,83,N/A
1764784818,82,N/A
1764784819,82,N/A
1764784820,82,N/A
1764784821,82,N/A
1764784822,82,N/A
1764784823,82,N/A
1764784825,82,N/A
1764784826,83,N/A
1764784827,83,N/A
1764784828,83,N/A
1764784829,83,N/A
1764784830,83,N/A
1764784831,81,N/A
1764784832,81,N/A
1764784833,82,N/A
1764784834,82,N/A
1764784835,82,N/A
1764784836,80,N/A
1764784837,82,N/A
1764784838,82,N/A
1764784839,82,N/A
1764784840,82,N/A
1764784841,83,N/A
1764784842,82,N/A
1764784843,82,N/A
1764784844,82,N/A
1764784845,82,N/A
1764784846,82,N/A
1764784847,82,N/A
1764784848,82,N/A
1764784849,82,N/A
1764784850,82,N/A
1764784851,82,N/A
1764784852,83,N/A
1764784853,82,N/A
1764784854,82,N/A
1764784855,82,N/A
1764784856,83,N/A
1764784857,83,N/A
1764784858,82,N/A
1764784859,82,N/A
1764784860,82,N/A
1764784861,83,N/A
1764784862,82,N/A
1764784863,81,N/A
1764784865,82,N/A
1764784866,82,N/A
1764784867,83,N/A
1764784868,82,N/A
1764784869,81,N/A
1764784870,82,N/A
1764784871,82,N/A
1764784872,83,N/A
1764784873,83,N/A
1764784874,82,N/A
1764784875,81,N/A
1764784876,82,N/A
1764784877,83,N/A
1764784878,83,N/A
1764784879,82,N/A
1764784880,82,N/A
1764784881,82,N/A
1764784882,81,N/A
1764784883,83,N/A
1764784884,83,N/A
1764784885,82,N/A
1764784886,82,N/A
1764784887,81,N/A
1764784888,83,N/A
1764784889,83,N/A
1764784890,82,N/A
1764784891,82,N/A
1764784892,82,N/A
1764784893,81,N/A
1764784894,83,N/A
1764784895,82,N/A
1764784896,82,N/A
1764784897,82,N/A
1764784898,82,N/A
1764784899,82,N/A
1764784900,82,N/A
1764784901,82,N/A
1764784902,82,N/A
1764784904,82,N/A
1764784905,82,N/A
1764784906,82,N/A
1764784907,82,N/A
1764784908,83,N/A
1764784909,81,N/A
1764784910,83,N/A
1764784911,82,N/A
1764784912,83,N/A
1764784913,83,N/A
1764784914,82,N/A
1764784915,82,N/A
1764784916,82,N/A
1764784917,82,N/A
1764784918,81,N/A
1764784919,83,N/A
1764784920,83,N/A
1764784921,82,N/A
1764784922,82,N/A
1764784923,83,N/A
1764784924,82,N/A
1764784925,82,N/A
1764784926,82,N/A
1764784927,82,N/A
1764784928,83,N/A
1764784929,83,N/A
1764784930,83,N/A
1764784931,82,N/A
1764784932,81,N/A
1764784933,82,N/A
1764784934,82,N/A
1764784935,83,N/A
1764784936,83,N/A
1764784937,82,N/A
1764784938,82,N/A
1764784939,82,N/A
1764784940,82,N/A
1764784941,81,N/A
1764784943,82,N/A
1764784944,82,N/A
1764784945,82,N/A
1764784946,83,N/A
1764784947,82,N/A
1764784948,82,N/A
1764784949,82,N/A
1764784950,82,N/A
1764784951,82,N/A
1764784952,83,N/A
1764784953,82,N/A
1764784954,82,N/A
1764784955,83,N/A
1764784956,82,N/A
1764784957,83,N/A
1764784958,83,N/A
1764784959,82,N/A
1764784960,83,N/A
1764784961,82,N/A
1764784962,82,N/A
1764784963,82,N/A
1764784964,83,N/A
1764784965,83,N/A
1764784966,82,N/A
1764784967,82,N/A
1764784968,82,N/A
1764784969,83,N/A
1764784970,83,N/A
1764784971,82,N/A
1764784972,82,N/A
1764784973,82,N/A
1764784974,82,N/A
1764784975,83,N/A
1764784976,82,N/A
1764784977,81,N/A
1764784978,82,N/A
1764784979,83,N/A
1764784980,83,N/A
1764784981,82,N/A
1764784983,82,N/A
1764784984,83,N/A
1764784985,83,N/A
1764784986,83,N/A
1764784987,82,N/A
1764784988,82,N/A
1764784989,82,N/A
1764784990,83,N/A
1764784991,83,N/A
1764784992,82,N/A
1764784993,82,N/A
1764784994,82,N/A
1764784995,82,N/A
1764784996,82,N/A
1764784997,82,N/A
1764784998,82,N/A
1764784999,82,N/A
1764785000,82,N/A
1764785001,82,N/A
1764785002,81,N/A
1764785003,82,N/A
1764785004,82,N/A
1764785005,82,N/A
1764785006,83,N/A
1764785007,83,N/A
1764785008,83,N/A
1764785009,82,N/A
1764785010,82,N/A
1764785011,83,N/A
1764785012,83,N/A
1764785013,82,N/A
1764785014,83,N/A
1764785015,82,N/A
1764785016,82,N/A
1764785017,83,N/A
1764785018,83,N/A
1764785019,83,N/A
1764785020,82,N/A
1764785022,82,N/A
1764785023,82,N/A
1764785024,83,N/A
1764785025,83,N/A
1764785026,83,N/A
1764785027,82,N/A
1764785028,81,N/A
1764785029,82,N/A
1764785030,82,N/A
1764785031,83,N/A
1764785032,82,N/A
1764785033,82,N/A
1764785034,81,N/A
1764785035,82,N/A
1764785036,82,N/A
1764785037,83,N/A
1764785038,82,N/A
1764785039,82,N/A
1764785040,82,N/A
1764785041,82,N/A
1764785042,82,N/A
1764785043,82,N/A
1764785044,79,N/A
1764785045,82,N/A
1764785046,82,N/A
1764785047,82,N/A
1764785048,82,N/A
1764785049,82,N/A
1764785050,82,N/A
1764785051,82,N/A
1764785052,83,N/A
1764785053,82,N/A
1764785054,82,N/A
1764785055,82,N/A
1764785056,82,N/A
1764785057,83,N/A
1764785058,81,N/A
1764785059,81,N/A
1764785061,82,N/A
1764785062,82,N/A
1764785063,82,N/A
1764785064,81,N/A
1764785065,81,N/A
1764785066,82,N/A
1764785067,83,N/A
1764785068,83,N/A
1764785069,82,N/A
1764785070,81,N/A
1764785071,82,N/A
1764785072,82,N/A
1764785073,83,N/A
1764785074,83,N/A
1764785075,82,N/A
1764785076,82,N/A
1764785077,82,N/A
1764785078,83,N/A
1764785079,83,N/A
1764785080,82,N/A
1764785081,81,N/A
1764785082,81,N/A
1764785083,83,N/A
1764785084,83,N/A
1764785085,82,N/A
1764785086,82,N/A
1764785087,81,N/A
1764785088,81,N/A
1764785089,83,N/A
1764785090,83,N/A
1764785091,83,N/A
1764785092,82,N/A
1764785093,82,N/A
1764785094,82,N/A
1764785095,83,N/A
1764785096,83,N/A
1764785097,82,N/A
1764785098,82,N/A
1764785099,82,N/A
1764785101,82,N/A
1764785102,83,N/A
1764785103,83,N/A
1764785104,83,N/A
1764785105,82,N/A
1764785106,82,N/A
1764785107,82,N/A
1764785108,83,N/A
1764785109,83,N/A
1764785110,82,N/A
1764785111,83,N/A
1764785112,82,N/A
1764785113,82,N/A
1764785114,82,N/A
1764785115,83,N/A
1764785116,82,N/A
1764785117,82,N/A
1764785118,82,N/A
1764785119,82,N/A
1764785120,83,N/A
1764785121,83,N/A
1764785122,83,N/A
1764785123,82,N/A
1764785124,82,N/A
1764785125,83,N/A
1764785126,83,N/A
1764785127,83,N/A
1764785128,82,N/A
1764785129,82,N/A
1764785130,82,N/A
1764785131,83,N/A
1764785132,83,N/A
1764785133,82,N/A
1764785134,82,N/A
1764785135,82,N/A
1764785136,82,N/A
1764785137,83,N/A
1764785138,83,N/A
1764785140,82,N/A
1764785141,82,N/A
1764785142,82,N/A
1764785143,83,N/A
1764785144,82,N/A
1764785145,82,N/A
1764785146,82,N/A
1764785147,82,N/A
1764785148,83,N/A
1764785149,83,N/A
1764785150,82,N/A
1764785151,82,N/A
1764785152,82,N/A
1764785153,82,N/A
1764785154,82,N/A
1764785155,82,N/A
1764785156,82,N/A
1764785157,82,N/A
1764785158,83,N/A
1764785159,82,N/A
1764785160,83,N/A
1764785161,82,N/A
1764785162,82,N/A
1764785163,82,N/A
1764785164,82,N/A
1764785165,83,N/A
1764785166,82,N/A
1764785167,82,N/A
1764785168,82,N/A
1764785169,83,N/A
1764785170,83,N/A
1764785171,83,N/A
1764785172,82,N/A
1764785173,81,N/A
1764785174,82,N/A
1764785175,83,N/A
1764785176,83,N/A
1764785177,83,N/A
1764785178,82,N/A
1764785180,82,N/A
1764785181,82,N/A
1764785182,82,N/A
1764785183,82,N/A
1764785184,83,N/A
1764785185,82,N/A
1764785186,82,N/A
1764785187,81,N/A
1764785188,83,N/A
1764785189,83,N/A
1764785190,83,N/A
1764785191,83,N/A
1764785192,82,N/A
1764785193,82,N/A
1764785194,83,N/A
1764785195,83,N/A
1764785196,83,N/A
1764785197,82,N/A
1764785198,82,N/A
1764785199,82,N/A
1764785200,83,N/A
1764785201,83,N/A
1764785202,82,N/A
1764785203,82,N/A
1764785204,82,N/A
1764785205,82,N/A
1764785206,81,N/A
1764785207,82,N/A
1764785208,82,N/A
1764785209,82,N/A
1764785210,82,N/A
1764785211,82,N/A
1764785212,82,N/A
1764785213,82,N/A
1764785214,82,N/A
1764785215,82,N/A
1764785216,82,N/A
1764785217,82,N/A
1764785219,83,N/A
1764785220,82,N/A
1764785221,82,N/A
1764785222,82,N/A
1764785223,82,N/A
1764785224,82,N/A
1764785225,82,N/A
1764785226,82,N/A
1764785227,82,N/A
1764785228,83,N/A
1764785229,83,N/A
1764785230,82,N/A
1764785231,81,N/A
1764785232,82,N/A
1764785233,82,N/A
1764785234,83,N/A
1764785235,83,N/A
1764785236,83,N/A
1764785237,81,N/A
1764785238,82,N/A
1764785239,82,N/A
1764785240,83,N/A
1764785241,83,N/A
1764785242,82,N/A
1764785243,81,N/A
1764785244,82,N/A
1764785245,81,N/A
1764785246,82,N/A
1764785247,83,N/A
1764785248,82,N/A
1764785249,82,N/A
1764785250,82,N/A
1764785251,83,N/A
1764785252,82,N/A
1764785253,82,N/A
1764785254,82,N/A
1764785255,83,N/A
1764785256,83,N/A
1764785257,83,N/A
1764785259,82,N/A
1764785260,82,N/A
1764785261,82,N/A
1764785262,83,N/A
1764785263,82,N/A
1764785264,82,N/A
1764785265,82,N/A
1764785266,82,N/A
1764785267,82,N/A
1764785268,82,N/A
1764785269,82,N/A
1764785270,81,N/A
1764785271,81,N/A
1764785272,82,N/A
1764785273,82,N/A
1764785274,82,N/A
1764785275,82,N/A
1764785276,81,N/A
1764785277,82,N/A
1764785278,82,N/A
1764785279,83,N/A
1764785280,83,N/A
1764785281,82,N/A
1764785282,83,N/A
1764785283,82,N/A
1764785284,81,N/A
1764785285,81,N/A
1764785286,83,N/A
1764785287,83,N/A
1764785288,83,N/A
1764785289,82,N/A
1764785290,82,N/A
1764785291,82,N/A
1764785292,81,N/A
1764785293,83,N/A
1764785294,83,N/A
1764785295,83,N/A
1764785296,82,N/A
1764785298,82,N/A
1764785299,82,N/A
1764785300,81,N/A
1764785301,83,N/A
1764785302,83,N/A
1764785303,83,N/A
1764785304,82,N/A
1764785305,82,N/A
1764785306,82,N/A
1764785307,82,N/A
1764785308,83,N/A
1764785309,82,N/A
1764785310,82,N/A
1764785311,82,N/A
1764785312,82,N/A
1764785313,81,N/A
1764785314,83,N/A
1764785315,82,N/A
1764785316,82,N/A
1764785317,82,N/A
1764785318,82,N/A
1764785319,82,N/A
1764785320,82,N/A
1764785321,80,N/A
1764785322,82,N/A
1764785323,81,N/A
1764785324,82,N/A
1764785325,82,N/A
1764785326,82,N/A
1764785327,83,N/A
1764785328,83,N/A
1764785329,82,N/A
1764785330,82,N/A
1764785331,82,N/A
1764785332,82,N/A
1764785333,83,N/A
1764785334,83,N/A
1764785335,82,N/A
1764785337,82,N/A
1764785338,82,N/A
1764785339,82,N/A
1764785340,83,N/A
1764785341,83,N/A
1764785342,82,N/A
1764785343,81,N/A
1764785344,82,N/A
1764785345,82,N/A
1764785346,83,N/A
1764785347,83,N/A
1764785348,82,N/A
1764785349,82,N/A
1764785350,82,N/A
1764785351,82,N/A
1764785352,83,N/A
1764785353,82,N/A
1764785354,82,N/A
1764785355,82,N/A
1764785356,82,N/A
1764785357,83,N/A
1764785358,83,N/A
1764785359,83,N/A
1764785360,82,N/A
1764785361,82,N/A
1764785362,82,N/A
1764785363,83,N/A
1764785364,82,N/A
1764785365,83,N/A
1764785366,82,N/A
1764785367,82,N/A
1764785368,82,N/A
1764785369,82,N/A
1764785370,83,N/A
1764785371,81,N/A
1764785372,82,N/A
1764785373,82,N/A
1764785374,82,N/A
1764785375,82,N/A
1764785377,82,N/A
1764785378,82,N/A
1764785379,82,N/A
1764785380,82,N/A
1764785381,82,N/A
1764785382,83,N/A
1764785383,82,N/A
1764785384,81,N/A
1764785385,82,N/A
1764785386,82,N/A
1764785387,83,N/A
1764785388,83,N/A
1764785389,82,N/A
1764785390,83,N/A
1764785391,82,N/A
1764785392,83,N/A
1764785393,83,N/A
1764785394,82,N/A
1764785395,82,N/A
1764785396,81,N/A
1764785397,83,N/A
1764785398,83,N/A
1764785399,83,N/A
1764785400,82,N/A
1764785401,82,N/A
1764785402,81,N/A
1764785403,81,N/A
1764785404,83,N/A
1764785405,83,N/A
1764785406,82,N/A
1764785407,82,N/A
1764785408,82,N/A
1764785409,81,N/A
1764785410,83,N/A
1764785411,83,N/A
1764785412,82,N/A
1764785413,82,N/A
1764785414,82,N/A
1764785416,82,N/A
1764785417,83,N/A
1764785418,83,N/A
1764785419,82,N/A
1764785420,82,N/A
1764785421,82,N/A
1764785422,82,N/A
1764785423,82,N/A
1764785424,83,N/A
1764785425,82,N/A
1764785426,82,N/A
1764785427,82,N/A
1764785428,83,N/A
1764785429,83,N/A
1764785430,81,N/A
1764785431,83,N/A
1764785432,82,N/A
1764785433,82,N/A
1764785434,83,N/A
1764785435,83,N/A
1764785436,83,N/A
1764785437,82,N/A
1764785438,82,N/A
1764785439,82,N/A
1764785440,83,N/A
1764785441,83,N/A
1764785442,82,N/A
1764785443,82,N/A
1764785444,82,N/A
1764785445,82,N/A
1764785446,83,N/A
1764785447,83,N/A
1764785448,82,N/A
1764785449,82,N/A
1764785450,82,N/A
1764785451,82,N/A
1764785452,83,N/A
1764785453,83,N/A
1764785455,83,N/A
1764785456,82,N/A
1764785457,82,N/A
1764785458,82,N/A
1764785459,82,N/A
1764785460,82,N/A
1764785461,83,N/A
1764785462,82,N/A
1764785463,83,N/A
1764785464,81,N/A
1764785465,82,N/A
1764785466,82,N/A
1764785467,82,N/A
1764785468,81,N/A
1764785469,83,N/A
1764785470,83,N/A
1764785471,82,N/A
1764785472,81,N/A
1764785473,82,N/A
1764785474,82,N/A
1764785475,82,N/A
1764785476,82,N/A
1764785477,83,N/A
1764785478,82,N/A
1764785479,81,N/A
1764785480,82,N/A
1764785481,82,N/A
1764785482,82,N/A
1764785483,83,N/A
1764785484,82,N/A
1764785485,82,N/A
1764785486,81,N/A
1764785487,82,N/A
1764785488,83,N/A
1764785489,83,N/A
1764785490,83,N/A
1764785491,82,N/A
1764785492,82,N/A
1764785493,82,N/A
1764785495,82,N/A
1764785496,83,N/A
1764785497,83,N/A
1764785498,82,N/A
1764785499,82,N/A
1764785500,82,N/A
1764785501,82,N/A
1764785502,82,N/A
1764785503,82,N/A
1764785504,83,N/A
1764785505,83,N/A
1764785506,82,N/A
1764785507,82,N/A
1764785508,82,N/A
1764785509,82,N/A
1764785510,83,N/A
1764785511,83,N/A
1764785512,82,N/A
1764785513,82,N/A
1764785514,82,N/A
1764785515,82,N/A
1764785516,82,N/A
1764785517,83,N/A
1764785518,83,N/A
1764785519,82,N/A
1764785520,82,N/A
1764785521,82,N/A
1764785522,82,N/A
1764785523,81,N/A
1764785524,83,N/A
1764785525,82,N/A
1764785526,82,N/A
1764785527,82,N/A
1764785528,82,N/A
1764785529,82,N/A
1764785530,82,N/A
1764785531,82,N/A
1764785532,82,N/A
1764785533,82,N/A
1764785535,81,N/A
1764785536,82,N/A
1764785537,82,N/A
1764785538,82,N/A
1764785539,82,N/A
1764785540,83,N/A
1764785541,81,N/A
1764785542,82,N/A
1764785543,82,N/A
1764785544,82,N/A
1764785545,83,N/A
1764785546,82,N/A
1764785547,81,N/A
1764785548,82,N/A
1764785549,82,N/A
1764785550,82,N/A
1764785551,83,N/A
1764785552,83,N/A
1764785553,82,N/A
1764785554,82,N/A
1764785555,82,N/A
1764785556,82,N/A
1764785557,82,N/A
1764785558,83,N/A
1764785559,83,N/A
1764785560,82,N/A
1764785561,82,N/A
1764785562,82,N/A
1764785563,82,N/A
1764785564,82,N/A
1764785565,83,N/A
1764785566,82,N/A
1764785567,82,N/A
1764785568,82,N/A
1764785569,82,N/A
1764785570,82,N/A
1764785571,81,N/A
1764785572,82,N/A
1764785574,82,N/A
1764785575,82,N/A
1764785576,82,N/A
1764785577,83,N/A
1764785578,83,N/A
1764785579,82,N/A
1764785580,82,N/A
1764785581,82,N/A
1764785582,83,N/A
1764785583,83,N/A
1764785584,83,N/A
1764785585,82,N/A
1764785586,82,N/A
1764785587,82,N/A
1764785588,82,N/A
1764785589,83,N/A
1764785590,83,N/A
1764785591,83,N/A
1764785592,82,N/A
1764785593,82,N/A
1764785594,82,N/A
1764785595,82,N/A
1764785596,82,N/A
1764785597,83,N/A
1764785598,82,N/A
1764785599,83,N/A
1764785600,83,N/A
1764785601,83,N/A
1764785602,83,N/A
1764785603,82,N/A
1764785604,81,N/A
1764785605,81,N/A
1764785606,82,N/A
1764785607,83,N/A
1764785608,83,N/A
1764785609,82,N/A
1764785610,82,N/A
1764785611,80,N/A
1764785613,82,N/A
1764785614,81,N/A
1764785615,83,N/A
1764785616,83,N/A
1764785617,83,N/A
1764785618,82,N/A
1764785619,82,N/A
1764785620,82,N/A
1764785621,83,N/A
1764785622,83,N/A
1764785623,82,N/A
1764785624,82,N/A
1764785625,82,N/A
1764785626,82,N/A
1764785627,81,N/A
1764785628,81,N/A
1764785629,83,N/A
1764785630,82,N/A
1764785631,82,N/A
1764785632,82,N/A
1764785633,83,N/A
1764785634,82,N/A
1764785635,81,N/A
1764785636,83,N/A
1764785637,82,N/A
1764785638,82,N/A
1764785639,83,N/A
1764785640,83,N/A
1764785641,82,N/A
1764785642,81,N/A
1764785643,82,N/A
1764785644,82,N/A
1764785645,82,N/A
1764785646,82,N/A
1764785647,83,N/A
1764785648,82,N/A
1764785649,82,N/A
1764785650,82,N/A
1764785651,82,N/A
1764785653,83,N/A
1764785654,83,N/A
1764785655,82,N/A
1764785656,81,N/A
1764785657,82,N/A
1764785658,82,N/A
1764785659,82,N/A
1764785660,83,N/A
1764785661,83,N/A
1764785662,82,N/A
1764785663,82,N/A
1764785664,82,N/A
1764785665,82,N/A
1764785666,83,N/A
1764785667,83,N/A
1764785668,82,N/A
1764785669,82,N/A
1764785670,82,N/A
1764785671,83,N/A
1764785672,82,N/A
1764785673,82,N/A
1764785674,82,N/A
1764785675,83,N/A
1764785676,83,N/A
1764785677,82,N/A
1764785678,83,N/A
1764785679,82,N/A
1764785680,82,N/A
1764785681,82,N/A
1764785682,83,N/A
1764785683,82,N/A
1764785684,81,N/A
1764785685,82,N/A
1764785686,82,N/A
1764785687,82,N/A
1764785688,82,N/A
1764785689,82,N/A
1764785690,81,N/A
1764785692,81,N/A
1764785693,82,N/A
1764785694,82,N/A
1764785695,82,N/A
1764785696,82,N/A
1764785697,82,N/A
1764785698,81,N/A
1764785699,82,N/A
1764785700,82,N/A
1764785701,83,N/A
1764785702,82,N/A
1764785703,82,N/A
1764785704,81,N/A
1764785705,82,N/A
1764785706,83,N/A
1764785707,83,N/A
1764785708,83,N/A
1764785709,82,N/A
1764785710,82,N/A
1764785711,83,N/A
1764785712,83,N/A
1764785713,83,N/A
1764785714,83,N/A
1764785715,83,N/A
1764785716,82,N/A
1764785717,83,N/A
1764785718,83,N/A
1764785719,83,N/A
1764785720,83,N/A
1764785721,82,N/A
1764785722,82,N/A
1764785723,82,N/A
1764785724,83,N/A
1764785725,83,N/A
1764785726,82,N/A
1764785727,82,N/A
1764785728,82,N/A
1764785729,82,N/A
1764785730,81,N/A
1764785732,81,N/A
1764785733,83,N/A
1764785734,82,N/A
1764785735,82,N/A
1764785736,82,N/A
1764785737,81,N/A
1764785738,82,N/A
1764785739,81,N/A
1764785740,82,N/A
1764785741,82,N/A
1764785742,82,N/A
1764785743,82,N/A
1764785744,82,N/A
1764785745,82,N/A
1764785746,83,N/A
1764785747,83,N/A
1764785748,82,N/A
1764785749,82,N/A
1764785750,82,N/A
1764785751,83,N/A
1764785752,83,N/A
1764785753,82,N/A
1764785754,82,N/A
1764785755,82,N/A
1764785756,82,N/A
1764785757,83,N/A
1764785758,82,N/A
1764785759,82,N/A
1764785760,82,N/A
1764785761,83,N/A
1764785762,82,N/A
1764785763,81,N/A
1764785764,82,N/A
1764785765,82,N/A
1764785766,82,N/A
1764785767,83,N/A
1764785768,82,N/A
1764785770,82,N/A
1764785771,82,N/A
1764785772,82,N/A
1764785773,82,N/A
1764785774,83,N/A
1764785775,82,N/A
1764785776,83,N/A
1764785777,82,N/A
1764785778,82,N/A
1764785779,82,N/A
1764785780,83,N/A
1764785781,82,N/A
1764785782,81,N/A
1764785783,82,N/A
1764785784,82,N/A
1764785785,83,N/A
1764785786,82,N/A
1764785787,81,N/A
1764785788,82,N/A
1764785789,83,N/A
1764785790,83,N/A
1764785791,83,N/A
1764785792,81,N/A
1764785793,81,N/A
1764785794,83,N/A
1764785795,83,N/A
1764785796,83,N/A
1764785797,82,N/A
1764785798,82,N/A
1764785799,82,N/A
1764785800,83,N/A
1764785801,83,N/A
1764785802,82,N/A
1764785803,83,N/A
1764785804,83,N/A
1764785805,83,N/A
1764785806,82,N/A
1764785807,82,N/A
1764785808,83,N/A
1764785810,83,N/A
1764785811,82,N/A
1764785812,82,N/A
1764785813,83,N/A
1764785814,83,N/A
1764785815,82,N/A
1764785816,81,N/A
1764785817,82,N/A
1764785818,81,N/A
1764785819,83,N/A
1764785820,82,N/A
1764785821,82,N/A
1764785822,82,N/A
1764785823,82,N/A
1764785824,82,N/A
1764785825,82,N/A
1764785826,82,N/A
1764785827,82,N/A
1764785828,83,N/A
1764785829,82,N/A
1764785830,82,N/A
1764785831,82,N/A
1764785832,82,N/A
1764785833,82,N/A
1764785834,82,N/A
1764785835,82,N/A
1764785836,82,N/A
1764785837,82,N/A
1764785838,81,N/A
1764785839,82,N/A
1764785840,82,N/A
1764785841,83,N/A
1764785842,83,N/A
1764785843,81,N/A
1764785844,82,N/A
1764785845,82,N/A
1764785846,83,N/A
1764785847,83,N/A
1764785849,82,N/A
1764785850,82,N/A
1764785851,82,N/A
1764785852,83,N/A
1764785853,83,N/A
1764785854,82,N/A
1764785855,82,N/A
1764785856,82,N/A
1764785857,82,N/A
1764785858,82,N/A
1764785859,82,N/A
1764785860,82,N/A
1764785861,82,N/A
1764785862,82,N/A
1764785863,83,N/A
1764785864,82,N/A
1764785865,82,N/A
1764785866,82,N/A
1764785867,82,N/A
1764785868,83,N/A
1764785869,82,N/A
1764785870,82,N/A
1764785871,82,N/A
1764785872,83,N/A
1764785873,82,N/A
1764785874,82,N/A
1764785875,81,N/A
1764785876,82,N/A
1764785877,83,N/A
1764785878,82,N/A
1764785879,82,N/A
1764785880,83,N/A
1764785881,83,N/A
1764785882,83,N/A
1764785883,82,N/A
1764785884,82,N/A
1764785885,83,N/A
1764785886,82,N/A
1764785888,82,N/A
1764785889,81,N/A
1764785890,82,N/A
1764785891,82,N/A
1764785892,83,N/A
1764785893,82,N/A
1764785894,81,N/A
1764785895,82,N/A
1764785896,83,N/A
1764785897,83,N/A
1764785898,82,N/A
1764785899,81,N/A
1764785900,82,N/A
1764785901,83,N/A
1764785902,83,N/A
1764785903,82,N/A
1764785904,82,N/A
1764785905,83,N/A
1764785906,83,N/A
1764785907,82,N/A
1764785908,82,N/A
1764785909,82,N/A
1764785910,81,N/A
1764785911,83,N/A
1764785912,82,N/A
1764785913,82,N/A
1764785914,82,N/A
1764785915,83,N/A
1764785916,83,N/A
1764785917,82,N/A
1764785918,82,N/A
1764785919,82,N/A
1764785920,83,N/A
1764785921,83,N/A
1764785922,82,N/A
1764785923,82,N/A
1764785924,83,N/A
1764785925,82,N/A
1764785927,82,N/A
1764785928,82,N/A
1764785929,83,N/A
1764785930,83,N/A
1764785931,81,N/A
1764785932,82,N/A
1764785933,82,N/A
1764785934,83,N/A
1764785935,83,N/A
1764785936,82,N/A
1764785937,82,N/A
1764785938,82,N/A
1764785939,83,N/A
1764785940,83,N/A
1764785941,83,N/A
1764785942,83,N/A
1764785943,81,N/A
1764785944,82,N/A
1764785945,82,N/A
1764785946,82,N/A
1764785947,81,N/A
1764785948,82,N/A
1764785949,82,N/A
1764785950,82,N/A
1764785951,83,N/A
1764785952,82,N/A
1764785953,82,N/A
1764785954,82,N/A
1764785955,82,N/A
1764785956,82,N/A
1764785957,83,N/A
1764785958,82,N/A
1764785959,82,N/A
1764785960,82,N/A
1764785961,82,N/A
1764785962,81,N/A
1764785963,82,N/A
1764785965,82,N/A
1764785966,83,N/A
1764785967,83,N/A
1764785968,82,N/A
1764785969,81,N/A
1764785970,82,N/A
1764785971,82,N/A
1764785972,83,N/A
1764785973,83,N/A
1764785974,82,N/A
1764785975,81,N/A
1764785976,82,N/A
1764785977,82,N/A
1764785978,83,N/A
1764785979,82,N/A
1764785980,82,N/A
1764785981,81,N/A
1764785982,81,N/A
1764785983,82,N/A
1764785984,83,N/A
1764785985,82,N/A
1764785986,82,N/A
1764785987,82,N/A
1764785988,81,N/A
1764785989,83,N/A
1764785990,83,N/A
1764785991,83,N/A
1764785992,82,N/A
1764785993,82,N/A
1764785994,82,N/A
1764785995,83,N/A
1764785996,83,N/A
1764785997,83,N/A
1764785998,82,N/A
1764785999,82,N/A
1764786000,82,N/A
1764786001,83,N/A
1764786002,83,N/A
1764786003,82,N/A
1764786005,82,N/A
1764786006,82,N/A
1764786007,82,N/A
1764786008,82,N/A
1764786009,82,N/A
1764786010,82,N/A
1764786011,82,N/A
1764786012,82,N/A
1764786013,82,N/A
1764786014,82,N/A
1764786015,80,N/A
1764786016,82,N/A
1764786017,82,N/A
1764786018,83,N/A
1764786019,82,N/A
1764786020,82,N/A
1764786021,82,N/A
1764786022,82,N/A
1764786023,82,N/A
1764786024,82,N/A
1764786025,81,N/A
1764786026,82,N/A
1764786027,82,N/A
1764786028,82,N/A
1764786029,83,N/A
1764786030,82,N/A
1764786031,82,N/A
1764786032,82,N/A
1764786033,82,N/A
1764786034,83,N/A
1764786035,83,N/A
1764786036,82,N/A
1764786037,82,N/A
1764786038,82,N/A
1764786039,83,N/A
1764786040,83,N/A
1764786041,82,N/A
1764786042,82,N/A
1764786044,82,N/A
1764786045,82,N/A
1764786046,82,N/A
1764786047,82,N/A
1764786048,82,N/A
1764786049,82,N/A
1764786050,82,N/A
1764786051,83,N/A
1764786052,83,N/A
1764786053,82,N/A
1764786054,82,N/A
1764786055,82,N/A
1764786056,82,N/A
1764786057,83,N/A
1764786058,82,N/A
1764786059,82,N/A
1764786060,82,N/A
1764786061,83,N/A
1764786062,82,N/A
1764786063,82,N/A
1764786064,82,N/A
1764786065,82,N/A
1764786066,83,N/A
1764786067,82,N/A
1764786068,82,N/A
1764786069,81,N/A
1764786070,82,N/A
1764786071,83,N/A
1764786072,83,N/A
1764786073,82,N/A
1764786074,82,N/A
1764786075,81,N/A
1764786076,83,N/A
1764786077,83,N/A
1764786078,83,N/A
1764786079,82,N/A
1764786080,81,N/A
1764786081,82,N/A
1764786082,83,N/A
1764786084,82,N/A
1764786085,82,N/A
1764786086,82,N/A
1764786087,83,N/A
1764786088,83,N/A
1764786089,83,N/A
1764786090,82,N/A
1764786091,81,N/A
1764786092,81,N/A
1764786093,83,N/A
1764786094,83,N/A
1764786095,83,N/A
1764786096,82,N/A
1764786097,82,N/A
1764786098,82,N/A
1764786099,81,N/A
1764786100,83,N/A
1764786101,83,N/A
1764786102,82,N/A
1764786103,82,N/A
1764786104,82,N/A
1764786105,81,N/A
1764786106,83,N/A
1764786107,82,N/A
1764786108,82,N/A
1764786109,82,N/A
1764786110,82,N/A
1764786111,82,N/A
1764786112,83,N/A
1764786113,82,N/A
1764786114,82,N/A
1764786115,82,N/A
1764786116,82,N/A
1764786117,83,N/A
1764786118,82,N/A
1764786119,82,N/A
1764786120,82,N/A
1764786121,82,N/A
1764786123,83,N/A
1764786124,83,N/A
1764786125,82,N/A
1764786126,83,N/A
1764786127,82,N/A
1764786128,83,N/A
1764786129,83,N/A
1764786130,83,N/A
1764786131,82,N/A
1764786132,82,N/A
1764786133,82,N/A
1764786134,83,N/A
1764786135,83,N/A
1764786136,83,N/A
1764786137,82,N/A
1764786138,82,N/A
1764786139,82,N/A
1764786140,82,N/A
1764786141,83,N/A
1764786142,83,N/A
1764786143,82,N/A
1764786144,81,N/A
1764786145,82,N/A
1764786146,82,N/A
1764786147,82,N/A
1764786148,83,N/A
1764786149,82,N/A
1764786150,82,N/A
1764786151,82,N/A
1764786152,81,N/A
1764786153,82,N/A
1764786154,82,N/A
1764786155,82,N/A
1764786156,82,N/A
1764786157,82,N/A
1764786158,82,N/A
1764786159,82,N/A
1764786160,82,N/A
1764786161,82,N/A
1764786163,82,N/A
1764786164,82,N/A
1764786165,83,N/A
1764786166,82,N/A
1764786167,83,N/A
1764786168,82,N/A
1764786169,82,N/A
1764786170,83,N/A
1764786171,83,N/A
1764786172,83,N/A
1764786173,82,N/A
1764786174,83,N/A
1764786175,82,N/A
1764786176,83,N/A
1764786177,82,N/A
1764786178,83,N/A
1764786179,82,N/A
1764786180,82,N/A
1764786181,83,N/A
1764786182,83,N/A
1764786183,83,N/A
1764786184,83,N/A
1764786185,81,N/A
1764786186,81,N/A
1764786187,82,N/A
1764786188,83,N/A
1764786189,83,N/A
1764786190,82,N/A
1764786191,81,N/A
1764786192,83,N/A
1764786193,83,N/A
1764786194,83,N/A
1764786195,82,N/A
1764786196,82,N/A
1764786197,82,N/A
1764786198,83,N/A
1764786199,83,N/A
1764786200,83,N/A
1764786202,82,N/A
1764786203,82,N/A
1764786204,83,N/A
1764786205,83,N/A
1764786206,83,N/A
1764786207,82,N/A
1764786208,82,N/A
1764786209,82,N/A
1764786210,83,N/A
1764786211,83,N/A
1764786212,83,N/A
1764786213,82,N/A
1764786214,82,N/A
1764786215,82,N/A
1764786216,82,N/A
1764786217,81,N/A
1764786218,83,N/A
1764786219,82,N/A
1764786220,82,N/A
1764786221,82,N/A
1764786222,82,N/A
1764786223,82,N/A
1764786224,82,N/A
1764786225,82,N/A
1764786226,82,N/A
1764786227,82,N/A
1764786228,82,N/A
1764786229,82,N/A
1764786230,82,N/A
1764786231,82,N/A
1764786232,82,N/A
1764786233,83,N/A
1764786234,82,N/A
1764786235,83,N/A
1764786236,82,N/A
1764786237,82,N/A
1764786238,83,N/A
1764786239,83,N/A
1764786240,83,N/A
1764786242,81,N/A
1764786243,82,N/A
1764786244,82,N/A
1764786245,82,N/A
1764786246,83,N/A
1764786247,83,N/A
1764786248,82,N/A
1764786249,82,N/A
1764786250,82,N/A
1764786251,83,N/A
1764786252,82,N/A
1764786253,83,N/A
1764786254,82,N/A
1764786255,82,N/A
1764786256,82,N/A
1764786257,82,N/A
1764786258,83,N/A
1764786259,82,N/A
1764786260,82,N/A
1764786261,81,N/A
1764786262,81,N/A
1764786263,82,N/A
1764786264,82,N/A
1764786265,83,N/A
1764786266,82,N/A
1764786267,82,N/A
1764786268,82,N/A
1764786269,83,N/A
1764786270,82,N/A
1764786271,82,N/A
1764786272,82,N/A
1764786273,82,N/A
1764786274,82,N/A
1764786275,83,N/A
1764786276,82,N/A
1764786277,82,N/A
1764786278,83,N/A
1764786279,82,N/A
1764786280,82,N/A
1764786282,82,N/A
1764786283,82,N/A
1764786284,81,N/A
1764786285,82,N/A
1764786286,82,N/A
1764786287,83,N/A
1764786288,83,N/A
1764786289,82,N/A
1764786290,82,N/A
1764786291,82,N/A
1764786292,82,N/A
1764786293,82,N/A
1764786294,82,N/A
1764786295,83,N/A
1764786296,82,N/A
1764786297,82,N/A
1764786298,82,N/A
1764786299,82,N/A
1764786300,83,N/A
1764786301,83,N/A
1764786302,82,N/A
1764786303,81,N/A
1764786304,82,N/A
1764786305,83,N/A
1764786306,83,N/A
1764786307,83,N/A
1764786308,82,N/A
1764786309,82,N/A
1764786310,82,N/A
1764786311,83,N/A
1764786312,83,N/A
1764786313,83,N/A
1764786314,82,N/A
1764786315,82,N/A
1764786316,81,N/A
1764786317,81,N/A
1764786318,83,N/A
1764786319,83,N/A
1764786321,82,N/A
1764786322,82,N/A
1764786323,82,N/A
1764786324,83,N/A
1764786325,83,N/A
1764786326,82,N/A
1764786327,82,N/A
1764786328,82,N/A
1764786329,83,N/A
1764786330,83,N/A
1764786331,83,N/A
1764786332,82,N/A
1764786333,82,N/A
1764786334,82,N/A
1764786335,83,N/A
1764786336,83,N/A
1764786337,82,N/A
1764786338,82,N/A
1764786339,83,N/A
1764786340,81,N/A
1764786341,83,N/A
1764786342,82,N/A
1764786343,83,N/A
1764786344,83,N/A
1764786345,82,N/A
1764786346,82,N/A
1764786347,82,N/A
1764786348,83,N/A
1764786349,83,N/A
1764786350,82,N/A
1764786351,82,N/A
1764786352,82,N/A
1764786353,83,N/A
1764786354,83,N/A
1764786355,83,N/A
1764786356,83,N/A
1764786357,82,N/A
1764786358,82,N/A
1764786359,83,N/A
1764786361,82,N/A
1764786362,82,N/A
1764786363,82,N/A
1764786364,82,N/A
1764786365,82,N/A
1764786366,82,N/A
1764786367,82,N/A
1764786368,82,N/A
1764786369,82,N/A
1764786370,82,N/A
1764786371,83,N/A
1764786372,83,N/A
1764786373,82,N/A
1764786374,82,N/A
1764786375,82,N/A
1764786376,82,N/A
1764786377,83,N/A
1764786378,82,N/A
1764786379,82,N/A
1764786380,82,N/A
1764786381,83,N/A
1764786382,83,N/A
1764786383,83,N/A
1764786384,82,N/A
1764786385,82,N/A
1764786386,83,N/A
1764786387,82,N/A
1764786388,81,N/A
1764786389,82,N/A
1764786390,82,N/A
1764786391,83,N/A
1764786392,82,N/A
1764786393,82,N/A
1764786394,82,N/A
1764786395,83,N/A
1764786396,83,N/A
1764786397,83,N/A
1764786398,83,N/A
1764786400,82,N/A
1764786401,82,N/A
1764786402,83,N/A
1764786403,82,N/A
1764786404,82,N/A
1764786405,82,N/A
1764786406,82,N/A
1764786407,83,N/A
1764786408,83,N/A
1764786409,82,N/A
1764786410,81,N/A
1764786411,81,N/A
1764786412,82,N/A
1764786413,83,N/A
1764786414,83,N/A
1764786415,82,N/A
1764786416,81,N/A
1764786417,83,N/A
1764786418,83,N/A
1764786419,83,N/A
1764786420,82,N/A
1764786421,82,N/A
1764786422,82,N/A
1764786423,83,N/A
1764786424,83,N/A
1764786425,82,N/A
1764786426,82,N/A
1764786427,82,N/A
1764786428,83,N/A
1764786429,82,N/A
1764786430,81,N/A
1764786431,82,N/A
1764786432,83,N/A
1764786433,82,N/A
1764786434,82,N/A
1764786435,82,N/A
1764786436,83,N/A
1764786437,83,N/A
1764786438,83,N/A
1764786440,82,N/A
1764786441,82,N/A
1764786442,82,N/A
1764786443,82,N/A
1764786444,83,N/A
1764786445,82,N/A
1764786446,82,N/A
1764786447,82,N/A
1764786448,82,N/A
1764786449,83,N/A
1764786450,82,N/A
1764786451,82,N/A
1764786452,83,N/A
1764786453,83,N/A
1764786454,82,N/A
1764786455,83,N/A
1764786456,82,N/A
1764786457,82,N/A
1764786458,83,N/A
1764786459,83,N/A
1764786460,83,N/A
1764786461,82,N/A
1764786462,82,N/A
1764786463,82,N/A
1764786464,82,N/A
1764786465,83,N/A
1764786466,83,N/A
1764786467,82,N/A
1764786468,82,N/A
1764786469,82,N/A
1764786470,82,N/A
1764786471,83,N/A
1764786472,83,N/A
1764786473,82,N/A
1764786474,82,N/A
1764786475,82,N/A
1764786476,82,N/A
1764786477,83,N/A
1764786479,83,N/A
1764786480,82,N/A
1764786481,82,N/A
1764786482,82,N/A
1764786483,83,N/A
1764786484,82,N/A
1764786485,83,N/A
1764786486,82,N/A
1764786487,82,N/A
1764786488,82,N/A
1764786489,82,N/A
1764786490,82,N/A
1764786491,82,N/A
1764786492,82,N/A
1764786493,82,N/A
1764786494,82,N/A
1764786495,82,N/A
1764786496,82,N/A
1764786497,81,N/A
1764786498,81,N/A
1764786499,82,N/A
1764786500,81,N/A
1764786501,82,N/A
1764786502,81,N/A
1764786503,82,N/A
1764786504,82,N/A
1764786505,82,N/A
1764786506,83,N/A
1764786507,82,N/A
1764786508,82,N/A
1764786509,82,N/A
1764786510,83,N/A
1764786511,83,N/A
1764786512,82,N/A
1764786513,81,N/A
1764786514,82,N/A
1764786515,83,N/A
1764786516,83,N/A
1764786518,82,N/A
1764786519,82,N/A
1764786520,81,N/A
1764786521,83,N/A
1764786522,83,N/A
1764786523,82,N/A
1764786524,82,N/A
1764786525,82,N/A
1764786526,83,N/A
1764786527,83,N/A
1764786528,82,N/A
1764786529,82,N/A
1764786530,82,N/A
1764786531,83,N/A
1764786532,83,N/A
1764786533,83,N/A
1764786534,82,N/A
1764786535,82,N/A
1764786536,82,N/A
1764786537,82,N/A
1764786538,83,N/A
1764786539,83,N/A
1764786540,82,N/A
1764786541,82,N/A
1764786542,82,N/A
1764786543,82,N/A
1764786544,82,N/A
1764786545,82,N/A
1764786546,83,N/A
1764786547,82,N/A
1764786548,82,N/A
1764786549,83,N/A
1764786550,83,N/A
1764786551,81,N/A
1764786552,82,N/A
1764786553,82,N/A
1764786554,82,N/A
1764786555,82,N/A
1764786556,82,N/A
1764786558,83,N/A
1764786559,82,N/A
1764786560,82,N/A
1764786561,82,N/A
1764786562,82,N/A
1764786563,83,N/A
1764786564,83,N/A
1764786565,81,N/A
1764786566,81,N/A
1764786567,82,N/A
1764786568,83,N/A
1764786569,82,N/A
1764786570,82,N/A
1764786571,82,N/A
1764786572,82,N/A
1764786573,82,N/A
1764786574,83,N/A
1764786575,83,N/A
1764786576,82,N/A
1764786577,82,N/A
1764786578,82,N/A
1764786579,82,N/A
1764786580,83,N/A
1764786581,82,N/A
1764786582,82,N/A
1764786583,82,N/A
1764786584,82,N/A
1764786585,82,N/A
1764786586,83,N/A
1764786587,83,N/A
1764786588,82,N/A
1764786589,82,N/A
1764786590,82,N/A
1764786591,83,N/A
1764786592,82,N/A
1764786593,82,N/A
1764786594,82,N/A
1764786595,82,N/A
1764786597,82,N/A
1764786598,82,N/A
1764786599,81,N/A
1764786600,82,N/A
1764786601,82,N/A
1764786602,83,N/A
1764786603,82,N/A
1764786604,82,N/A
1764786605,82,N/A
1764786606,83,N/A
1764786607,83,N/A
1764786608,83,N/A
1764786609,82,N/A
1764786610,82,N/A
1764786611,83,N/A
1764786612,83,N/A
1764786613,83,N/A
1764786614,82,N/A
1764786615,81,N/A
1764786616,82,N/A
1764786617,83,N/A
1764786618,83,N/A
1764786619,82,N/A
1764786620,82,N/A
1764786621,81,N/A
1764786622,83,N/A
1764786623,83,N/A
1764786624,82,N/A
1764786625,82,N/A
1764786626,82,N/A
1764786627,83,N/A
1764786628,82,N/A
1764786629,82,N/A
1764786630,82,N/A
1764786631,82,N/A
1764786632,83,N/A
1764786633,82,N/A
1764786635,82,N/A
1764786636,83,N/A
1764786637,83,N/A
1764786638,83,N/A
1764786639,82,N/A
1764786640,82,N/A
1764786641,82,N/A
1764786642,83,N/A
1764786643,82,N/A
1764786644,82,N/A
1764786645,82,N/A
1764786646,82,N/A
1764786647,83,N/A
1764786648,83,N/A
1764786649,82,N/A
1764786650,82,N/A
1764786651,82,N/A
1764786652,82,N/A
1764786653,82,N/A
1764786654,83,N/A
1764786655,82,N/A
1764786656,82,N/A
1764786657,82,N/A
1764786658,82,N/A
1764786659,82,N/A
1764786660,83,N/A
1764786661,83,N/A
1764786662,82,N/A
1764786663,82,N/A
1764786664,82,N/A
1764786665,83,N/A
1764786666,83,N/A
1764786667,82,N/A
1764786668,82,N/A
1764786669,81,N/A
1764786670,82,N/A
1764786671,83,N/A
1764786672,83,N/A
1764786673,82,N/A
1764786675,82,N/A
1764786676,82,N/A
1764786677,83,N/A
1764786678,82,N/A
1764786679,81,N/A
1764786680,82,N/A
1764786681,82,N/A
1764786682,82,N/A
1764786683,82,N/A
1764786684,83,N/A
1764786685,82,N/A
1764786686,82,N/A
1764786687,82,N/A
1764786688,82,N/A
1764786689,82,N/A
1764786690,83,N/A
1764786691,81,N/A
1764786692,81,N/A
1764786693,82,N/A
1764786694,82,N/A
1764786695,82,N/A
1764786696,83,N/A
1764786697,82,N/A
1764786698,81,N/A
1764786699,82,N/A
1764786700,82,N/A
1764786701,83,N/A
1764786702,83,N/A
1764786703,82,N/A
1764786704,82,N/A
1764786705,82,N/A
1764786706,82,N/A
1764786707,82,N/A
1764786708,83,N/A
1764786709,82,N/A
1764786710,82,N/A
1764786711,83,N/A
1764786712,83,N/A
1764786714,83,N/A
1764786715,83,N/A
1764786716,82,N/A
1764786717,82,N/A
1764786718,81,N/A
1764786719,83,N/A
1764786720,83,N/A
1764786721,83,N/A
1764786722,82,N/A
1764786723,82,N/A
1764786724,81,N/A
1764786725,83,N/A
1764786726,83,N/A
1764786727,82,N/A
1764786728,82,N/A
1764786729,82,N/A
1764786730,82,N/A
1764786731,81,N/A
1764786732,82,N/A
1764786733,82,N/A
1764786734,82,N/A
1764786735,82,N/A
1764786736,82,N/A
1764786737,81,N/A
1764786738,82,N/A
1764786739,82,N/A
1764786740,82,N/A
1764786741,82,N/A
1764786742,83,N/A
1764786743,83,N/A
1764786744,82,N/A
1764786745,82,N/A
1764786746,82,N/A
1764786747,83,N/A
1764786748,83,N/A
1764786749,82,N/A
1764786750,82,N/A
1764786751,82,N/A
1764786752,82,N/A
1764786754,83,N/A
1764786755,83,N/A
1764786756,83,N/A
1764786757,82,N/A
1764786758,82,N/A
1764786759,83,N/A
1764786760,83,N/A
1764786761,83,N/A
1764786762,82,N/A
1764786763,82,N/A
1764786764,82,N/A
1764786765,82,N/A
1764786766,83,N/A
1764786767,83,N/A
1764786768,82,N/A
1764786769,82,N/A
1764786770,82,N/A
1764786771,82,N/A
1764786772,82,N/A
1764786773,82,N/A
1764786774,82,N/A
1764786775,82,N/A
1764786776,82,N/A
1764786777,82,N/A
1764786778,83,N/A
1764786779,82,N/A
1764786780,82,N/A
1764786781,82,N/A
1764786782,82,N/A
1764786783,82,N/A
1764786784,82,N/A
1764786785,82,N/A
1764786786,82,N/A
1764786787,82,N/A
1764786788,83,N/A
1764786789,82,N/A
1764786790,82,N/A
1764786791,82,N/A
1764786793,82,N/A
1764786794,83,N/A
1764786795,83,N/A
1764786796,83,N/A
1764786797,82,N/A
1764786798,83,N/A
1764786799,82,N/A
1764786800,82,N/A
1764786801,83,N/A
1764786802,82,N/A
1764786803,82,N/A
1764786804,82,N/A
1764786805,82,N/A
1764786806,83,N/A
1764786807,83,N/A
1764786808,83,N/A
1764786809,82,N/A
1764786810,82,N/A
1764786811,82,N/A
1764786812,82,N/A
1764786813,81,N/A
1764786814,83,N/A
1764786815,83,N/A
1764786816,83,N/A
1764786817,83,N/A
1764786818,82,N/A
1764786819,82,N/A
1764786820,82,N/A
1764786821,82,N/A
1764786822,81,N/A
1764786823,82,N/A
1764786824,82,N/A
1764786825,82,N/A
1764786826,82,N/A
1764786827,82,N/A
1764786828,83,N/A
1764786829,82,N/A
1764786831,83,N/A
1764786832,82,N/A
1764786833,82,N/A
1764786834,83,N/A
1764786835,83,N/A
1764786836,83,N/A
1764786837,82,N/A
1764786838,83,N/A
1764786839,82,N/A
1764786840,82,N/A
1764786841,82,N/A
1764786842,83,N/A
1764786843,82,N/A
1764786844,83,N/A
1764786845,81,N/A
1764786846,82,N/A
1764786847,82,N/A
1764786848,82,N/A
1764786849,83,N/A
1764786850,83,N/A
1764786851,83,N/A
1764786852,82,N/A
1764786853,82,N/A
1764786854,82,N/A
1764786855,82,N/A
1764786856,82,N/A
1764786857,83,N/A
1764786858,83,N/A
1764786859,82,N/A
1764786860,82,N/A
1764786861,82,N/A
1764786862,82,N/A
1764786863,83,N/A
1764786864,82,N/A
1764786865,82,N/A
1764786866,82,N/A
1764786867,82,N/A
1764786868,82,N/A
1764786870,82,N/A
1764786871,82,N/A
1764786872,83,N/A
1764786873,82,N/A
1764786874,81,N/A
1764786875,82,N/A
1764786876,82,N/A
1764786877,82,N/A
1764786878,83,N/A
1764786879,83,N/A
1764786880,82,N/A
1764786881,82,N/A
1764786882,81,N/A
1764786883,82,N/A
1764786884,83,N/A
1764786885,83,N/A
1764786886,83,N/A
1764786887,82,N/A
1764786888,82,N/A
1764786889,81,N/A
1764786890,81,N/A
1764786891,82,N/A
1764786892,83,N/A
1764786893,83,N/A
1764786894,83,N/A
1764786895,82,N/A
1764786896,81,N/A
1764786897,81,N/A
1764786898,82,N/A
1764786899,83,N/A
1764786900,83,N/A
1764786901,83,N/A
1764786902,82,N/A
1764786903,82,N/A
1764786904,82,N/A
1764786905,82,N/A
1764786906,83,N/A
1764786907,83,N/A
1764786909,82,N/A
1764786910,82,N/A
1764786911,82,N/A
1764786912,82,N/A
1764786913,81,N/A
1764786914,83,N/A
1764786915,82,N/A
1764786916,83,N/A
1764786917,82,N/A
1764786918,82,N/A
1764786919,82,N/A
1764786920,82,N/A
1764786921,82,N/A
1764786922,82,N/A
1764786923,82,N/A
1764786924,83,N/A
1764786925,83,N/A
1764786926,81,N/A
1764786927,82,N/A
1764786928,82,N/A
1764786929,83,N/A
1764786930,83,N/A
1764786931,83,N/A
1764786932,82,N/A
1764786933,82,N/A
1764786934,82,N/A
1764786935,82,N/A
1764786936,82,N/A
1764786937,83,N/A
1764786938,82,N/A
1764786939,82,N/A
1764786940,82,N/A
1764786941,82,N/A
1764786942,82,N/A
1764786943,83,N/A
1764786944,83,N/A
1764786945,82,N/A
1764786946,82,N/A
1764786947,82,N/A
1764786949,82,N/A
1764786950,82,N/A
1764786951,83,N/A
1764786952,83,N/A
1764786953,82,N/A
1764786954,81,N/A
1764786955,82,N/A
1764786956,82,N/A
1764786957,82,N/A
1764786958,83,N/A
1764786959,82,N/A
1764786960,82,N/A
1764786961,82,N/A
1764786962,82,N/A
1764786963,82,N/A
1764786964,82,N/A
1764786965,82,N/A
1764786966,82,N/A
1764786967,82,N/A
1764786968,82,N/A
1764786969,83,N/A
1764786970,83,N/A
1764786971,83,N/A
1764786972,82,N/A
1764786973,82,N/A
1764786974,82,N/A
1764786975,82,N/A
1764786976,83,N/A
1764786977,83,N/A
1764786978,82,N/A
1764786979,82,N/A
1764786980,82,N/A
1764786981,83,N/A
1764786982,83,N/A
1764786983,82,N/A
1764786984,82,N/A
1764786985,82,N/A
1764786986,83,N/A
1764786988,82,N/A
1764786989,82,N/A
1764786990,81,N/A
1764786991,83,N/A
1764786992,83,N/A
1764786993,83,N/A
1764786994,82,N/A
1764786995,82,N/A
1764786996,83,N/A
1764786997,83,N/A
1764786998,83,N/A
1764786999,82,N/A
1764787000,82,N/A
1764787001,83,N/A
1764787002,83,N/A
1764787003,83,N/A
1764787004,82,N/A
1764787005,81,N/A
1764787006,81,N/A
1764787007,83,N/A
1764787008,83,N/A
1764787009,82,N/A
1764787010,82,N/A
1764787011,82,N/A
1764787012,83,N/A
1764787013,83,N/A
1764787014,82,N/A
1764787015,82,N/A
1764787016,82,N/A
1764787017,83,N/A
1764787018,83,N/A
1764787019,82,N/A
1764787020,82,N/A
1764787021,82,N/A
1764787022,82,N/A
1764787023,83,N/A
1764787024,83,N/A
1764787025,82,N/A
1764787026,82,N/A
1764787028,83,N/A
1764787029,81,N/A
1764787030,83,N/A
1764787031,82,N/A
1764787032,82,N/A
1764787033,82,N/A
1764787034,83,N/A
1764787035,82,N/A
1764787036,82,N/A
1764787037,82,N/A
1764787038,82,N/A
1764787039,83,N/A
1764787040,83,N/A
1764787041,82,N/A
1764787042,82,N/A
1764787043,82,N/A
1764787044,82,N/A
1764787045,83,N/A
1764787046,83,N/A
1764787047,82,N/A
1764787048,82,N/A
1764787049,82,N/A
1764787050,82,N/A
1764787051,83,N/A
1764787052,82,N/A
1764787053,82,N/A
1764787054,80,N/A
1764787055,82,N/A
1764787056,82,N/A
1764787057,83,N/A
1764787058,83,N/A
1764787059,82,N/A
1764787060,82,N/A
1764787061,82,N/A
1764787062,82,N/A
1764787063,83,N/A
1764787064,83,N/A
1764787065,82,N/A
1764787067,82,N/A
1764787068,82,N/A
1764787069,82,N/A
1764787070,82,N/A
1764787071,83,N/A
1764787072,83,N/A
1764787073,82,N/A
1764787074,82,N/A
1764787075,82,N/A
1764787076,82,N/A
1764787077,82,N/A
1764787078,82,N/A
1764787079,82,N/A
1764787080,82,N/A
1764787081,82,N/A
1764787082,83,N/A
1764787083,82,N/A
1764787084,81,N/A
1764787085,82,N/A
1764787086,82,N/A
1764787087,82,N/A
1764787088,82,N/A
1764787089,82,N/A
1764787090,82,N/A
1764787091,81,N/A
1764787092,82,N/A
1764787093,82,N/A
1764787094,83,N/A
1764787095,82,N/A
1764787096,82,N/A
1764787097,81,N/A
1764787098,83,N/A
1764787099,83,N/A
1764787100,83,N/A
1764787101,82,N/A
1764787102,82,N/A
1764787103,82,N/A
1764787104,83,N/A
1764787105,83,N/A
1764787107,83,N/A
1764787108,82,N/A
1764787109,82,N/A
1764787110,83,N/A
1764787111,83,N/A
1764787112,83,N/A
1764787113,82,N/A
1764787114,82,N/A
1764787115,82,N/A
1764787116,82,N/A
1764787117,83,N/A
1764787118,82,N/A
1764787119,82,N/A
1764787120,82,N/A
1764787121,82,N/A
1764787122,83,N/A
1764787123,82,N/A
1764787124,78,N/A
1764787125,83,N/A
1764787126,82,N/A
1764787127,82,N/A
1764787128,82,N/A
1764787129,83,N/A
1764787130,82,N/A
1764787131,82,N/A
1764787132,82,N/A
1764787133,82,N/A
1764787134,82,N/A
1764787135,83,N/A
1764787136,81,N/A
1764787137,83,N/A
1764787138,82,N/A
1764787139,82,N/A
1764787140,82,N/A
1764787141,83,N/A
1764787142,82,N/A
1764787143,82,N/A
1764787144,82,N/A
1764787146,82,N/A
1764787147,83,N/A
1764787148,83,N/A
1764787149,82,N/A
1764787150,82,N/A
1764787151,82,N/A
1764787152,83,N/A
1764787153,83,N/A
1764787154,82,N/A
1764787155,82,N/A
1764787156,82,N/A
1764787157,82,N/A
1764787158,83,N/A
1764787159,82,N/A
1764787160,82,N/A
1764787161,81,N/A
1764787162,82,N/A
1764787163,82,N/A
1764787164,83,N/A
1764787165,83,N/A
1764787166,82,N/A
1764787167,82,N/A
1764787168,82,N/A
1764787169,82,N/A
1764787170,82,N/A
1764787171,82,N/A
1764787172,82,N/A
1764787173,82,N/A
1764787174,82,N/A
1764787175,83,N/A
1764787176,83,N/A
1764787177,82,N/A
1764787178,82,N/A
1764787179,82,N/A
1764787180,82,N/A
1764787181,82,N/A
1764787182,83,N/A
1764787183,82,N/A
1764787185,82,N/A
1764787186,82,N/A
1764787187,83,N/A
1764787188,82,N/A
1764787189,83,N/A
1764787190,81,N/A
1764787191,82,N/A
1764787192,83,N/A
1764787193,82,N/A
1764787194,82,N/A
1764787195,82,N/A
1764787196,81,N/A
1764787197,82,N/A
1764787198,82,N/A
1764787199,83,N/A
1764787200,83,N/A
1764787201,82,N/A
1764787202,82,N/A
1764787203,81,N/A
1764787204,83,N/A
1764787205,83,N/A
1764787206,83,N/A
1764787207,83,N/A
1764787208,82,N/A
1764787209,82,N/A
1764787210,82,N/A
1764787211,83,N/A
1764787212,83,N/A
1764787213,82,N/A
1764787214,82,N/A
1764787215,82,N/A
1764787216,81,N/A
1764787217,81,N/A
1764787218,82,N/A
1764787219,82,N/A
1764787220,82,N/A
1764787221,82,N/A
1764787222,82,N/A
1764787224,82,N/A
1764787225,83,N/A
1764787226,82,N/A
1764787227,82,N/A
1764787228,82,N/A
1764787229,83,N/A
1764787230,83,N/A
1764787231,81,N/A
1764787232,83,N/A
1764787233,82,N/A
1764787234,83,N/A
1764787235,83,N/A
1764787236,82,N/A
1764787237,83,N/A
1764787238,82,N/A
1764787239,82,N/A
1764787240,83,N/A
1764787241,83,N/A
1764787242,83,N/A
1764787243,82,N/A
1764787244,82,N/A
1764787245,82,N/A
1764787246,82,N/A
1764787247,83,N/A
1764787248,83,N/A
1764787249,82,N/A
1764787250,82,N/A
1764787251,82,N/A
1764787252,82,N/A
1764787253,82,N/A
1764787254,83,N/A
1764787255,83,N/A
1764787256,82,N/A
1764787257,82,N/A
1764787258,82,N/A
1764787259,83,N/A
1764787260,83,N/A
1764787261,82,N/A
1764787262,80,N/A
1764787264,81,N/A
1764787265,83,N/A
1764787266,82,N/A
1764787267,82,N/A
1764787268,82,N/A
1764787269,82,N/A
1764787270,83,N/A
1764787271,82,N/A
1764787272,82,N/A
1764787273,82,N/A
1764787274,82,N/A
1764787275,83,N/A
1764787276,82,N/A
1764787277,82,N/A
1764787278,82,N/A
1764787279,82,N/A
1764787280,83,N/A
1764787281,82,N/A
1764787282,82,N/A
1764787283,82,N/A
1764787284,82,N/A
1764787285,83,N/A
1764787286,83,N/A
1764787287,82,N/A
1764787288,82,N/A
1764787289,82,N/A
1764787290,83,N/A
1764787291,82,N/A
1764787292,83,N/A
1764787293,83,N/A
1764787294,82,N/A
1764787295,81,N/A
1764787296,81,N/A
1764787297,83,N/A
1764787298,83,N/A
1764787299,83,N/A
1764787300,82,N/A
1764787301,81,N/A
1764787303,81,N/A
1764787304,82,N/A
1764787305,83,N/A
1764787306,83,N/A
1764787307,82,N/A
1764787308,82,N/A
1764787309,82,N/A
1764787310,83,N/A
1764787311,83,N/A
1764787312,82,N/A
1764787313,82,N/A
1764787314,82,N/A
1764787315,81,N/A
1764787316,83,N/A
1764787317,83,N/A
1764787318,82,N/A
1764787319,82,N/A
1764787320,82,N/A
1764787321,83,N/A
1764787322,83,N/A
1764787323,82,N/A
1764787324,82,N/A
1764787325,82,N/A
1764787326,82,N/A
1764787327,81,N/A
1764787328,83,N/A
1764787329,82,N/A
1764787330,83,N/A
1764787331,82,N/A
1764787332,82,N/A
1764787333,82,N/A
1764787334,82,N/A
1764787335,83,N/A
1764787336,83,N/A
1764787337,82,N/A
1764787338,81,N/A
1764787339,82,N/A
1764787340,82,N/A
1764787342,83,N/A
1764787343,83,N/A
1764787344,83,N/A
1764787345,82,N/A
1764787346,82,N/A
1764787347,82,N/A
1764787348,82,N/A
1764787349,82,N/A
1764787350,83,N/A
1764787351,82,N/A
1764787352,82,N/A
1764787353,82,N/A
1764787354,82,N/A
1764787355,82,N/A
1764787356,83,N/A
1764787357,82,N/A
1764787358,82,N/A
1764787359,82,N/A
1764787360,82,N/A
1764787361,82,N/A
1764787362,82,N/A
1764787363,83,N/A
1764787364,83,N/A
1764787365,82,N/A
1764787366,82,N/A
1764787367,83,N/A
1764787368,83,N/A
1764787369,83,N/A
1764787370,82,N/A
1764787371,82,N/A
1764787372,82,N/A
1764787373,83,N/A
1764787374,82,N/A
1764787375,82,N/A
1764787376,82,N/A
1764787377,82,N/A
1764787378,83,N/A
1764787379,82,N/A
1764787380,82,N/A
1764787382,82,N/A
1764787383,82,N/A
1764787384,83,N/A
1764787385,83,N/A
1764787386,82,N/A
1764787387,82,N/A
1764787388,82,N/A
1764787389,83,N/A
1764787390,83,N/A
1764787391,83,N/A
1764787392,82,N/A
1764787393,83,N/A
1764787394,83,N/A
1764787395,83,N/A
1764787396,83,N/A
1764787397,82,N/A
1764787398,82,N/A
1764787399,82,N/A
1764787400,82,N/A
1764787401,80,N/A
1764787402,82,N/A
1764787403,83,N/A
1764787404,83,N/A
1764787405,83,N/A
1764787406,82,N/A
1764787407,82,N/A
1764787408,81,N/A
1764787409,83,N/A
1764787410,83,N/A
1764787411,83,N/A
1764787412,83,N/A
1764787413,82,N/A
1764787414,82,N/A
1764787415,82,N/A
1764787416,83,N/A
1764787417,83,N/A
1764787418,82,N/A
1764787419,81,N/A
1764787420,82,N/A
1764787422,82,N/A
1764787423,83,N/A
1764787424,82,N/A
1764787425,82,N/A
1764787426,81,N/A
1764787427,82,N/A
1764787428,82,N/A
1764787429,81,N/A
1764787430,83,N/A
1764787431,82,N/A
1764787432,82,N/A
1764787433,82,N/A
1764787434,83,N/A
1764787435,82,N/A
1764787436,83,N/A
1764787437,82,N/A
1764787438,82,N/A
1764787439,82,N/A
1764787440,83,N/A
1764787441,81,N/A
1764787442,83,N/A
1764787443,82,N/A
1764787444,82,N/A
1764787445,83,N/A
1764787446,83,N/A
1764787447,83,N/A
1764787448,82,N/A
1764787449,82,N/A
1764787450,82,N/A
1764787451,82,N/A
1764787452,83,N/A
1764787453,83,N/A
1764787454,82,N/A
1764787455,82,N/A
1764787456,82,N/A
1764787457,82,N/A
1764787458,83,N/A
1764787459,83,N/A
1764787461,82,N/A
1764787462,82,N/A
1764787463,82,N/A
1764787464,82,N/A
1764787465,83,N/A
1764787466,82,N/A
1764787467,82,N/A
1764787468,82,N/A
1764787469,82,N/A
1764787470,82,N/A
1764787471,82,N/A
1764787472,82,N/A
1764787473,82,N/A
1764787474,82,N/A
1764787475,82,N/A
1764787476,83,N/A
1764787477,82,N/A
1764787478,82,N/A
1764787479,82,N/A
1764787480,82,N/A
1764787481,82,N/A
1764787482,82,N/A
1764787483,82,N/A
1764787484,82,N/A
1764787485,83,N/A
1764787486,83,N/A
1764787487,82,N/A
1764787488,82,N/A
1764787489,82,N/A
1764787490,82,N/A
1764787491,82,N/A
1764787492,82,N/A
1764787493,82,N/A
1764787494,82,N/A
1764787495,82,N/A
1764787496,81,N/A
1764787497,82,N/A
1764787498,82,N/A
1764787500,83,N/A
1764787501,82,N/A
1764787502,82,N/A
1764787503,81,N/A
1764787504,82,N/A
1764787505,82,N/A
1764787506,83,N/A
1764787507,83,N/A
1764787508,83,N/A
1764787509,82,N/A
1764787510,82,N/A
1764787511,82,N/A
1764787512,83,N/A
1764787513,83,N/A
1764787514,82,N/A
1764787515,82,N/A
1764787516,82,N/A
1764787517,83,N/A
1764787518,83,N/A
1764787519,83,N/A
1764787520,82,N/A
1764787521,82,N/A
1764787522,82,N/A
1764787523,83,N/A
1764787524,83,N/A
1764787525,82,N/A
1764787526,82,N/A
1764787527,83,N/A
1764787528,82,N/A
1764787529,82,N/A
1764787530,82,N/A
1764787531,82,N/A
1764787532,82,N/A
1764787533,83,N/A
1764787534,82,N/A
1764787535,82,N/A
1764787536,82,N/A
1764787537,83,N/A
1764787539,82,N/A
1764787540,79,N/A
1764787541,82,N/A
1764787542,82,N/A
1764787543,82,N/A
1764787544,83,N/A
1764787545,83,N/A
1764787546,83,N/A
1764787547,82,N/A
1764787548,82,N/A
1764787549,82,N/A
1764787550,83,N/A
1764787551,83,N/A
1764787552,82,N/A
1764787553,82,N/A
1764787554,82,N/A
1764787555,82,N/A
1764787556,83,N/A
1764787557,82,N/A
1764787558,82,N/A
1764787559,82,N/A
1764787560,82,N/A
1764787561,82,N/A
1764787562,83,N/A
1764787563,82,N/A
1764787564,82,N/A
1764787565,82,N/A
1764787566,82,N/A
1764787567,81,N/A
1764787568,82,N/A
1764787569,82,N/A
1764787570,82,N/A
1764787571,82,N/A
1764787572,82,N/A
1764787573,82,N/A
1764787574,82,N/A
1764787575,82,N/A
1764787576,82,N/A
1764787578,82,N/A
1764787579,81,N/A
1764787580,82,N/A
1764787581,82,N/A
1764787582,83,N/A
1764787583,82,N/A
1764787584,81,N/A
1764787585,82,N/A
1764787586,82,N/A
1764787587,83,N/A
1764787588,83,N/A
1764787589,82,N/A
1764787590,81,N/A
1764787591,82,N/A
1764787592,82,N/A
1764787593,83,N/A
1764787594,83,N/A
1764787595,82,N/A
1764787596,81,N/A
1764787597,82,N/A
1764787598,83,N/A
1764787599,83,N/A
1764787600,83,N/A
1764787601,82,N/A
1764787602,82,N/A
1764787603,83,N/A
1764787604,83,N/A
1764787605,83,N/A
1764787606,82,N/A
1764787607,81,N/A
1764787608,82,N/A
1764787609,83,N/A
1764787610,83,N/A
1764787611,82,N/A
1764787612,82,N/A
1764787613,82,N/A
1764787614,83,N/A
1764787615,83,N/A
1764787616,83,N/A
1764787618,82,N/A
1764787619,82,N/A
1764787620,82,N/A
1764787621,81,N/A
1764787622,83,N/A
1764787623,83,N/A
1764787624,82,N/A
1764787625,82,N/A
1764787626,82,N/A
1764787627,82,N/A
1764787628,82,N/A
1764787629,83,N/A
1764787630,82,N/A
1764787631,82,N/A
1764787632,82,N/A
1764787633,82,N/A
1764787634,82,N/A
1764787635,82,N/A
1764787636,82,N/A
1764787637,82,N/A
1764787638,82,N/A
1764787639,83,N/A
1764787640,83,N/A
1764787641,83,N/A
1764787642,82,N/A
1764787643,82,N/A
1764787644,82,N/A
1764787645,83,N/A
1764787646,83,N/A
1764787647,83,N/A
1764787648,83,N/A
1764787649,82,N/A
1764787650,83,N/A
1764787651,83,N/A
1764787652,83,N/A
1764787653,83,N/A
1764787654,81,N/A
1764787655,82,N/A
1764787657,82,N/A
1764787658,83,N/A
1764787659,83,N/A
1764787660,82,N/A
1764787661,82,N/A
1764787662,82,N/A
1764787663,82,N/A
1764787664,82,N/A
1764787665,83,N/A
1764787666,82,N/A
1764787667,82,N/A
1764787668,82,N/A
1764787669,82,N/A
1764787670,83,N/A
1764787671,81,N/A
1764787672,82,N/A
1764787673,82,N/A
1764787674,82,N/A
1764787675,83,N/A
1764787676,82,N/A
1764787677,82,N/A
1764787678,82,N/A
1764787679,82,N/A
1764787680,82,N/A
1764787681,82,N/A
1764787682,82,N/A
1764787683,83,N/A
1764787684,82,N/A
1764787685,81,N/A
1764787686,82,N/A
1764787687,83,N/A
1764787688,83,N/A
1764787689,83,N/A
1764787690,82,N/A
1764787691,81,N/A
1764787692,82,N/A
1764787693,82,N/A
1764787694,83,N/A
1764787696,83,N/A
1764787697,82,N/A
1764787698,82,N/A
1764787699,81,N/A
1764787700,82,N/A
1764787701,83,N/A
1764787702,83,N/A
1764787703,83,N/A
1764787704,82,N/A
1764787705,82,N/A
1764787706,83,N/A
1764787707,83,N/A
1764787708,83,N/A
1764787709,83,N/A
1764787710,82,N/A
1764787711,82,N/A
1764787712,82,N/A
1764787713,83,N/A
1764787714,83,N/A
1764787715,82,N/A
1764787716,82,N/A
1764787717,82,N/A
1764787718,81,N/A
1764787719,83,N/A
1764787720,82,N/A
1764787721,82,N/A
1764787722,82,N/A
1764787723,81,N/A
1764787724,83,N/A
1764787725,82,N/A
1764787726,82,N/A
1764787727,82,N/A
1764787728,82,N/A
1764787729,83,N/A
1764787730,82,N/A
1764787731,82,N/A
1764787732,83,N/A
1764787733,82,N/A
1764787734,83,N/A
1764787736,82,N/A
1764787737,82,N/A
1764787738,82,N/A
1764787739,82,N/A
1764787740,83,N/A
1764787741,81,N/A
1764787742,82,N/A
1764787743,82,N/A
1764787744,82,N/A
1764787745,83,N/A
1764787746,82,N/A
1764787747,82,N/A
1764787748,81,N/A
1764787749,82,N/A
1764787750,82,N/A
1764787751,83,N/A
1764787752,83,N/A
1764787753,82,N/A
1764787754,82,N/A
1764787755,82,N/A
1764787756,82,N/A
1764787757,83,N/A
1764787758,83,N/A
1764787759,82,N/A
1764787760,82,N/A
1764787761,82,N/A
1764787762,83,N/A
1764787763,83,N/A
1764787764,82,N/A
1764787765,82,N/A
1764787766,82,N/A
1764787767,82,N/A
1764787768,82,N/A
1764787769,82,N/A
1764787770,82,N/A
1764787771,82,N/A
1764787772,82,N/A
1764787773,83,N/A
1764787775,82,N/A
1764787776,82,N/A
1764787777,82,N/A
1764787778,82,N/A
1764787779,82,N/A
1764787780,82,N/A
1764787781,82,N/A
1764787782,81,N/A
1764787783,82,N/A
1764787784,82,N/A
1764787785,83,N/A
1764787786,82,N/A
1764787787,83,N/A
1764787788,81,N/A
1764787789,81,N/A
1764787790,82,N/A
1764787791,83,N/A
1764787792,83,N/A
1764787793,82,N/A
1764787794,81,N/A
1764787795,81,N/A
1764787796,83,N/A
1764787797,83,N/A
1764787798,83,N/A
1764787799,82,N/A
1764787800,82,N/A
1764787801,82,N/A
1764787802,83,N/A
1764787803,83,N/A
1764787804,82,N/A
1764787805,82,N/A
1764787806,82,N/A
1764787807,82,N/A
1764787808,83,N/A
1764787809,83,N/A
1764787810,83,N/A
1764787811,82,N/A
1764787813,82,N/A
1764787814,82,N/A
1764787815,82,N/A
1764787816,82,N/A
1764787817,79,N/A
1764787818,78,N/A
1764787819,76,N/A
1764787820,76,N/A
1764787821,75,N/A
1764787822,75,N/A
1764787823,74,N/A
1764787824,74,N/A
1764787825,74,N/A
1764787826,73,N/A
1764787827,73,N/A
1764787828,73,N/A
1764787829,72,N/A
1764787830,72,N/A
1764787831,72,N/A
1764787832,72,N/A
1764787833,71,N/A
1764787834,71,N/A
1764787835,68,N/A
1764787836,68,N/A
1764787837,68,N/A
1764787838,67,N/A
1764787839,68,N/A
1764787841,68,N/A
1764787843,67,N/A
1764787844,68,N/A
1764787845,68,N/A
1764787846,72,N/A
1764787847,74,N/A
1764787849,75,N/A
1764787850,76,N/A
1764787851,76,N/A
1764787852,77,N/A
1764787853,77,N/A
1764787854,77,N/A
1764787855,78,N/A
1764787856,78,N/A
1764787857,79,N/A
1764787858,79,N/A
1764787859,79,N/A
1764787860,79,N/A
1764787861,80,N/A
1764787862,80,N/A
1764787863,80,N/A
1764787864,80,N/A
1764787865,81,N/A
1764787866,81,N/A
1764787867,81,N/A
1764787868,81,N/A
1764787869,82,N/A
1764787870,81,N/A
1764787871,82,N/A
1764787872,82,N/A
1764787873,82,N/A
1764787874,82,N/A
1764787875,82,N/A
1764787876,82,N/A
1764787877,82,N/A
1764787878,82,N/A
1764787879,82,N/A
1764787880,83,N/A
1764787881,82,N/A
1764787882,82,N/A
1764787883,82,N/A
1764787884,82,N/A
1764787885,82,N/A
1764787887,83,N/A
1764787888,83,N/A
1764787889,83,N/A
1764787890,83,N/A
1764787891,83,N/A
1764787892,83,N/A
1764787893,83,N/A
1764787894,83,N/A
1764787895,83,N/A
1764787896,84,N/A
1764787897,84,N/A
1764787898,83,N/A
1764787899,83,N/A
1764787900,83,N/A
1764787901,80,N/A
1764787902,83,N/A
1764787903,83,N/A
1764787904,83,N/A
1764787905,82,N/A
1764787906,83,N/A
1764787907,83,N/A
1764787908,82,N/A
1764787909,83,N/A
1764787910,82,N/A
1764787911,80,N/A
1764787912,79,N/A
1764787913,76,N/A
1764787915,75,N/A
1764787917,75,N/A
1764787918,75,N/A
1764787919,75,N/A
1764787920,75,N/A
1764787921,74,N/A
1764787922,74,N/A
